"STATION","DATE","LATITUDE","LONGITUDE","ELEVATION","NAME","REPORT_TYPE","SOURCE","HourlyAltimeterSetting","HourlyDewPointTemperature","HourlyDryBulbTemperature","HourlyPrecipitation","HourlyPresentWeatherType","HourlyPressureChange","HourlyPressureTendency","HourlyRelativeHumidity","HourlySkyConditions","HourlySeaLevelPressure","HourlyStationPressure","HourlyVisibility","HourlyWetBulbTemperature","HourlyWindDirection","HourlyWindGustSpeed","HourlyWindSpeed","Sunrise","Sunset","DailyAverageDewPointTemperature","DailyAverageDryBulbTemperature","DailyAverageRelativeHumidity","DailyAverageSeaLevelPressure","DailyAverageStationPressure","DailyAverageWetBulbTemperature","DailyAverageWindSpeed","DailyCoolingDegreeDays","DailyDepartureFromNormalAverageTemperature","DailyHeatingDegreeDays","DailyMaximumDryBulbTemperature","DailyMinimumDryBulbTemperature","DailyPeakWindDirection","DailyPeakWindSpeed","DailyPrecipitation","DailySnowDepth","DailySnowfall","DailySustainedWindDirection","DailySustainedWindSpeed","DailyWeather","MonthlyAverageRH","MonthlyDaysWithGT001Precip","MonthlyDaysWithGT010Precip","MonthlyDaysWithGT32Temp","MonthlyDaysWithGT90Temp","MonthlyDaysWithLT0Temp","MonthlyDaysWithLT32Temp","MonthlyDepartureFromNormalAverageTemperature","MonthlyDepartureFromNormalCoolingDegreeDays","MonthlyDepartureFromNormalHeatingDegreeDays","MonthlyDepartureFromNormalMaximumTemperature","MonthlyDepartureFromNormalMinimumTemperature","MonthlyDepartureFromNormalPrecipitation","MonthlyDewpointTemperature","MonthlyGreatestPrecip","MonthlyGreatestPrecipDate","MonthlyGreatestSnowDepth","MonthlyGreatestSnowDepthDate","MonthlyGreatestSnowfall","MonthlyGreatestSnowfallDate","MonthlyMaxSeaLevelPressureValue","MonthlyMaxSeaLevelPressureValueDate","MonthlyMaxSeaLevelPressureValueTime","MonthlyMaximumTemperature","MonthlyMeanTemperature","MonthlyMinSeaLevelPressureValue","MonthlyMinSeaLevelPressureValueDate","MonthlyMinSeaLevelPressureValueTime","MonthlyMinimumTemperature","MonthlySeaLevelPressure","MonthlyStationPressure","MonthlyTotalLiquidPrecipitation","MonthlyTotalSnowfall","MonthlyWetBulb","MonthlyAverageWindSpeed","CoolingDegreeDaysSeasonToDate","MonthlyCoolingDegreeDays","MonthlyNumberDaysWithSnowfall","HeatingDegreeDaysSeasonToDate","MonthlyHeatingDegreeDays","MonthlyNumberDaysWithThunderstorms","MonthlyNumberDaysWithHeavyFog","NormalsCoolingDegreeDay","NormalsHeatingDegreeDay","ShortDurationEndDate005","ShortDurationEndDate010","ShortDurationEndDate015","ShortDurationEndDate020","ShortDurationEndDate030","ShortDurationEndDate045","ShortDurationEndDate060","ShortDurationEndDate080","ShortDurationEndDate100","ShortDurationEndDate120","ShortDurationEndDate150","ShortDurationEndDate180","ShortDurationPrecipitationValue005","ShortDurationPrecipitationValue010","ShortDurationPrecipitationValue015","ShortDurationPrecipitationValue020","ShortDurationPrecipitationValue030","ShortDurationPrecipitationValue045","ShortDurationPrecipitationValue060","ShortDurationPrecipitationValue080","ShortDurationPrecipitationValue100","ShortDurationPrecipitationValue120","ShortDurationPrecipitationValue150","ShortDurationPrecipitationValue180","REM","BackupDirection","BackupDistance","BackupDistanceUnit","BackupElements","BackupElevation","BackupEquipment","BackupLatitude","BackupLongitude","BackupName","WindEquipmentChangeDate"
"USW00023272","2023-01-01T00:00:00","37.7705","-122.4269","45.7","SAN FRANCISCO DOWNTOWN, CA US","SOD","","","","","","","","","","","","","","","","","","0725","1701","","12.5","","","","","","0","1.61","5.8","16.1","8.9","","","0.0","","","","","","","","","","","","","","","","","","","","","","","","","","","","","","","","","","","","","","","","","","","","","","","","","","","","","","","","","","","","","","","","","","","","","","","","","","","","","","","","","","","",""
"USW00023272","2023-01-01T00:00:00","37.7705","-122.4269","45.7","SAN FRANCISCO DOWNTOWN, CA US","SOM","","","","","","","","","","","","","","","","","","","","","","","","","","","","","","","","","","","","","","","","","13","13","0","0","0","0","0.35","0.00","-10.84","0.23","0.47","114.2","","40.6","15-16","","","","","","","","14.56","11.57","","","","8.58","","","226.0","","","","0.0","0.0","","877.4","209.6","","","0.0","396.8","","","","","","","","","","","","","","","","","","","","","","","","","","","","","","","","","","",""
"USW00023272","2023-01-02T00:00:00","37.7705","-122.4269","45.7","SAN FRANCISCO DOWNTOWN, CA US","SOD","","","","","","","","","","","","","","","","","","0725","1702","","9.5","","","","","","0","-1.44","8.8","11.7","7.2","","","10.7","","","","","","","","","","","","","","","","","","","","","","","","","","","","","","","","","","","","","","","","","","","","","","","","","","","","","","","","","","","","","","","","","","","","","","","","","","","","","","","","","","","",""
"USW00023272","2023-01-02T14:59:00","37.7705","-122.4269","45.7","SAN FRANCISCO DOWNTOWN, CA US","FM-15","343","","","","0.5","","","","","","","","","","","","","","","","","","","","","","","","","","","","","","","","","","","","","","","","","","","","","","","","","","","","","","","","","","","","","","","","","","","","","","","","","","","","","","","","","","","","","","","","","","","","","","","","","","","","","","","","","","","","","","","","",""
"USW00023272","2023-01-02T15:59:00","37.7705","-122.4269","45.7","SAN FRANCISCO DOWNTOWN, CA US","FM-15","343","","","","1.5","","","","","","","","","","","","","","","","","","","","","","","","","","","","","","","","","","","","","","","","","","","","","","","","","","","","","","","","","","","","","","","","","","","","","","","","","","","","","","","","","","","","","","","","","","","","","","","","","","","","","","","","","","","","","","","","",""
"USW00023272","2023-01-02T16:59:00","37.7705","-122.4269","45.7","SAN FRANCISCO DOWNTOWN, CA US","FM-15","343","","","","1.8","","","","","","","","","","","","","","","","","","","","","","","","","","","","","","","","","","","","","","","","","","","","","","","","","","","","","","","","","","","","","","","","","","","","","","","","","","","","","","","","","","","","","","","","","","","","","","","","","","","","","","","","","","","","","","","","",""
"USW00023272","2023-01-02T17:59:00","37.7705","-122.4269","45.7","SAN FRANCISCO DOWNTOWN, CA US","FM-15","343","","","","2.5","","","","","","","","","","","","","","","","","","","","","","","","","","","","","","","","","","","","","","","","","","","","","","","","","","","","","","","","","","","","","","","","","","","","","","","","","","","","","","","","","","","","","","","","","","","","","","","","","","","","","","","","","","","","","","","","",""
"USW00023272","2023-01-02T18:59:00","37.7705","-122.4269","45.7","SAN FRANCISCO DOWNTOWN, CA US","FM-15","343","","","","4.1","","","","","","","","","","","","","","","","","","","","","","","","","","","","","","","","","","","","","","","","","","","","","","","","","","","","","","","","","","","","","","","","","","","","","","","","","","","","","","","","","","","","","","","","","","","","","","","","","","","","","","","","","","","","","","","","",""
"USW00023272","2023-01-02T19:59:00","37.7705","-122.4269","45.7","SAN FRANCISCO DOWNTOWN, CA US","FM-15","343","","","","0.3","","","","","","","","","","","","","","","","","","","","","","","","","","","","","","","","","","","","","","","","","","","","","","","","","","","","","","","","","","","","","","","","","","","","","","","","","","","","","","","","","","","","","","","","","","","","","","","","","","","","","","","","","","","","","","","","",""
"USW00023272","2023-01-03T00:00:00","37.7705","-122.4269","45.7","SAN FRANCISCO DOWNTOWN, CA US","SOD","","","","","","","","","","","","","","","","","","0725","1703","","9.7","","","","","","0","-1.24","8.6","12.2","7.2","","","0.0","","","","","","","","","","","","","","","","","","","","","","","","","","","","","","","","","","","","","","","","","","","","","","","","","","","","","","","","","","","","","","","","","","","","","","","","","","","","","","","","","","","",""
"USW00023272","2023-01-04T00:00:00","37.7705","-122.4269","45.7","SAN FRANCISCO DOWNTOWN, CA US","SOD","","","","","","","","","","","","","","","","","","0726","1703","","12.3","","","","","","0","1.36","6.0","15.6","8.9","","","26.9","","","","","","","","","","","","","","","","","","","","","","","","","","","","","","","","","","","","","","","","","","","","","","","","","","","","","","","","","","","","","","","","","","","","","","","","","","","","","","","","","","","",""
"USW00023272","2023-01-04T04:59:00","37.7705","-122.4269","45.7","SAN FRANCISCO DOWNTOWN, CA US","FM-15","343","","","","1.8","","","","","","","","","","","","","","","","","","","","","","","","","","","","","","","","","","","","","","","","","","","","","","","","","","","","","","","","","","","","","","","","","","","","","","","","","","","","","","","","","","","","","","","","","","","","","","","","","","","","","","","","","","","","","","","","",""
"USW00023272","2023-01-04T05:59:00","37.7705","-122.4269","45.7","SAN FRANCISCO DOWNTOWN, CA US","FM-15","343","","","","1.3","","","","","","","","","","","","","","","","","","","","","","","","","","","","","","","","","","","","","","","","","","","","","","","","","","","","","","","","","","","","","","","","","","","","","","","","","","","","","","","","","","","","","","","","","","","","","","","","","","","","","","","","","","","","","","","","",""
"USW00023272","2023-01-04T06:59:00","37.7705","-122.4269","45.7","SAN FRANCISCO DOWNTOWN, CA US","FM-15","343","","","","2.3","","","","","","","","","","","","","","","","","","","","","","","","","","","","","","","","","","","","","","","","","","","","","","","","","","","","","","","","","","","","","","","","","","","","","","","","","","","","","","","","","","","","","","","","","","","","","","","","","","","","","","","","","","","","","","","","",""
"USW00023272","2023-01-04T07:59:00","37.7705","-122.4269","45.7","SAN FRANCISCO DOWNTOWN, CA US","FM-15","343","","","","2.3","","","","","","","","","","","","","","","","","","","","","","","","","","","","","","","","","","","","","","","","","","","","","","","","","","","","","","","","","","","","","","","","","","","","","","","","","","","","","","","","","","","","","","","","","","","","","","","","","","","","","","","","","","","","","","","","",""
"USW00023272","2023-01-04T08:59:00","37.7705","-122.4269","45.7","SAN FRANCISCO DOWNTOWN, CA US","FM-15","343","","","","0.3","","","","","","","","","","","","","","","","","","","","","","","","","","","","","","","","","","","","","","","","","","","","","","","","","","","","","","","","","","","","","","","","","","","","","","","","","","","","","","","","","","","","","","","","","","","","","","","","","","","","","","","","","","","","","","","","",""
"USW00023272","2023-01-04T11:59:00","37.7705","-122.4269","45.7","SAN FRANCISCO DOWNTOWN, CA US","FM-15","343","","","","0.5","","","","","","","","","","","","","","","","","","","","","","","","","","","","","","","","","","","","","","","","","","","","","","","","","","","","","","","","","","","","","","","","","","","","","","","","","","","","","","","","","","","","","","","","","","","","","","","","","","","","","","","","","","","","","","","","",""
"USW00023272","2023-01-04T12:59:00","37.7705","-122.4269","45.7","SAN FRANCISCO DOWNTOWN, CA US","FM-15","343","","","","2.5","","","","","","","","","","","","","","","","","","","","","","","","","","","","","","","","","","","","","","","","","","","","","","","","","","","","","","","","","","","","","","","","","","","","","","","","","","","","","","","","","","","","","","","","","","","","","","","","","","","","","","","","","","","","","","","","",""
"USW00023272","2023-01-04T13:59:00","37.7705","-122.4269","45.7","SAN FRANCISCO DOWNTOWN, CA US","FM-15","343","","","","0.5","","","","","","","","","","","","","","","","","","","","","","","","","","","","","","","","","","","","","","","","","","","","","","","","","","","","","","","","","","","","","","","","","","","","","","","","","","","","","","","","","","","","","","","","","","","","","","","","","","","","","","","","","","","","","","","","",""
"USW00023272","2023-01-04T16:59:00","37.7705","-122.4269","45.7","SAN FRANCISCO DOWNTOWN, CA US","FM-15","343","","","","1.3","","","","","","","","","","","","","","","","","","","","","","","","","","","","","","","","","","","","","","","","","","","","","","","","","","","","","","","","","","","","","","","","","","","","","","","","","","","","","","","","","","","","","","","","","","","","","","","","","","","","","","","","","","","","","","","","",""
"USW00023272","2023-01-04T17:59:00","37.7705","-122.4269","45.7","SAN FRANCISCO DOWNTOWN, CA US","FM-15","343","","","","6.1","","","","","","","","","","","","","","","","","","","","","","","","","","","","","","","","","","","","","","","","","","","","","","","","","","","","","","","","","","","","","","","","","","","","","","","","","","","","","","","","","","","","","","","","","","","","","","","","","","","","","","","","","","","","","","","","",""
"USW00023272","2023-01-04T18:59:00","37.7705","-122.4269","45.7","SAN FRANCISCO DOWNTOWN, CA US","FM-15","343","","","","2.3","","","","","","","","","","","","","","","","","","","","","","","","","","","","","","","","","","","","","","","","","","","","","","","","","","","","","","","","","","","","","","","","","","","","","","","","","","","","","","","","","","","","","","","","","","","","","","","","","","","","","","","","","","","","","","","","",""
"USW00023272","2023-01-04T21:59:00","37.7705","-122.4269","45.7","SAN FRANCISCO DOWNTOWN, CA US","FM-15","343","","","","2.3","","","","","","","","","","","","","","","","","","","","","","","","","","","","","","","","","","","","","","","","","","","","","","","","","","","","","","","","","","","","","","","","","","","","","","","","","","","","","","","","","","","","","","","","","","","","","","","","","","","","","","","","","","","","","","","","",""
"USW00023272","2023-01-04T22:59:00","37.7705","-122.4269","45.7","SAN FRANCISCO DOWNTOWN, CA US","FM-15","343","","","","1.5","","","","","","","","","","","","","","","","","","","","","","","","","","","","","","","","","","","","","","","","","","","","","","","","","","","","","","","","","","","","","","","","","","","","","","","","","","","","","","","","","","","","","","","","","","","","","","","","","","","","","","","","","","","","","","","","",""
"USW00023272","2023-01-04T23:59:00","37.7705","-122.4269","45.7","SAN FRANCISCO DOWNTOWN, CA US","FM-15","343","","","","2.0","","","","","","","","","","","","","","","","","","","","","","","","","","","","","","","","","","","","","","","","","","","","","","","","","","","","","","","","","","","","","","","","","","","","","","","","","","","","","","","","","","","","","","","","","","","","","","","","","","","","","","","","","","","","","","","","",""
"USW00023272","2023-01-05T00:00:00","37.7705","-122.4269","45.7","SAN FRANCISCO DOWNTOWN, CA US","SOD","","","","","","","","","","","","","","","","","","0726","1704","","12.5","","","","","","0","1.56","5.8","14.4","10.6","","","6.9","","","","","","","","","","","","","","","","","","","","","","","","","","","","","","","","","","","","","","","","","","","","","","","","","","","","","","","","","","","","","","","","","","","","","","","","","","","","","","","","","","","",""
"USW00023272","2023-01-05T10:59:00","37.7705","-122.4269","45.7","SAN FRANCISCO DOWNTOWN, CA US","FM-15","343","","","","3.6","","","","","","","","","","","","","","","","","","","","","","","","","","","","","","","","","","","","","","","","","","","","","","","","","","","","","","","","","","","","","","","","","","","","","","","","","","","","","","","","","","","","","","","","","","","","","","","","","","","","","","","","","","","","","","","","",""
"USW00023272","2023-01-05T11:59:00","37.7705","-122.4269","45.7","SAN FRANCISCO DOWNTOWN, CA US","FM-15","343","","","","1.0","","","","","","","","","","","","","","","","","","","","","","","","","","","","","","","","","","","","","","","","","","","","","","","","","","","","","","","","","","","","","","","","","","","","","","","","","","","","","","","","","","","","","","","","","","","","","","","","","","","","","","","","","","","","","","","","",""
"USW00023272","2023-01-05T12:59:00","37.7705","-122.4269","45.7","SAN FRANCISCO DOWNTOWN, CA US","FM-15","343","","","","1.3","","","","","","","","","","","","","","","","","","","","","","","","","","","","","","","","","","","","","","","","","","","","","","","","","","","","","","","","","","","","","","","","","","","","","","","","","","","","","","","","","","","","","","","","","","","","","","","","","","","","","","","","","","","","","","","","",""
"USW00023272","2023-01-05T13:59:00","37.7705","-122.4269","45.7","SAN FRANCISCO DOWNTOWN, CA US","FM-15","343","","","","0.8","","","","","","","","","","","","","","","","","","","","","","","","","","","","","","","","","","","","","","","","","","","","","","","","","","","","","","","","","","","","","","","","","","","","","","","","","","","","","","","","","","","","","","","","","","","","","","","","","","","","","","","","","","","","","","","","",""
"USW00023272","2023-01-05T14:59:00","37.7705","-122.4269","45.7","SAN FRANCISCO DOWNTOWN, CA US","FM-15","343","","","","0.3","","","","","","","","","","","","","","","","","","","","","","","","","","","","","","","","","","","","","","","","","","","","","","","","","","","","","","","","","","","","","","","","","","","","","","","","","","","","","","","","","","","","","","","","","","","","","","","","","","","","","","","","","","","","","","","","",""
"USW00023272","2023-01-06T00:00:00","37.7705","-122.4269","45.7","SAN FRANCISCO DOWNTOWN, CA US","SOD","","","","","","","","","","","","","","","","","","0726","1705","","12.5","","","","","","0","1.56","5.8","15.0","10.0","","","0.0","","","","","","","","","","","","","","","","","","","","","","","","","","","","","","","","","","","","","","","","","","","","","","","","","","","","","","","","","","","","","","","","","","","","","","","","","","","","","","","","","","","",""
"USW00023272","2023-01-07T00:00:00","37.7705","-122.4269","45.7","SAN FRANCISCO DOWNTOWN, CA US","SOD","","","","","","","","","","","","","","","","","","0726","1706","","12.8","","","","","","0","1.86","5.5","15.0","10.6","","","5.1","","","","","","","","","","","","","","","","","","","","","","","","","","","","","","","","","","","","","","","","","","","","","","","","","","","","","","","","","","","","","","","","","","","","","","","","","","","","","","","","","","","",""
"USW00023272","2023-01-07T11:59:00","37.7705","-122.4269","45.7","SAN FRANCISCO DOWNTOWN, CA US","FM-15","343","","","","0.3","","","","","","","","","","","","","","","","","","","","","","","","","","","","","","","","","","","","","","","","","","","","","","","","","","","","","","","","","","","","","","","","","","","","","","","","","","","","","","","","","","","","","","","","","","","","","","","","","","","","","","","","","","","","","","","","",""
"USW00023272","2023-01-07T12:59:00","37.7705","-122.4269","45.7","SAN FRANCISCO DOWNTOWN, CA US","FM-15","343","","","","0.3","","","","","","","","","","","","","","","","","","","","","","","","","","","","","","","","","","","","","","","","","","","","","","","","","","","","","","","","","","","","","","","","","","","","","","","","","","","","","","","","","","","","","","","","","","","","","","","","","","","","","","","","","","","","","","","","",""
"USW00023272","2023-01-07T13:59:00","37.7705","-122.4269","45.7","SAN FRANCISCO DOWNTOWN, CA US","FM-15","343","","","","0.3","","","","","","","","","","","","","","","","","","","","","","","","","","","","","","","","","","","","","","","","","","","","","","","","","","","","","","","","","","","","","","","","","","","","","","","","","","","","","","","","","","","","","","","","","","","","","","","","","","","","","","","","","","","","","","","","",""
"USW00023272","2023-01-07T16:59:00","37.7705","-122.4269","45.7","SAN FRANCISCO DOWNTOWN, CA US","FM-15","343","","","","1.0","","","","","","","","","","","","","","","","","","","","","","","","","","","","","","","","","","","","","","","","","","","","","","","","","","","","","","","","","","","","","","","","","","","","","","","","","","","","","","","","","","","","","","","","","","","","","","","","","","","","","","","","","","","","","","","","",""
"USW00023272","2023-01-07T17:59:00","37.7705","-122.4269","45.7","SAN FRANCISCO DOWNTOWN, CA US","FM-15","343","","","","1.0","","","","","","","","","","","","","","","","","","","","","","","","","","","","","","","","","","","","","","","","","","","","","","","","","","","","","","","","","","","","","","","","","","","","","","","","","","","","","","","","","","","","","","","","","","","","","","","","","","","","","","","","","","","","","","","","",""
"USW00023272","2023-01-07T20:59:00","37.7705","-122.4269","45.7","SAN FRANCISCO DOWNTOWN, CA US","FM-15","343","","","","0.5","","","","","","","","","","","","","","","","","","","","","","","","","","","","","","","","","","","","","","","","","","","","","","","","","","","","","","","","","","","","","","","","","","","","","","","","","","","","","","","","","","","","","","","","","","","","","","","","","","","","","","","","","","","","","","","","",""
"USW00023272","2023-01-07T21:59:00","37.7705","-122.4269","45.7","SAN FRANCISCO DOWNTOWN, CA US","FM-15","343","","","","0.5","","","","","","","","","","","","","","","","","","","","","","","","","","","","","","","","","","","","","","","","","","","","","","","","","","","","","","","","","","","","","","","","","","","","","","","","","","","","","","","","","","","","","","","","","","","","","","","","","","","","","","","","","","","","","","","","",""
"USW00023272","2023-01-07T23:59:00","37.7705","-122.4269","45.7","SAN FRANCISCO DOWNTOWN, CA US","FM-15","343","","","","1.3","","","","","","","","","","","","","","","","","","","","","","","","","","","","","","","","","","","","","","","","","","","","","","","","","","","","","","","","","","","","","","","","","","","","","","","","","","","","","","","","","","","","","","","","","","","","","","","","","","","","","","","","","","","","","","","","",""
"USW00023272","2023-01-08T00:00:00","37.7705","-122.4269","45.7","SAN FRANCISCO DOWNTOWN, CA US","SOD","","","","","","","","","","","","","","","","","","0726","1707","","13.6","","","","","","0","2.60","4.7","16.1","11.1","","","9.4","","","","","","","","","","","","","","","","","","","","","","","","","","","","","","","","","","","","","","","","","","","","","","","","","","","","","","","","","","","","","","","","","","","","","","","","","","","","","","","","","","","",""
"USW00023272","2023-01-08T00:59:00","37.7705","-122.4269","45.7","SAN FRANCISCO DOWNTOWN, CA US","FM-15","343","","","","3.3","","","","","","","","","","","","","","","","","","","","","","","","","","","","","","","","","","","","","","","","","","","","","","","","","","","","","","","","","","","","","","","","","","","","","","","","","","","","","","","","","","","","","","","","","","","","","","","","","","","","","","","","","","","","","","","","",""
"USW00023272","2023-01-08T20:59:00","37.7705","-122.4269","45.7","SAN FRANCISCO DOWNTOWN, CA US","FM-15","343","","","","0.8","","","","","","","","","","","","","","","","","","","","","","","","","","","","","","","","","","","","","","","","","","","","","","","","","","","","","","","","","","","","","","","","","","","","","","","","","","","","","","","","","","","","","","","","","","","","","","","","","","","","","","","","","","","","","","","","",""
"USW00023272","2023-01-08T21:59:00","37.7705","-122.4269","45.7","SAN FRANCISCO DOWNTOWN, CA US","FM-15","343","","","","2.0","","","","","","","","","","","","","","","","","","","","","","","","","","","","","","","","","","","","","","","","","","","","","","","","","","","","","","","","","","","","","","","","","","","","","","","","","","","","","","","","","","","","","","","","","","","","","","","","","","","","","","","","","","","","","","","","",""
"USW00023272","2023-01-08T22:59:00","37.7705","-122.4269","45.7","SAN FRANCISCO DOWNTOWN, CA US","FM-15","343","","","","2.0","","","","","","","","","","","","","","","","","","","","","","","","","","","","","","","","","","","","","","","","","","","","","","","","","","","","","","","","","","","","","","","","","","","","","","","","","","","","","","","","","","","","","","","","","","","","","","","","","","","","","","","","","","","","","","","","",""
"USW00023272","2023-01-08T23:59:00","37.7705","-122.4269","45.7","SAN FRANCISCO DOWNTOWN, CA US","FM-15","343","","","","1.3","","","","","","","","","","","","","","","","","","","","","","","","","","","","","","","","","","","","","","","","","","","","","","","","","","","","","","","","","","","","","","","","","","","","","","","","","","","","","","","","","","","","","","","","","","","","","","","","","","","","","","","","","","","","","","","","",""
"USW00023272","2023-01-09T00:00:00","37.7705","-122.4269","45.7","SAN FRANCISCO DOWNTOWN, CA US","SOD","","","","","","","","","","","","","","","","","","0726","1708","","12.8","","","","","","0","1.80","5.5","15.0","10.6","","","30.5","0.0","","","","","","","","","","","","","","","","","","","","","","","","","","","","","","","","","","","","","","","","","","","","","","","","","","","","","","","","","","","","","","","","","","","","","","","","","","","","","","","","","","",""
"USW00023272","2023-01-09T00:59:00","37.7705","-122.4269","45.7","SAN FRANCISCO DOWNTOWN, CA US","FM-15","343","","","","2.5","","","","","","","","","","","","","","","","","","","","","","","","","","","","","","","","","","","","","","","","","","","","","","","","","","","","","","","","","","","","","","","","","","","","","","","","","","","","","","","","","","","","","","","","","","","","","","","","","","","","","","","","","","","","","","","","",""
"USW00023272","2023-01-09T01:59:00","37.7705","-122.4269","45.7","SAN FRANCISCO DOWNTOWN, CA US","FM-15","343","","","","7.9","","","","","","","","","","","","","","","","","","","","","","","","","","","","","","","","","","","","","","","","","","","","","","","","","","","","","","","","","","","","","","","","","","","","","","","","","","","","","","","","","","","","","","","","","","","","","","","","","","","","","","","","","","","","","","","","",""
"USW00023272","2023-01-09T02:59:00","37.7705","-122.4269","45.7","SAN FRANCISCO DOWNTOWN, CA US","FM-15","343","","","","3.3","","","","","","","","","","","","","","","","","","","","","","","","","","","","","","","","","","","","","","","","","","","","","","","","","","","","","","","","","","","","","","","","","","","","","","","","","","","","","","","","","","","","","","","","","","","","","","","","","","","","","","","","","","","","","","","","",""
"USW00023272","2023-01-09T03:59:00","37.7705","-122.4269","45.7","SAN FRANCISCO DOWNTOWN, CA US","FM-15","343","","","","1.8","","","","","","","","","","","","","","","","","","","","","","","","","","","","","","","","","","","","","","","","","","","","","","","","","","","","","","","","","","","","","","","","","","","","","","","","","","","","","","","","","","","","","","","","","","","","","","","","","","","","","","","","","","","","","","","","",""
"USW00023272","2023-01-09T04:59:00","37.7705","-122.4269","45.7","SAN FRANCISCO DOWNTOWN, CA US","FM-15","343","","","","5.3","","","","","","","","","","","","","","","","","","","","","","","","","","","","","","","","","","","","","","","","","","","","","","","","","","","","","","","","","","","","","","","","","","","","","","","","","","","","","","","","","","","","","","","","","","","","","","","","","","","","","","","","","","","","","","","","",""
"USW00023272","2023-01-09T05:59:00","37.7705","-122.4269","45.7","SAN FRANCISCO DOWNTOWN, CA US","FM-15","343","","","","3.3","","","","","","","","","","","","","","","","","","","","","","","","","","","","","","","","","","","","","","","","","","","","","","","","","","","","","","","","","","","","","","","","","","","","","","","","","","","","","","","","","","","","","","","","","","","","","","","","","","","","","","","","","","","","","","","","",""
"USW00023272","2023-01-09T06:59:00","37.7705","-122.4269","45.7","SAN FRANCISCO DOWNTOWN, CA US","FM-15","343","","","","2.0","","","","","","","","","","","","","","","","","","","","","","","","","","","","","","","","","","","","","","","","","","","","","","","","","","","","","","","","","","","","","","","","","","","","","","","","","","","","","","","","","","","","","","","","","","","","","","","","","","","","","","","","","","","","","","","","",""
"USW00023272","2023-01-09T07:59:00","37.7705","-122.4269","45.7","SAN FRANCISCO DOWNTOWN, CA US","FM-15","343","","","","4.1","","","","","","","","","","","","","","","","","","","","","","","","","","","","","","","","","","","","","","","","","","","","","","","","","","","","","","","","","","","","","","","","","","","","","","","","","","","","","","","","","","","","","","","","","","","","","","","","","","","","","","","","","","","","","","","","",""
"USW00023272","2023-01-09T08:59:00","37.7705","-122.4269","45.7","SAN FRANCISCO DOWNTOWN, CA US","FM-15","343","","","","0.3","","","","","","","","","","","","","","","","","","","","","","","","","","","","","","","","","","","","","","","","","","","","","","","","","","","","","","","","","","","","","","","","","","","","","","","","","","","","","","","","","","","","","","","","","","","","","","","","","","","","","","","","","","","","","","","","",""
"USW00023272","2023-01-10T00:00:00","37.7705","-122.4269","45.7","SAN FRANCISCO DOWNTOWN, CA US","SOD","","","","","","","","","","","","","","","","","","0725","1709","","10.6","","","","","","0","-0.40","7.7","13.3","7.8","","","31.0","0.0","","","","","","","","","","","","","","","","","","","","","","","","","","","","","","","","","","","","","","","","","","","","","","","","","","","","","","","","","","","","","","","","","","","","","","","","","","","","","","","","","","",""
"USW00023272","2023-01-10T01:59:00","37.7705","-122.4269","45.7","SAN FRANCISCO DOWNTOWN, CA US","FM-15","343","","","","1.3","","","","","","","","","","","","","","","","","","","","","","","","","","","","","","","","","","","","","","","","","","","","","","","","","","","","","","","","","","","","","","","","","","","","","","","","","","","","","","","","","","","","","","","","","","","","","","","","","","","","","","","","","","","","","","","","",""
"USW00023272","2023-01-10T02:59:00","37.7705","-122.4269","45.7","SAN FRANCISCO DOWNTOWN, CA US","FM-15","343","","","","6.1","","","","","","","","","","","","","","","","","","","","","","","","","","","","","","","","","","","","","","","","","","","","","","","","","","","","","","","","","","","","","","","","","","","","","","","","","","","","","","","","","","","","","","","","","","","","","","","","","","","","","","","","","","","","","","","","",""
"USW00023272","2023-01-10T04:59:00","37.7705","-122.4269","45.7","SAN FRANCISCO DOWNTOWN, CA US","FM-15","343","","","","0.5","","","","","","","","","","","","","","","","","","","","","","","","","","","","","","","","","","","","","","","","","","","","","","","","","","","","","","","","","","","","","","","","","","","","","","","","","","","","","","","","","","","","","","","","","","","","","","","","","","","","","","","","","","","","","","","","",""
"USW00023272","2023-01-10T06:59:00","37.7705","-122.4269","45.7","SAN FRANCISCO DOWNTOWN, CA US","FM-15","343","","","","2.3","","","","","","","","","","","","","","","","","","","","","","","","","","","","","","","","","","","","","","","","","","","","","","","","","","","","","","","","","","","","","","","","","","","","","","","","","","","","","","","","","","","","","","","","","","","","","","","","","","","","","","","","","","","","","","","","",""
"USW00023272","2023-01-10T09:59:00","37.7705","-122.4269","45.7","SAN FRANCISCO DOWNTOWN, CA US","FM-15","343","","","","2.8","","","","","","","","","","","","","","","","","","","","","","","","","","","","","","","","","","","","","","","","","","","","","","","","","","","","","","","","","","","","","","","","","","","","","","","","","","","","","","","","","","","","","","","","","","","","","","","","","","","","","","","","","","","","","","","","",""
"USW00023272","2023-01-10T10:59:00","37.7705","-122.4269","45.7","SAN FRANCISCO DOWNTOWN, CA US","FM-15","343","","","","0.5","","","","","","","","","","","","","","","","","","","","","","","","","","","","","","","","","","","","","","","","","","","","","","","","","","","","","","","","","","","","","","","","","","","","","","","","","","","","","","","","","","","","","","","","","","","","","","","","","","","","","","","","","","","","","","","","",""
"USW00023272","2023-01-10T11:59:00","37.7705","-122.4269","45.7","SAN FRANCISCO DOWNTOWN, CA US","FM-15","343","","","","4.1","","","","","","","","","","","","","","","","","","","","","","","","","","","","","","","","","","","","","","","","","","","","","","","","","","","","","","","","","","","","","","","","","","","","","","","","","","","","","","","","","","","","","","","","","","","","","","","","","","","","","","","","","","","","","","","","",""
"USW00023272","2023-01-10T12:59:00","37.7705","-122.4269","45.7","SAN FRANCISCO DOWNTOWN, CA US","FM-15","343","","","","7.1","","","","","","","","","","","","","","","","","","","","","","","","","","","","","","","","","","","","","","","","","","","","","","","","","","","","","","","","","","","","","","","","","","","","","","","","","","","","","","","","","","","","","","","","","","","","","","","","","","","","","","","","","","","","","","","","",""
"USW00023272","2023-01-10T13:59:00","37.7705","-122.4269","45.7","SAN FRANCISCO DOWNTOWN, CA US","FM-15","343","","","","6.1","","","","","","","","","","","","","","","","","","","","","","","","","","","","","","","","","","","","","","","","","","","","","","","","","","","","","","","","","","","","","","","","","","","","","","","","","","","","","","","","","","","","","","","","","","","","","","","","","","","","","","","","","","","","","","","","",""
"USW00023272","2023-01-10T21:59:00","37.7705","-122.4269","45.7","SAN FRANCISCO DOWNTOWN, CA US","FM-15","343","","","","0.3","","","","","","","","","","","","","","","","","","","","","","","","","","","","","","","","","","","","","","","","","","","","","","","","","","","","","","","","","","","","","","","","","","","","","","","","","","","","","","","","","","","","","","","","","","","","","","","","","","","","","","","","","","","","","","","","",""
"USW00023272","2023-01-11T00:00:00","37.7705","-122.4269","45.7","SAN FRANCISCO DOWNTOWN, CA US","SOD","","","","","","","","","","","","","","","","","","0725","1710","","12.2","","","","","","0","1.14","6.1","14.4","10.0","","","23.9","0.0","","","","","","","","","","","","","","","","","","","","","","","","","","","","","","","","","","","","","","","","","","","","","","","","","","","","","","","","","","","","","","","","","","","","","","","","","","","","","","","","","","",""
"USW00023272","2023-01-11T05:59:00","37.7705","-122.4269","45.7","SAN FRANCISCO DOWNTOWN, CA US","FM-15","343","","","","0.5","","","","","","","","","","","","","","","","","","","","","","","","","","","","","","","","","","","","","","","","","","","","","","","","","","","","","","","","","","","","","","","","","","","","","","","","","","","","","","","","","","","","","","","","","","","","","","","","","","","","","","","","","","","","","","","","",""
"USW00023272","2023-01-11T06:59:00","37.7705","-122.4269","45.7","SAN FRANCISCO DOWNTOWN, CA US","FM-15","343","","","","0.5","","","","","","","","","","","","","","","","","","","","","","","","","","","","","","","","","","","","","","","","","","","","","","","","","","","","","","","","","","","","","","","","","","","","","","","","","","","","","","","","","","","","","","","","","","","","","","","","","","","","","","","","","","","","","","","","",""
"USW00023272","2023-01-11T09:59:00","37.7705","-122.4269","45.7","SAN FRANCISCO DOWNTOWN, CA US","FM-15","343","","","","0.3","","","","","","","","","","","","","","","","","","","","","","","","","","","","","","","","","","","","","","","","","","","","","","","","","","","","","","","","","","","","","","","","","","","","","","","","","","","","","","","","","","","","","","","","","","","","","","","","","","","","","","","","","","","","","","","","",""
"USW00023272","2023-01-11T10:59:00","37.7705","-122.4269","45.7","SAN FRANCISCO DOWNTOWN, CA US","FM-15","343","","","","1.8","","","","","","","","","","","","","","","","","","","","","","","","","","","","","","","","","","","","","","","","","","","","","","","","","","","","","","","","","","","","","","","","","","","","","","","","","","","","","","","","","","","","","","","","","","","","","","","","","","","","","","","","","","","","","","","","",""
"USW00023272","2023-01-11T11:59:00","37.7705","-122.4269","45.7","SAN FRANCISCO DOWNTOWN, CA US","FM-15","343","","","","4.1","","","","","","","","","","","","","","","","","","","","","","","","","","","","","","","","","","","","","","","","","","","","","","","","","","","","","","","","","","","","","","","","","","","","","","","","","","","","","","","","","","","","","","","","","","","","","","","","","","","","","","","","","","","","","","","","",""
"USW00023272","2023-01-11T12:59:00","37.7705","-122.4269","45.7","SAN FRANCISCO DOWNTOWN, CA US","FM-15","343","","","","2.3","","","","","","","","","","","","","","","","","","","","","","","","","","","","","","","","","","","","","","","","","","","","","","","","","","","","","","","","","","","","","","","","","","","","","","","","","","","","","","","","","","","","","","","","","","","","","","","","","","","","","","","","","","","","","","","","",""
"USW00023272","2023-01-11T13:59:00","37.7705","-122.4269","45.7","SAN FRANCISCO DOWNTOWN, CA US","FM-15","343","","","","3.8","","","","","","","","","","","","","","","","","","","","","","","","","","","","","","","","","","","","","","","","","","","","","","","","","","","","","","","","","","","","","","","","","","","","","","","","","","","","","","","","","","","","","","","","","","","","","","","","","","","","","","","","","","","","","","","","",""
"USW00023272","2023-01-11T14:59:00","37.7705","-122.4269","45.7","SAN FRANCISCO DOWNTOWN, CA US","FM-15","343","","","","3.8","","","","","","","","","","","","","","","","","","","","","","","","","","","","","","","","","","","","","","","","","","","","","","","","","","","","","","","","","","","","","","","","","","","","","","","","","","","","","","","","","","","","","","","","","","","","","","","","","","","","","","","","","","","","","","","","",""
"USW00023272","2023-01-11T15:59:00","37.7705","-122.4269","45.7","SAN FRANCISCO DOWNTOWN, CA US","FM-15","343","","","","5.3","","","","","","","","","","","","","","","","","","","","","","","","","","","","","","","","","","","","","","","","","","","","","","","","","","","","","","","","","","","","","","","","","","","","","","","","","","","","","","","","","","","","","","","","","","","","","","","","","","","","","","","","","","","","","","","","",""
"USW00023272","2023-01-11T16:59:00","37.7705","-122.4269","45.7","SAN FRANCISCO DOWNTOWN, CA US","FM-15","343","","","","1.3","","","","","","","","","","","","","","","","","","","","","","","","","","","","","","","","","","","","","","","","","","","","","","","","","","","","","","","","","","","","","","","","","","","","","","","","","","","","","","","","","","","","","","","","","","","","","","","","","","","","","","","","","","","","","","","","",""
"USW00023272","2023-01-11T18:59:00","37.7705","-122.4269","45.7","SAN FRANCISCO DOWNTOWN, CA US","FM-15","343","","","","0.3","","","","","","","","","","","","","","","","","","","","","","","","","","","","","","","","","","","","","","","","","","","","","","","","","","","","","","","","","","","","","","","","","","","","","","","","","","","","","","","","","","","","","","","","","","","","","","","","","","","","","","","","","","","","","","","","",""
"USW00023272","2023-01-12T00:00:00","37.7705","-122.4269","45.7","SAN FRANCISCO DOWNTOWN, CA US","SOD","","","","","","","","","","","","","","","","","","0725","1711","","15.6","","","","","","0","4.54","2.7","18.9","12.2","","","0.0","0.0","","","","","","","","","","","","","","","","","","","","","","","","","","","","","","","","","","","","","","","","","","","","","","","","","","","","","","","","","","","","","","","","","","","","","","","","","","","","","","","","","","",""
"USW00023272","2023-01-13T00:00:00","37.7705","-122.4269","45.7","SAN FRANCISCO DOWNTOWN, CA US","SOD","","","","","","","","","","","","","","","","","","0725","1712","","13.9","","","","","","0","2.79","4.4","16.7","11.1","","","10.7","0.0","","","","","","","","","","","","","","","","","","","","","","","","","","","","","","","","","","","","","","","","","","","","","","","","","","","","","","","","","","","","","","","","","","","","","","","","","","","","","","","","","","",""
"USW00023272","2023-01-13T07:59:00","37.7705","-122.4269","45.7","SAN FRANCISCO DOWNTOWN, CA US","FM-15","343","","","","0.5","","","","","","","","","","","","","","","","","","","","","","","","","","","","","","","","","","","","","","","","","","","","","","","","","","","","","","","","","","","","","","","","","","","","","","","","","","","","","","","","","","","","","","","","","","","","","","","","","","","","","","","","","","","","","","","","",""
"USW00023272","2023-01-13T08:59:00","37.7705","-122.4269","45.7","SAN FRANCISCO DOWNTOWN, CA US","FM-15","343","","","","2.5","","","","","","","","","","","","","","","","","","","","","","","","","","","","","","","","","","","","","","","","","","","","","","","","","","","","","","","","","","","","","","","","","","","","","","","","","","","","","","","","","","","","","","","","","","","","","","","","","","","","","","","","","","","","","","","","",""
"USW00023272","2023-01-13T09:59:00","37.7705","-122.4269","45.7","SAN FRANCISCO DOWNTOWN, CA US","FM-15","343","","","","2.3","","","","","","","","","","","","","","","","","","","","","","","","","","","","","","","","","","","","","","","","","","","","","","","","","","","","","","","","","","","","","","","","","","","","","","","","","","","","","","","","","","","","","","","","","","","","","","","","","","","","","","","","","","","","","","","","",""
"USW00023272","2023-01-13T10:59:00","37.7705","-122.4269","45.7","SAN FRANCISCO DOWNTOWN, CA US","FM-15","343","","","","0.8","","","","","","","","","","","","","","","","","","","","","","","","","","","","","","","","","","","","","","","","","","","","","","","","","","","","","","","","","","","","","","","","","","","","","","","","","","","","","","","","","","","","","","","","","","","","","","","","","","","","","","","","","","","","","","","","",""
"USW00023272","2023-01-13T11:59:00","37.7705","-122.4269","45.7","SAN FRANCISCO DOWNTOWN, CA US","FM-15","343","","","","4.3","","","","","","","","","","","","","","","","","","","","","","","","","","","","","","","","","","","","","","","","","","","","","","","","","","","","","","","","","","","","","","","","","","","","","","","","","","","","","","","","","","","","","","","","","","","","","","","","","","","","","","","","","","","","","","","","",""
"USW00023272","2023-01-13T14:59:00","37.7705","-122.4269","45.7","SAN FRANCISCO DOWNTOWN, CA US","FM-15","343","","","","0.3","","","","","","","","","","","","","","","","","","","","","","","","","","","","","","","","","","","","","","","","","","","","","","","","","","","","","","","","","","","","","","","","","","","","","","","","","","","","","","","","","","","","","","","","","","","","","","","","","","","","","","","","","","","","","","","","",""
"USW00023272","2023-01-14T00:00:00","37.7705","-122.4269","45.7","SAN FRANCISCO DOWNTOWN, CA US","SOD","","","","","","","","","","","","","","","","","","0725","1713","","13.1","","","","","","0","1.99","5.2","14.4","11.7","","","27.7","0.0","","","","","","","","","","","","","","","","","","","","","","","","","","","","","","","","","","","","","","","","","","","","","","","","","","","","","","","","","","","","","","","","","","","","","","","","","","","","","","","","","","",""
"USW00023272","2023-01-14T03:59:00","37.7705","-122.4269","45.7","SAN FRANCISCO DOWNTOWN, CA US","FM-15","343","","","","1.8","","","","","","","","","","","","","","","","","","","","","","","","","","","","","","","","","","","","","","","","","","","","","","","","","","","","","","","","","","","","","","","","","","","","","","","","","","","","","","","","","","","","","","","","","","","","","","","","","","","","","","","","","","","","","","","","",""
"USW00023272","2023-01-14T04:59:00","37.7705","-122.4269","45.7","SAN FRANCISCO DOWNTOWN, CA US","FM-15","343","","","","3.8","","","","","","","","","","","","","","","","","","","","","","","","","","","","","","","","","","","","","","","","","","","","","","","","","","","","","","","","","","","","","","","","","","","","","","","","","","","","","","","","","","","","","","","","","","","","","","","","","","","","","","","","","","","","","","","","",""
"USW00023272","2023-01-14T05:59:00","37.7705","-122.4269","45.7","SAN FRANCISCO DOWNTOWN, CA US","FM-15","343","","","","3.8","","","","","","","","","","","","","","","","","","","","","","","","","","","","","","","","","","","","","","","","","","","","","","","","","","","","","","","","","","","","","","","","","","","","","","","","","","","","","","","","","","","","","","","","","","","","","","","","","","","","","","","","","","","","","","","","",""
"USW00023272","2023-01-14T06:59:00","37.7705","-122.4269","45.7","SAN FRANCISCO DOWNTOWN, CA US","FM-15","343","","","","4.3","","","","","","","","","","","","","","","","","","","","","","","","","","","","","","","","","","","","","","","","","","","","","","","","","","","","","","","","","","","","","","","","","","","","","","","","","","","","","","","","","","","","","","","","","","","","","","","","","","","","","","","","","","","","","","","","",""
"USW00023272","2023-01-14T07:59:00","37.7705","-122.4269","45.7","SAN FRANCISCO DOWNTOWN, CA US","FM-15","343","","","","3.0","","","","","","","","","","","","","","","","","","","","","","","","","","","","","","","","","","","","","","","","","","","","","","","","","","","","","","","","","","","","","","","","","","","","","","","","","","","","","","","","","","","","","","","","","","","","","","","","","","","","","","","","","","","","","","","","",""
"USW00023272","2023-01-14T08:59:00","37.7705","-122.4269","45.7","SAN FRANCISCO DOWNTOWN, CA US","FM-15","343","","","","2.3","","","","","","","","","","","","","","","","","","","","","","","","","","","","","","","","","","","","","","","","","","","","","","","","","","","","","","","","","","","","","","","","","","","","","","","","","","","","","","","","","","","","","","","","","","","","","","","","","","","","","","","","","","","","","","","","",""
"USW00023272","2023-01-14T15:59:00","37.7705","-122.4269","45.7","SAN FRANCISCO DOWNTOWN, CA US","FM-15","343","","","","3.0","","","","","","","","","","","","","","","","","","","","","","","","","","","","","","","","","","","","","","","","","","","","","","","","","","","","","","","","","","","","","","","","","","","","","","","","","","","","","","","","","","","","","","","","","","","","","","","","","","","","","","","","","","","","","","","","",""
"USW00023272","2023-01-14T16:59:00","37.7705","-122.4269","45.7","SAN FRANCISCO DOWNTOWN, CA US","FM-15","343","","","","2.3","","","","","","","","","","","","","","","","","","","","","","","","","","","","","","","","","","","","","","","","","","","","","","","","","","","","","","","","","","","","","","","","","","","","","","","","","","","","","","","","","","","","","","","","","","","","","","","","","","","","","","","","","","","","","","","","",""
"USW00023272","2023-01-14T17:59:00","37.7705","-122.4269","45.7","SAN FRANCISCO DOWNTOWN, CA US","FM-15","343","","","","1.3","","","","","","","","","","","","","","","","","","","","","","","","","","","","","","","","","","","","","","","","","","","","","","","","","","","","","","","","","","","","","","","","","","","","","","","","","","","","","","","","","","","","","","","","","","","","","","","","","","","","","","","","","","","","","","","","",""
"USW00023272","2023-01-14T18:59:00","37.7705","-122.4269","45.7","SAN FRANCISCO DOWNTOWN, CA US","FM-15","343","","","","1.0","","","","","","","","","","","","","","","","","","","","","","","","","","","","","","","","","","","","","","","","","","","","","","","","","","","","","","","","","","","","","","","","","","","","","","","","","","","","","","","","","","","","","","","","","","","","","","","","","","","","","","","","","","","","","","","","",""
"USW00023272","2023-01-14T19:59:00","37.7705","-122.4269","45.7","SAN FRANCISCO DOWNTOWN, CA US","FM-15","343","","","","0.5","","","","","","","","","","","","","","","","","","","","","","","","","","","","","","","","","","","","","","","","","","","","","","","","","","","","","","","","","","","","","","","","","","","","","","","","","","","","","","","","","","","","","","","","","","","","","","","","","","","","","","","","","","","","","","","","",""
"USW00023272","2023-01-14T23:59:00","37.7705","-122.4269","45.7","SAN FRANCISCO DOWNTOWN, CA US","FM-15","343","","","","0.5","","","","","","","","","","","","","","","","","","","","","","","","","","","","","","","","","","","","","","","","","","","","","","","","","","","","","","","","","","","","","","","","","","","","","","","","","","","","","","","","","","","","","","","","","","","","","","","","","","","","","","","","","","","","","","","","",""
"USW00023272","2023-01-15T00:00:00","37.7705","-122.4269","45.7","SAN FRANCISCO DOWNTOWN, CA US","SOD","","","","","","","","","","","","","","","","","","0724","1714","","10.3","","","","","","0","-0.81","8.0","12.2","8.3","","","24.4","0.0","","","","","","","","","","","","","","","","","","","","","","","","","","","","","","","","","","","","","","","","","","","","","","","","","","","","","","","","","","","","","","","","","","","","","","","","","","","","","","","","","","",""
"USW00023272","2023-01-15T06:59:00","37.7705","-122.4269","45.7","SAN FRANCISCO DOWNTOWN, CA US","FM-15","343","","","","3.3","","","","","","","","","","","","","","","","","","","","","","","","","","","","","","","","","","","","","","","","","","","","","","","","","","","","","","","","","","","","","","","","","","","","","","","","","","","","","","","","","","","","","","","","","","","","","","","","","","","","","","","","","","","","","","","","",""
"USW00023272","2023-01-15T08:59:00","37.7705","-122.4269","45.7","SAN FRANCISCO DOWNTOWN, CA US","FM-15","343","","","","0.5","","","","","","","","","","","","","","","","","","","","","","","","","","","","","","","","","","","","","","","","","","","","","","","","","","","","","","","","","","","","","","","","","","","","","","","","","","","","","","","","","","","","","","","","","","","","","","","","","","","","","","","","","","","","","","","","",""
"USW00023272","2023-01-15T09:59:00","37.7705","-122.4269","45.7","SAN FRANCISCO DOWNTOWN, CA US","FM-15","343","","","","0.3","","","","","","","","","","","","","","","","","","","","","","","","","","","","","","","","","","","","","","","","","","","","","","","","","","","","","","","","","","","","","","","","","","","","","","","","","","","","","","","","","","","","","","","","","","","","","","","","","","","","","","","","","","","","","","","","",""
"USW00023272","2023-01-15T14:59:00","37.7705","-122.4269","45.7","SAN FRANCISCO DOWNTOWN, CA US","FM-15","343","","","","3.3","","","","","","","","","","","","","","","","","","","","","","","","","","","","","","","","","","","","","","","","","","","","","","","","","","","","","","","","","","","","","","","","","","","","","","","","","","","","","","","","","","","","","","","","","","","","","","","","","","","","","","","","","","","","","","","","",""
"USW00023272","2023-01-15T15:59:00","37.7705","-122.4269","45.7","SAN FRANCISCO DOWNTOWN, CA US","FM-15","343","","","","0.8","","","","","","","","","","","","","","","","","","","","","","","","","","","","","","","","","","","","","","","","","","","","","","","","","","","","","","","","","","","","","","","","","","","","","","","","","","","","","","","","","","","","","","","","","","","","","","","","","","","","","","","","","","","","","","","","",""
"USW00023272","2023-01-15T16:59:00","37.7705","-122.4269","45.7","SAN FRANCISCO DOWNTOWN, CA US","FM-15","343","","","","0.5","","","","","","","","","","","","","","","","","","","","","","","","","","","","","","","","","","","","","","","","","","","","","","","","","","","","","","","","","","","","","","","","","","","","","","","","","","","","","","","","","","","","","","","","","","","","","","","","","","","","","","","","","","","","","","","","",""
"USW00023272","2023-01-15T17:59:00","37.7705","-122.4269","45.7","SAN FRANCISCO DOWNTOWN, CA US","FM-15","343","","","","0.8","","","","","","","","","","","","","","","","","","","","","","","","","","","","","","","","","","","","","","","","","","","","","","","","","","","","","","","","","","","","","","","","","","","","","","","","","","","","","","","","","","","","","","","","","","","","","","","","","","","","","","","","","","","","","","","","",""
"USW00023272","2023-01-15T18:59:00","37.7705","-122.4269","45.7","SAN FRANCISCO DOWNTOWN, CA US","FM-15","343","","","","1.5","","","","","","","","","","","","","","","","","","","","","","","","","","","","","","","","","","","","","","","","","","","","","","","","","","","","","","","","","","","","","","","","","","","","","","","","","","","","","","","","","","","","","","","","","","","","","","","","","","","","","","","","","","","","","","","","",""
"USW00023272","2023-01-15T19:59:00","37.7705","-122.4269","45.7","SAN FRANCISCO DOWNTOWN, CA US","FM-15","343","","","","2.0","","","","","","","","","","","","","","","","","","","","","","","","","","","","","","","","","","","","","","","","","","","","","","","","","","","","","","","","","","","","","","","","","","","","","","","","","","","","","","","","","","","","","","","","","","","","","","","","","","","","","","","","","","","","","","","","",""
"USW00023272","2023-01-15T20:59:00","37.7705","-122.4269","45.7","SAN FRANCISCO DOWNTOWN, CA US","FM-15","343","","","","2.3","","","","","","","","","","","","","","","","","","","","","","","","","","","","","","","","","","","","","","","","","","","","","","","","","","","","","","","","","","","","","","","","","","","","","","","","","","","","","","","","","","","","","","","","","","","","","","","","","","","","","","","","","","","","","","","","",""
"USW00023272","2023-01-15T21:59:00","37.7705","-122.4269","45.7","SAN FRANCISCO DOWNTOWN, CA US","FM-15","343","","","","3.6","","","","","","","","","","","","","","","","","","","","","","","","","","","","","","","","","","","","","","","","","","","","","","","","","","","","","","","","","","","","","","","","","","","","","","","","","","","","","","","","","","","","","","","","","","","","","","","","","","","","","","","","","","","","","","","","",""
"USW00023272","2023-01-15T22:59:00","37.7705","-122.4269","45.7","SAN FRANCISCO DOWNTOWN, CA US","FM-15","343","","","","3.6","","","","","","","","","","","","","","","","","","","","","","","","","","","","","","","","","","","","","","","","","","","","","","","","","","","","","","","","","","","","","","","","","","","","","","","","","","","","","","","","","","","","","","","","","","","","","","","","","","","","","","","","","","","","","","","","",""
"USW00023272","2023-01-15T23:59:00","37.7705","-122.4269","45.7","SAN FRANCISCO DOWNTOWN, CA US","FM-15","343","","","","2.0","","","","","","","","","","","","","","","","","","","","","","","","","","","","","","","","","","","","","","","","","","","","","","","","","","","","","","","","","","","","","","","","","","","","","","","","","","","","","","","","","","","","","","","","","","","","","","","","","","","","","","","","","","","","","","","","",""
"USW00023272","2023-01-16T00:00:00","37.7705","-122.4269","45.7","SAN FRANCISCO DOWNTOWN, CA US","SOD","","","","","","","","","","","","","","","","","","0724","1715","","10.3","","","","","","0","-0.87","8.0","12.8","7.8","","","16.3","0.0","","","","","","","","","","","","","","","","","","","","","","","","","","","","","","","","","","","","","","","","","","","","","","","","","","","","","","","","","","","","","","","","","","","","","","","","","","","","","","","","","","",""
"USW00023272","2023-01-16T00:59:00","37.7705","-122.4269","45.7","SAN FRANCISCO DOWNTOWN, CA US","FM-15","343","","","","3.3","","","","","","","","","","","","","","","","","","","","","","","","","","","","","","","","","","","","","","","","","","","","","","","","","","","","","","","","","","","","","","","","","","","","","","","","","","","","","","","","","","","","","","","","","","","","","","","","","","","","","","","","","","","","","","","","",""
"USW00023272","2023-01-16T01:59:00","37.7705","-122.4269","45.7","SAN FRANCISCO DOWNTOWN, CA US","FM-15","343","","","","6.6","","","","","","","","","","","","","","","","","","","","","","","","","","","","","","","","","","","","","","","","","","","","","","","","","","","","","","","","","","","","","","","","","","","","","","","","","","","","","","","","","","","","","","","","","","","","","","","","","","","","","","","","","","","","","","","","",""
"USW00023272","2023-01-16T02:59:00","37.7705","-122.4269","45.7","SAN FRANCISCO DOWNTOWN, CA US","FM-15","343","","","","4.1","","","","","","","","","","","","","","","","","","","","","","","","","","","","","","","","","","","","","","","","","","","","","","","","","","","","","","","","","","","","","","","","","","","","","","","","","","","","","","","","","","","","","","","","","","","","","","","","","","","","","","","","","","","","","","","","",""
"USW00023272","2023-01-16T03:59:00","37.7705","-122.4269","45.7","SAN FRANCISCO DOWNTOWN, CA US","FM-15","343","","","","2.3","","","","","","","","","","","","","","","","","","","","","","","","","","","","","","","","","","","","","","","","","","","","","","","","","","","","","","","","","","","","","","","","","","","","","","","","","","","","","","","","","","","","","","","","","","","","","","","","","","","","","","","","","","","","","","","","",""
"USW00023272","2023-01-17T00:00:00","37.7705","-122.4269","45.7","SAN FRANCISCO DOWNTOWN, CA US","SOD","","","","","","","","","","","","","","","","","","0724","1716","","9.7","","","","","","0","-1.52","8.6","13.3","6.1","","","0.0","0.0","","","","","","","","","","","","","","","","","","","","","","","","","","","","","","","","","","","","","","","","","","","","","","","","","","","","","","","","","","","","","","","","","","","","","","","","","","","","","","","","","","",""
"USW00023272","2023-01-18T00:00:00","37.7705","-122.4269","45.7","SAN FRANCISCO DOWNTOWN, CA US","SOD","","","","","","","","","","","","","","","","","","0723","1717","","10.3","","","","","","0","-0.92","8.0","13.3","7.2","","","2.5","0.0","","","","","","","","","","","","","","","","","","","","","","","","","","","","","","","","","","","","","","","","","","","","","","","","","","","","","","","","","","","","","","","","","","","","","","","","","","","","","","","","","","",""
"USW00023272","2023-01-18T21:59:00","37.7705","-122.4269","45.7","SAN FRANCISCO DOWNTOWN, CA US","FM-15","343","","","","0.8","","","","","","","","","","","","","","","","","","","","","","","","","","","","","","","","","","","","","","","","","","","","","","","","","","","","","","","","","","","","","","","","","","","","","","","","","","","","","","","","","","","","","","","","","","","","","","","","","","","","","","","","","","","","","","","","",""
"USW00023272","2023-01-18T22:59:00","37.7705","-122.4269","45.7","SAN FRANCISCO DOWNTOWN, CA US","FM-15","343","","","","1.8","","","","","","","","","","","","","","","","","","","","","","","","","","","","","","","","","","","","","","","","","","","","","","","","","","","","","","","","","","","","","","","","","","","","","","","","","","","","","","","","","","","","","","","","","","","","","","","","","","","","","","","","","","","","","","","","",""
"USW00023272","2023-01-19T00:00:00","37.7705","-122.4269","45.7","SAN FRANCISCO DOWNTOWN, CA US","SOD","","","","","","","","","","","","","","","","","","0723","1718","","9.7","","","","","","0","-1.58","8.6","12.2","7.2","","","0.0","0.0","","","","","","","","","","","","","","","","","","","","","","","","","","","","","","","","","","","","","","","","","","","","","","","","","","","","","","","","","","","","","","","","","","","","","","","","","","","","","","","","","","",""
"USW00023272","2023-01-20T00:00:00","37.7705","-122.4269","45.7","SAN FRANCISCO DOWNTOWN, CA US","SOD","","","","","","","","","","","","","","","","","","0723","1719","","10.3","","","","","","0","-0.98","8.0","13.3","7.2","","","0.0","0.0","","","","","","","","","","","","","","","","","","","","","","","","","","","","","","","","","","","","","","","","","","","","","","","","","","","","","","","","","","","","","","","","","","","","","","","","","","","","","","","","","","",""
"USW00023272","2023-01-21T00:00:00","37.7705","-122.4269","45.7","SAN FRANCISCO DOWNTOWN, CA US","SOD","","","","","","","","","","","","","","","","","","0722","1720","","9.5","","","","","","0","-1.83","8.8","13.3","5.6","","","0.0","0.0","","","","","","","","","","","","","","","","","","","","","","","","","","","","","","","","","","","","","","","","","","","","","","","","","","","","","","","","","","","","","","","","","","","","","","","","","","","","","","","","","","",""
"USW00023272","2023-01-22T00:00:00","37.7705","-122.4269","45.7","SAN FRANCISCO DOWNTOWN, CA US","SOD","","","","","","","","","","","","","","","","","","0722","1721","","10.9","","","","","","0","-0.49","7.4","15.0","6.7","","","0.0","0.0","","","","","","","","","","","","","","","","","","","","","","","","","","","","","","","","","","","","","","","","","","","","","","","","","","","","","","","","","","","","","","","","","","","","","","","","","","","","","","","","","","",""
"USW00023272","2023-01-23T00:00:00","37.7705","-122.4269","45.7","SAN FRANCISCO DOWNTOWN, CA US","SOD","","","","","","","","","","","","","","","","","","0721","1722","","13.1","","","","","","0","1.71","5.2","16.7","9.4","","","0.0","0.0","","","","","","","","","","","","","","","","","","","","","","","","","","","","","","","","","","","","","","","","","","","","","","","","","","","","","","","","","","","","","","","","","","","","","","","","","","","","","","","","","","",""
"USW00023272","2023-01-24T00:00:00","37.7705","-122.4269","45.7","SAN FRANCISCO DOWNTOWN, CA US","SOD","","","","","","","","","","","","","","","","","","0720","1723","","12.5","","","","","","0","1.06","5.8","16.7","8.3","","","0.0","0.0","","","","","","","","","","","","","","","","","","","","","","","","","","","","","","","","","","","","","","","","","","","","","","","","","","","","","","","","","","","","","","","","","","","","","","","","","","","","","","","","","","",""
"USW00023272","2023-01-25T00:00:00","37.7705","-122.4269","45.7","SAN FRANCISCO DOWNTOWN, CA US","SOD","","","","","","","","","","","","","","","","","","0720","1724","","12.8","","","","","","0","1.30","5.5","18.3","7.2","","","0.0","0.0","","","","","","","","","","","","","","","","","","","","","","","","","","","","","","","","","","","","","","","","","","","","","","","","","","","","","","","","","","","","","","","","","","","","","","","","","","","","","","","","","","",""
"USW00023272","2023-01-26T00:00:00","37.7705","-122.4269","45.7","SAN FRANCISCO DOWNTOWN, CA US","SOD","","","","","","","","","","","","","","","","","","0719","1726","","16.4","","","","","","0","4.90","1.9","20.0","12.8","","","0.0","0.0","","","","","","","","","","","","","","","","","","","","","","","","","","","","","","","","","","","","","","","","","","","","","","","","","","","","","","","","","","","","","","","","","","","","","","","","","","","","","","","","","","",""
"USW00023272","2023-01-27T00:00:00","37.7705","-122.4269","45.7","SAN FRANCISCO DOWNTOWN, CA US","SOD","","","","","","","","","","","","","","","","","","0719","1727","","10.8","","","","","","0","-0.76","7.5","13.3","8.3","","","0.0","0.0","","","","","","","","","","","","","","","","","","","","","","","","","","","","","","","","","","","","","","","","","","","","","","","","","","","","","","","","","","","","","","","","","","","","","","","","","","","","","","","","","","",""
"USW00023272","2023-01-28T00:00:00","37.7705","-122.4269","45.7","SAN FRANCISCO DOWNTOWN, CA US","SOD","","","","","","","","","","","","","","","","","","0718","1728","","11.1","","","","","","0","-0.51","7.2","14.4","7.8","","","0.0","0.0","","","","","","","","","","","","","","","","","","","","","","","","","","","","","","","","","","","","","","","","","","","","","","","","","","","","","","","","","","","","","","","","","","","","","","","","","","","","","","","","","","",""
"USW00023272","2023-01-29T00:00:00","37.7705","-122.4269","45.7","SAN FRANCISCO DOWNTOWN, CA US","SOD","","","","","","","","","","","","","","","","","","0717","1729","","8.6","","","","","","0","-3.07","9.7","10.0","7.2","","","0.0","0.0","","","","","","","","","","","","","","","","","","","","","","","","","","","","","","","","","","","","","","","","","","","","","","","","","","","","","","","","","","","","","","","","","","","","","","","","","","","","","","","","","","",""
"USW00023272","2023-01-30T00:00:00","37.7705","-122.4269","45.7","SAN FRANCISCO DOWNTOWN, CA US","SOD","","","","","","","","","","","","","","","","","","0716","1730","","9.5","","","","","","0","-2.17","8.8","12.8","6.1","","","0.0","0.0","","","","","","","","","","","","","","","","","","","","","","","","","","","","","","","","","","","","","","","","","","","","","","","","","","","","","","","","","","","","","","","","","","","","","","","","","","","","","","","","","","",""
"USW00023272","2023-01-31T00:00:00","37.7705","-122.4269","45.7","SAN FRANCISCO DOWNTOWN, CA US","SOD","","","","","","","","","","","","","","","","","","0716","1731","","10.0","","","","","","0","-1.72","8.3","15.0","5.0","","","0.0","","","","","","","","","","","","","","","","","","","","","","","","","","","","","","","","","","","","","","","","","","","","","","","","","","","","","","","","","","","","","","","","","","","","","","","","","","","","","","","","","","","",""
"USW00023272","2023-02-01T00:00:00","37.7705","-122.4269","45.7","SAN FRANCISCO DOWNTOWN, CA US","SOD","","","","","","","","","","","","","","","","","","0715","1732","","9.5","","","","","","0","-2.28","8.8","12.8","6.1","","","0.0","0.0","","","","","","","","","","","","","","","","","","","","","","","","","","","","","","","","","","","","","","","","","","","","","","","","","","","","","","","","","","","","","","","","","","","","","","","","","","","","","","","","","","",""
"USW00023272","2023-02-01T00:00:00","37.7705","-122.4269","45.7","SAN FRANCISCO DOWNTOWN, CA US","SOM","","","","","","","","","","","","","","","","","","","","","","","","","","","","","","","","","","","","","","","","","10","8","0","0","0","0","-2.06","-0.11","56.96","-2.03","-2.04","-23.1","","30.5","23-24","0","","","","","","","13.75","10.27","","","","6.79","","","87.9","","","","0.0","0.0","","1103.3","225.9","1","","0.2","304.1","","","","","","","","","","","","","","","","","","","","","","","","","","","","","","","","","","",""
"USW00023272","2023-02-02T00:00:00","37.7705","-122.4269","45.7","SAN FRANCISCO DOWNTOWN, CA US","SOD","","","","","","","","","","","","","","","","","","0714","1733","","11.2","","","","","","0","-0.63","7.1","15.6","6.7","","","0.0","0.0","","","","","","","","","","","","","","","","","","","","","","","","","","","","","","","","","","","","","","","","","","","","","","","","","","","","","","","","","","","","","","","","","","","","","","","","","","","","","","","","","","",""
"USW00023272","2023-02-03T00:00:00","37.7705","-122.4269","45.7","SAN FRANCISCO DOWNTOWN, CA US","SOD","","","","","","","","","","","","","","","","","","0713","1734","","11.4","","","","","","0","-0.43","6.9","13.9","8.9","","","12.7","0.0","","","","","","","","","","","","","","","","","","","","","","","","","","","","","","","","","","","","","","","","","","","","","","","","","","","","","","","","","","","","","","","","","","","","","","","","","","","","","","","","","","",""
"USW00023272","2023-02-03T03:59:00","37.7705","-122.4269","45.7","SAN FRANCISCO DOWNTOWN, CA US","FM-15","343","","","","2.3","","","","","","","","","","","","","","","","","","","","","","","","","","","","","","","","","","","","","","","","","","","","","","","","","","","","","","","","","","","","","","","","","","","","","","","","","","","","","","","","","","","","","","","","","","","","","","","","","","","","","","","","","","","","","","","","",""
"USW00023272","2023-02-03T04:59:00","37.7705","-122.4269","45.7","SAN FRANCISCO DOWNTOWN, CA US","FM-15","343","","","","3.6","","","","","","","","","","","","","","","","","","","","","","","","","","","","","","","","","","","","","","","","","","","","","","","","","","","","","","","","","","","","","","","","","","","","","","","","","","","","","","","","","","","","","","","","","","","","","","","","","","","","","","","","","","","","","","","","",""
"USW00023272","2023-02-03T05:59:00","37.7705","-122.4269","45.7","SAN FRANCISCO DOWNTOWN, CA US","FM-15","343","","","","4.1","","","","","","","","","","","","","","","","","","","","","","","","","","","","","","","","","","","","","","","","","","","","","","","","","","","","","","","","","","","","","","","","","","","","","","","","","","","","","","","","","","","","","","","","","","","","","","","","","","","","","","","","","","","","","","","","",""
"USW00023272","2023-02-03T06:59:00","37.7705","-122.4269","45.7","SAN FRANCISCO DOWNTOWN, CA US","FM-15","343","","","","1.5","","","","","","","","","","","","","","","","","","","","","","","","","","","","","","","","","","","","","","","","","","","","","","","","","","","","","","","","","","","","","","","","","","","","","","","","","","","","","","","","","","","","","","","","","","","","","","","","","","","","","","","","","","","","","","","","",""
"USW00023272","2023-02-03T07:59:00","37.7705","-122.4269","45.7","SAN FRANCISCO DOWNTOWN, CA US","FM-15","343","","","","0.8","","","","","","","","","","","","","","","","","","","","","","","","","","","","","","","","","","","","","","","","","","","","","","","","","","","","","","","","","","","","","","","","","","","","","","","","","","","","","","","","","","","","","","","","","","","","","","","","","","","","","","","","","","","","","","","","",""
"USW00023272","2023-02-03T08:59:00","37.7705","-122.4269","45.7","SAN FRANCISCO DOWNTOWN, CA US","FM-15","343","","","","0.5","","","","","","","","","","","","","","","","","","","","","","","","","","","","","","","","","","","","","","","","","","","","","","","","","","","","","","","","","","","","","","","","","","","","","","","","","","","","","","","","","","","","","","","","","","","","","","","","","","","","","","","","","","","","","","","","",""
"USW00023272","2023-02-04T00:00:00","37.7705","-122.4269","45.7","SAN FRANCISCO DOWNTOWN, CA US","SOD","","","","","","","","","","","","","","","","","","0712","1736","","11.9","","","","","","0","0.01","6.4","14.4","9.4","","","6.4","0.0","","","","","","","","","","","","","","","","","","","","","","","","","","","","","","","","","","","","","","","","","","","","","","","","","","","","","","","","","","","","","","","","","","","","","","","","","","","","","","","","","","",""
"USW00023272","2023-02-04T08:59:00","37.7705","-122.4269","45.7","SAN FRANCISCO DOWNTOWN, CA US","FM-15","343","","","","0.3","","","","","","","","","","","","","","","","","","","","","","","","","","","","","","","","","","","","","","","","","","","","","","","","","","","","","","","","","","","","","","","","","","","","","","","","","","","","","","","","","","","","","","","","","","","","","","","","","","","","","","","","","","","","","","","","",""
"USW00023272","2023-02-04T12:59:00","37.7705","-122.4269","45.7","SAN FRANCISCO DOWNTOWN, CA US","FM-15","343","","","","0.3","","","","","","","","","","","","","","","","","","","","","","","","","","","","","","","","","","","","","","","","","","","","","","","","","","","","","","","","","","","","","","","","","","","","","","","","","","","","","","","","","","","","","","","","","","","","","","","","","","","","","","","","","","","","","","","","",""
"USW00023272","2023-02-04T13:59:00","37.7705","-122.4269","45.7","SAN FRANCISCO DOWNTOWN, CA US","FM-15","343","","","","2.3","","","","","","","","","","","","","","","","","","","","","","","","","","","","","","","","","","","","","","","","","","","","","","","","","","","","","","","","","","","","","","","","","","","","","","","","","","","","","","","","","","","","","","","","","","","","","","","","","","","","","","","","","","","","","","","","",""
"USW00023272","2023-02-04T14:59:00","37.7705","-122.4269","45.7","SAN FRANCISCO DOWNTOWN, CA US","FM-15","343","","","","0.3","","","","","","","","","","","","","","","","","","","","","","","","","","","","","","","","","","","","","","","","","","","","","","","","","","","","","","","","","","","","","","","","","","","","","","","","","","","","","","","","","","","","","","","","","","","","","","","","","","","","","","","","","","","","","","","","",""
"USW00023272","2023-02-04T15:59:00","37.7705","-122.4269","45.7","SAN FRANCISCO DOWNTOWN, CA US","FM-15","343","","","","0.3","","","","","","","","","","","","","","","","","","","","","","","","","","","","","","","","","","","","","","","","","","","","","","","","","","","","","","","","","","","","","","","","","","","","","","","","","","","","","","","","","","","","","","","","","","","","","","","","","","","","","","","","","","","","","","","","",""
"USW00023272","2023-02-04T19:59:00","37.7705","-122.4269","45.7","SAN FRANCISCO DOWNTOWN, CA US","FM-15","343","","","","1.8","","","","","","","","","","","","","","","","","","","","","","","","","","","","","","","","","","","","","","","","","","","","","","","","","","","","","","","","","","","","","","","","","","","","","","","","","","","","","","","","","","","","","","","","","","","","","","","","","","","","","","","","","","","","","","","","",""
"USW00023272","2023-02-04T20:59:00","37.7705","-122.4269","45.7","SAN FRANCISCO DOWNTOWN, CA US","FM-15","343","","","","1.3","","","","","","","","","","","","","","","","","","","","","","","","","","","","","","","","","","","","","","","","","","","","","","","","","","","","","","","","","","","","","","","","","","","","","","","","","","","","","","","","","","","","","","","","","","","","","","","","","","","","","","","","","","","","","","","","",""
"USW00023272","2023-02-05T00:00:00","37.7705","-122.4269","45.7","SAN FRANCISCO DOWNTOWN, CA US","SOD","","","","","","","","","","","","","","","","","","0711","1737","","10.9","","","","","","0","-1.04","7.4","12.8","8.9","","","5.8","0.0","","","","","","","","","","","","","","","","","","","","","","","","","","","","","","","","","","","","","","","","","","","","","","","","","","","","","","","","","","","","","","","","","","","","","","","","","","","","","","","","","","",""
"USW00023272","2023-02-05T01:59:00","37.7705","-122.4269","45.7","SAN FRANCISCO DOWNTOWN, CA US","FM-15","343","","","","2.5","","","","","","","","","","","","","","","","","","","","","","","","","","","","","","","","","","","","","","","","","","","","","","","","","","","","","","","","","","","","","","","","","","","","","","","","","","","","","","","","","","","","","","","","","","","","","","","","","","","","","","","","","","","","","","","","",""
"USW00023272","2023-02-05T04:59:00","37.7705","-122.4269","45.7","SAN FRANCISCO DOWNTOWN, CA US","FM-15","343","","","","0.3","","","","","","","","","","","","","","","","","","","","","","","","","","","","","","","","","","","","","","","","","","","","","","","","","","","","","","","","","","","","","","","","","","","","","","","","","","","","","","","","","","","","","","","","","","","","","","","","","","","","","","","","","","","","","","","","",""
"USW00023272","2023-02-05T06:59:00","37.7705","-122.4269","45.7","SAN FRANCISCO DOWNTOWN, CA US","FM-15","343","","","","0.3","","","","","","","","","","","","","","","","","","","","","","","","","","","","","","","","","","","","","","","","","","","","","","","","","","","","","","","","","","","","","","","","","","","","","","","","","","","","","","","","","","","","","","","","","","","","","","","","","","","","","","","","","","","","","","","","",""
"USW00023272","2023-02-05T08:59:00","37.7705","-122.4269","45.7","SAN FRANCISCO DOWNTOWN, CA US","FM-15","343","","","","2.3","","","","","","","","","","","","","","","","","","","","","","","","","","","","","","","","","","","","","","","","","","","","","","","","","","","","","","","","","","","","","","","","","","","","","","","","","","","","","","","","","","","","","","","","","","","","","","","","","","","","","","","","","","","","","","","","",""
"USW00023272","2023-02-05T14:59:00","37.7705","-122.4269","45.7","SAN FRANCISCO DOWNTOWN, CA US","FM-15","343","","","","0.5","","","","","","","","","","","","","","","","","","","","","","","","","","","","","","","","","","","","","","","","","","","","","","","","","","","","","","","","","","","","","","","","","","","","","","","","","","","","","","","","","","","","","","","","","","","","","","","","","","","","","","","","","","","","","","","","",""
"USW00023272","2023-02-06T00:00:00","37.7705","-122.4269","45.7","SAN FRANCISCO DOWNTOWN, CA US","SOD","","","","","","","","","","","","","","","","","","0710","1738","","10.6","","","","","","0","-1.40","7.7","14.4","6.7","","","0.0","0.0","","","","","","","","","","","","","","","","","","","","","","","","","","","","","","","","","","","","","","","","","","","","","","","","","","","","","","","","","","","","","","","","","","","","","","","","","","","","","","","","","","",""
"USW00023272","2023-02-07T00:00:00","37.7705","-122.4269","45.7","SAN FRANCISCO DOWNTOWN, CA US","SOD","","","","","","","","","","","","","","","","","","0709","1739","","11.4","","","","","","0","-0.60","6.9","15.6","7.2","","","0.0","0.0","","","","","","","","","","","","","","","","","","","","","","","","","","","","","","","","","","","","","","","","","","","","","","","","","","","","","","","","","","","","","","","","","","","","","","","","","","","","","","","","","","",""
"USW00023272","2023-02-08T00:00:00","37.7705","-122.4269","45.7","SAN FRANCISCO DOWNTOWN, CA US","SOD","","","","","","","","","","","","","","","","","","0708","1740","","12.5","","","","","","0","0.44","5.8","17.2","7.8","","","0.0","0.0","","","","","","","","","","","","","","","","","","","","","","","","","","","","","","","","","","","","","","","","","","","","","","","","","","","","","","","","","","","","","","","","","","","","","","","","","","","","","","","","","","",""
"USW00023272","2023-02-09T00:00:00","37.7705","-122.4269","45.7","SAN FRANCISCO DOWNTOWN, CA US","SOD","","","","","","","","","","","","","","","","","","0707","1741","","13.6","","","","","","0","1.49","4.7","18.9","8.3","","","0.0","0.0","","","","","","","","","","","","","","","","","","","","","","","","","","","","","","","","","","","","","","","","","","","","","","","","","","","","","","","","","","","","","","","","","","","","","","","","","","","","","","","","","","",""
"USW00023272","2023-02-10T00:00:00","37.7705","-122.4269","45.7","SAN FRANCISCO DOWNTOWN, CA US","SOD","","","","","","","","","","","","","","","","","","0706","1742","","10.3","","","","","","0","-1.87","8.0","13.3","7.2","","","0.5","0.0","","","","","","","","","","","","","","","","","","","","","","","","","","","","","","","","","","","","","","","","","","","","","","","","","","","","","","","","","","","","","","","","","","","","","","","","","","","","","","","","","","",""
"USW00023272","2023-02-10T22:59:00","37.7705","-122.4269","45.7","SAN FRANCISCO DOWNTOWN, CA US","FM-15","343","","","","0.3","","","","","","","","","","","","","","","","","","","","","","","","","","","","","","","","","","","","","","","","","","","","","","","","","","","","","","","","","","","","","","","","","","","","","","","","","","","","","","","","","","","","","","","","","","","","","","","","","","","","","","","","","","","","","","","","",""
"USW00023272","2023-02-10T23:59:00","37.7705","-122.4269","45.7","SAN FRANCISCO DOWNTOWN, CA US","FM-15","343","","","","0.3","","","","","","","","","","","","","","","","","","","","","","","","","","","","","","","","","","","","","","","","","","","","","","","","","","","","","","","","","","","","","","","","","","","","","","","","","","","","","","","","","","","","","","","","","","","","","","","","","","","","","","","","","","","","","","","","",""
"USW00023272","2023-02-11T00:00:00","37.7705","-122.4269","45.7","SAN FRANCISCO DOWNTOWN, CA US","SOD","","","","","","","","","","","","","","","","","","0705","1743","","9.5","","","","","","0","-2.67","8.8","11.7","7.2","","","1.8","0.0","","","","","","","","","","","","","","","","","","","","","","","","","","","","","","","","","","","","","","","","","","","","","","","","","","","","","","","","","","","","","","","","","","","","","","","","","","","","","","","","","","",""
"USW00023272","2023-02-11T03:59:00","37.7705","-122.4269","45.7","SAN FRANCISCO DOWNTOWN, CA US","FM-15","343","","","","0.8","","","","","","","","","","","","","","","","","","","","","","","","","","","","","","","","","","","","","","","","","","","","","","","","","","","","","","","","","","","","","","","","","","","","","","","","","","","","","","","","","","","","","","","","","","","","","","","","","","","","","","","","","","","","","","","","",""
"USW00023272","2023-02-11T07:59:00","37.7705","-122.4269","45.7","SAN FRANCISCO DOWNTOWN, CA US","FM-15","343","","","","0.3","","","","","","","","","","","","","","","","","","","","","","","","","","","","","","","","","","","","","","","","","","","","","","","","","","","","","","","","","","","","","","","","","","","","","","","","","","","","","","","","","","","","","","","","","","","","","","","","","","","","","","","","","","","","","","","","",""
"USW00023272","2023-02-11T09:59:00","37.7705","-122.4269","45.7","SAN FRANCISCO DOWNTOWN, CA US","FM-15","343","","","","0.5","","","","","","","","","","","","","","","","","","","","","","","","","","","","","","","","","","","","","","","","","","","","","","","","","","","","","","","","","","","","","","","","","","","","","","","","","","","","","","","","","","","","","","","","","","","","","","","","","","","","","","","","","","","","","","","","",""
"USW00023272","2023-02-11T16:59:00","37.7705","-122.4269","45.7","SAN FRANCISCO DOWNTOWN, CA US","FM-15","343","","","","0.3","","","","","","","","","","","","","","","","","","","","","","","","","","","","","","","","","","","","","","","","","","","","","","","","","","","","","","","","","","","","","","","","","","","","","","","","","","","","","","","","","","","","","","","","","","","","","","","","","","","","","","","","","","","","","","","","",""
"USW00023272","2023-02-12T00:00:00","37.7705","-122.4269","45.7","SAN FRANCISCO DOWNTOWN, CA US","SOD","","","","","","","","","","","","","","","","","","0704","1744","","11.7","","","","","","0","-0.52","6.6","16.7","6.7","","","0.0","0.0","","","","","","","","","","","","","","","","","","","","","","","","","","","","","","","","","","","","","","","","","","","","","","","","","","","","","","","","","","","","","","","","","","","","","","","","","","","","","","","","","","",""
"USW00023272","2023-02-13T00:00:00","37.7705","-122.4269","45.7","SAN FRANCISCO DOWNTOWN, CA US","SOD","","","","","","","","","","","","","","","","","","0703","1745","","12.5","","","","","","0","0.22","5.8","17.2","7.8","","","0.0","0.0","","","","","","","","","","","","","","","","","","","","","","","","","","","","","","","","","","","","","","","","","","","","","","","","","","","","","","","","","","","","","","","","","","","","","","","","","","","","","","","","","","",""
"USW00023272","2023-02-14T00:00:00","37.7705","-122.4269","45.7","SAN FRANCISCO DOWNTOWN, CA US","SOD","","","","","","","","","","","","","","","","","","0702","1747","","8.9","","","","","","0","-3.43","9.4","11.1","6.7","","","0.0","0.0","","","","","","","","","","","","","","","","","","","","","","","","","","","","","","","","","","","","","","","","","","","","","","","","","","","","","","","","","","","","","","","","","","","","","","","","","","","","","","","","","","",""
"USW00023272","2023-02-15T00:00:00","37.7705","-122.4269","45.7","SAN FRANCISCO DOWNTOWN, CA US","SOD","","","","","","","","","","","","","","","","","","0701","1748","","10.6","","","","","","0","-1.73","7.7","13.9","7.2","","","0.0","0.0","","","","","","","","","","","","","","","","","","","","","","","","","","","","","","","","","","","","","","","","","","","","","","","","","","","","","","","","","","","","","","","","","","","","","","","","","","","","","","","","","","",""
"USW00023272","2023-02-16T00:00:00","37.7705","-122.4269","45.7","SAN FRANCISCO DOWNTOWN, CA US","SOD","","","","","","","","","","","","","","","","","","0700","1749","","9.7","","","","","","0","-2.69","8.6","13.3","6.1","","","0.0","0.0","","","","","","","","","","","","","","","","","","","","","","","","","","","","","","","","","","","","","","","","","","","","","","","","","","","","","","","","","","","","","","","","","","","","","","","","","","","","","","","","","","",""
"USW00023272","2023-02-17T00:00:00","37.7705","-122.4269","45.7","SAN FRANCISCO DOWNTOWN, CA US","SOD","","","","","","","","","","","","","","","","","","0658","1750","","11.4","","","","","","0","-1.04","6.9","15.6","7.2","","","0.0","0.0","","","","","","","","","","","","","","","","","","","","","","","","","","","","","","","","","","","","","","","","","","","","","","","","","","","","","","","","","","","","","","","","","","","","","","","","","","","","","","","","","","",""
"USW00023272","2023-02-18T00:00:00","37.7705","-122.4269","45.7","SAN FRANCISCO DOWNTOWN, CA US","SOD","","","","","","","","","","","","","","","","","","0657","1751","","11.7","","","","","","0","-0.74","6.6","17.2","6.1","","","0.0","0.0","","","","","","","","","","","","","","","","","","","","","","","","","","","","","","","","","","","","","","","","","","","","","","","","","","","","","","","","","","","","","","","","","","","","","","","","","","","","","","","","","","",""
"USW00023272","2023-02-19T00:00:00","37.7705","-122.4269","45.7","SAN FRANCISCO DOWNTOWN, CA US","SOD","","","","","","","","","","","","","","","","","","0656","1752","","12.8","","","","","","0","0.30","5.5","18.3","7.2","","","0.0","0.0","","","","","","","","","","","","","","","","","","","","","","","","","","","","","","","","","","","","","","","","","","","","","","","","","","","","","","","","","","","","","","","","","","","","","","","","","","","","","","","","","","",""
"USW00023272","2023-02-20T00:00:00","37.7705","-122.4269","45.7","SAN FRANCISCO DOWNTOWN, CA US","SOD","","","","","","","","","","","","","","","","","","0655","1753","","13.9","","","","","","0","1.40","4.4","19.4","8.3","","","0.0","0.0","","","","","","","","","","","","","","","","","","","","","","","","","","","","","","","","","","","","","","","","","","","","","","","","","","","","","","","","","","","","","","","","","","","","","","","","","","","","","","","","","","",""
"USW00023272","2023-02-21T00:00:00","37.7705","-122.4269","45.7","SAN FRANCISCO DOWNTOWN, CA US","SOD","","","","","","","","","","","","","","","","","","0654","1754","","9.5","","","","","","0","-3.06","8.8","12.2","6.7","","","0.0","0.0","","","","","","","","","","","","","","","","","","","","","","","","","","","","","","","","","","","","","","","","","","","","","","","","","","","","","","","","","","","","","","","","","","","","","","","","","","","","","","","","","","",""
"USW00023272","2023-02-22T00:00:00","37.7705","-122.4269","45.7","SAN FRANCISCO DOWNTOWN, CA US","SOD","","","","","","","","","","","","","","","","","","0652","1755","","7.0","","","","","","0","-5.61","11.3","8.9","5.0","","","0.0","0.0","","","","","","","","","","","","","","","","","","","","","","","","","","","","","","","","","","","","","","","","","","","","","","","","","","","","","","","","","","","","","","","","","","","","","","","","","","","","","","","","","","",""
"USW00023272","2023-02-23T00:00:00","37.7705","-122.4269","45.7","SAN FRANCISCO DOWNTOWN, CA US","SOD","","","","","","","","","","","","","","","","","","0651","1756","","6.7","","","","","","0","-5.91","11.6","9.4","3.9","","","11.7","0.0","","","","","","","","","","","","","","","","","","","","","","","","","","","","","","","","","","","","","","","","","","","","","","","","","","","","","","","","","","","","","","","","","","","","","","","","","","","","","","","","","","",""
"USW00023272","2023-02-23T18:59:00","37.7705","-122.4269","45.7","SAN FRANCISCO DOWNTOWN, CA US","FM-15","343","","","","0.3","","","","","","","","","","","","","","","","","","","","","","","","","","","","","","","","","","","","","","","","","","","","","","","","","","","","","","","","","","","","","","","","","","","","","","","","","","","","","","","","","","","","","","","","","","","","","","","","","","","","","","","","","","","","","","","","",""
"USW00023272","2023-02-23T20:59:00","37.7705","-122.4269","45.7","SAN FRANCISCO DOWNTOWN, CA US","FM-15","343","","","","0.3","","","","","","","","","","","","","","","","","","","","","","","","","","","","","","","","","","","","","","","","","","","","","","","","","","","","","","","","","","","","","","","","","","","","","","","","","","","","","","","","","","","","","","","","","","","","","","","","","","","","","","","","","","","","","","","","",""
"USW00023272","2023-02-23T21:59:00","37.7705","-122.4269","45.7","SAN FRANCISCO DOWNTOWN, CA US","FM-15","343","","","","1.0","","","","","","","","","","","","","","","","","","","","","","","","","","","","","","","","","","","","","","","","","","","","","","","","","","","","","","","","","","","","","","","","","","","","","","","","","","","","","","","","","","","","","","","","","","","","","","","","","","","","","","","","","","","","","","","","",""
"USW00023272","2023-02-23T22:59:00","37.7705","-122.4269","45.7","SAN FRANCISCO DOWNTOWN, CA US","FM-15","343","","","","5.3","","","","","","","","","","","","","","","","","","","","","","","","","","","","","","","","","","","","","","","","","","","","","","","","","","","","","","","","","","","","","","","","","","","","","","","","","","","","","","","","","","","","","","","","","","","","","","","","","","","","","","","","","","","","","","","","",""
"USW00023272","2023-02-23T23:59:00","37.7705","-122.4269","45.7","SAN FRANCISCO DOWNTOWN, CA US","FM-15","343","","","","4.8","","","","","","","","","","","","","","","","","","","","","","","","","","","","","","","","","","","","","","","","","","","","","","","","","","","","","","","","","","","","","","","","","","","","","","","","","","","","","","","","","","","","","","","","","","","","","","","","","","","","","","","","","","","","","","","","",""
"USW00023272","2023-02-24T00:00:00","37.7705","-122.4269","45.7","SAN FRANCISCO DOWNTOWN, CA US","SOD","","","","","","","","","","","","","","","","","","0650","1757","","6.7","","","","","","0","-5.97","11.6","9.4","3.9","","","18.8","0.0","","","","","","","","","","","","","","","","","","","","","","","","","","","","","","","","","","","","","","","","","","","","","","","","","","","","","","","","","","","","","","","","","","","","","","","","","","","","","","","","","","",""
"USW00023272","2023-02-24T00:59:00","37.7705","-122.4269","45.7","SAN FRANCISCO DOWNTOWN, CA US","FM-15","343","","","","1.8","","","","","","","","","","","","","","","","","","","","","","","","","","","","","","","","","","","","","","","","","","","","","","","","","","","","","","","","","","","","","","","","","","","","","","","","","","","","","","","","","","","","","","","","","","","","","","","","","","","","","","","","","","","","","","","","",""
"USW00023272","2023-02-24T02:59:00","37.7705","-122.4269","45.7","SAN FRANCISCO DOWNTOWN, CA US","FM-15","343","","","","0.3","","","","","","","","","","","","","","","","","","","","","","","","","","","","","","","","","","","","","","","","","","","","","","","","","","","","","","","","","","","","","","","","","","","","","","","","","","","","","","","","","","","","","","","","","","","","","","","","","","","","","","","","","","","","","","","","",""
"USW00023272","2023-02-24T03:59:00","37.7705","-122.4269","45.7","SAN FRANCISCO DOWNTOWN, CA US","FM-15","343","","","","1.5","","","","","","","","","","","","","","","","","","","","","","","","","","","","","","","","","","","","","","","","","","","","","","","","","","","","","","","","","","","","","","","","","","","","","","","","","","","","","","","","","","","","","","","","","","","","","","","","","","","","","","","","","","","","","","","","",""
"USW00023272","2023-02-24T04:59:00","37.7705","-122.4269","45.7","SAN FRANCISCO DOWNTOWN, CA US","FM-15","343","","","","4.6","","","","","","","","","","","","","","","","","","","","","","","","","","","","","","","","","","","","","","","","","","","","","","","","","","","","","","","","","","","","","","","","","","","","","","","","","","","","","","","","","","","","","","","","","","","","","","","","","","","","","","","","","","","","","","","","",""
"USW00023272","2023-02-24T05:59:00","37.7705","-122.4269","45.7","SAN FRANCISCO DOWNTOWN, CA US","FM-15","343","","","","4.6","","","","","","","","","","","","","","","","","","","","","","","","","","","","","","","","","","","","","","","","","","","","","","","","","","","","","","","","","","","","","","","","","","","","","","","","","","","","","","","","","","","","","","","","","","","","","","","","","","","","","","","","","","","","","","","","",""
"USW00023272","2023-02-24T06:59:00","37.7705","-122.4269","45.7","SAN FRANCISCO DOWNTOWN, CA US","FM-15","343","","","","1.8","","","","","","","","","","","","","","","","","","","","","","","","","","","","","","","","","","","","","","","","","","","","","","","","","","","","","","","","","","","","","","","","","","","","","","","","","","","","","","","","","","","","","","","","","","","","","","","","","","","","","","","","","","","","","","","","",""
"USW00023272","2023-02-24T07:59:00","37.7705","-122.4269","45.7","SAN FRANCISCO DOWNTOWN, CA US","FM-15","343","","","","2.0","","","","","","","","","","","","","","","","","","","","","","","","","","","","","","","","","","","","","","","","","","","","","","","","","","","","","","","","","","","","","","","","","","","","","","","","","","","","","","","","","","","","","","","","","","","","","","","","","","","","","","","","","","","","","","","","",""
"USW00023272","2023-02-24T08:59:00","37.7705","-122.4269","45.7","SAN FRANCISCO DOWNTOWN, CA US","FM-15","343","","","","0.3","","","","","","","","","","","","","","","","","","","","","","","","","","","","","","","","","","","","","","","","","","","","","","","","","","","","","","","","","","","","","","","","","","","","","","","","","","","","","","","","","","","","","","","","","","","","","","","","","","","","","","","","","","","","","","","","",""
"USW00023272","2023-02-24T10:59:00","37.7705","-122.4269","45.7","SAN FRANCISCO DOWNTOWN, CA US","FM-15","343","","","","0.8","","","","","","","","","","","","","","","","","","","","","","","","","","","","","","","","","","","","","","","","","","","","","","","","","","","","","","","","","","","","","","","","","","","","","","","","","","","","","","","","","","","","","","","","","","","","","","","","","","","","","","","","","","","","","","","","",""
"USW00023272","2023-02-24T11:59:00","37.7705","-122.4269","45.7","SAN FRANCISCO DOWNTOWN, CA US","FM-15","343","","","","0.5","","","","","","","","","","","","","","","","","","","","","","","","","","","","","","","","","","","","","","","","","","","","","","","","","","","","","","","","","","","","","","","","","","","","","","","","","","","","","","","","","","","","","","","","","","","","","","","","","","","","","","","","","","","","","","","","",""
"USW00023272","2023-02-24T12:59:00","37.7705","-122.4269","45.7","SAN FRANCISCO DOWNTOWN, CA US","FM-15","343","","","","0.8","","","","","","","","","","","","","","","","","","","","","","","","","","","","","","","","","","","","","","","","","","","","","","","","","","","","","","","","","","","","","","","","","","","","","","","","","","","","","","","","","","","","","","","","","","","","","","","","","","","","","","","","","","","","","","","","",""
"USW00023272","2023-02-25T00:00:00","37.7705","-122.4269","45.7","SAN FRANCISCO DOWNTOWN, CA US","SOD","","","","","","","","","","","","","","","","","","0648","1758","","7.5","","","","","","0","-5.17","10.8","10.0","5.0","","","0.0","0.0","","","","","","","","","","","","","","","","","","","","","","","","","","","","","","","","","","","","","","","","","","","","","","","","","","","","","","","","","","","","","","","","","","","","","","","","","","","","","","","","","","",""
"USW00023272","2023-02-26T00:00:00","37.7705","-122.4269","45.7","SAN FRANCISCO DOWNTOWN, CA US","SOD","","","","","","","","","","","","","","","","","","0647","1759","","8.6","","","","","","0","-4.12","9.7","10.0","7.2","","","8.4","0.0","","","","","","","","","","","","","","","","","","","","","","","","","","","","","","","","","","","","","","","","","","","","","","","","","","","","","","","","","","","","","","","","","","","","","","","","","","","","","","","","","","",""
"USW00023272","2023-02-26T10:59:00","37.7705","-122.4269","45.7","SAN FRANCISCO DOWNTOWN, CA US","FM-15","343","","","","0.3","","","","","","","","","","","","","","","","","","","","","","","","","","","","","","","","","","","","","","","","","","","","","","","","","","","","","","","","","","","","","","","","","","","","","","","","","","","","","","","","","","","","","","","","","","","","","","","","","","","","","","","","","","","","","","","","",""
"USW00023272","2023-02-26T11:59:00","37.7705","-122.4269","45.7","SAN FRANCISCO DOWNTOWN, CA US","FM-15","343","","","","0.3","","","","","","","","","","","","","","","","","","","","","","","","","","","","","","","","","","","","","","","","","","","","","","","","","","","","","","","","","","","","","","","","","","","","","","","","","","","","","","","","","","","","","","","","","","","","","","","","","","","","","","","","","","","","","","","","",""
"USW00023272","2023-02-26T14:59:00","37.7705","-122.4269","45.7","SAN FRANCISCO DOWNTOWN, CA US","FM-15","343","","","","1.5","","","","","","","","","","","","","","","","","","","","","","","","","","","","","","","","","","","","","","","","","","","","","","","","","","","","","","","","","","","","","","","","","","","","","","","","","","","","","","","","","","","","","","","","","","","","","","","","","","","","","","","","","","","","","","","","",""
"USW00023272","2023-02-26T15:59:00","37.7705","-122.4269","45.7","SAN FRANCISCO DOWNTOWN, CA US","FM-15","343","","","","2.5","","","","","","","","","","","","","","","","","","","","","","","","","","","","","","","","","","","","","","","","","","","","","","","","","","","","","","","","","","","","","","","","","","","","","","","","","","","","","","","","","","","","","","","","","","","","","","","","","","","","","","","","","","","","","","","","",""
"USW00023272","2023-02-26T16:59:00","37.7705","-122.4269","45.7","SAN FRANCISCO DOWNTOWN, CA US","FM-15","343","","","","3.8","","","","","","","","","","","","","","","","","","","","","","","","","","","","","","","","","","","","","","","","","","","","","","","","","","","","","","","","","","","","","","","","","","","","","","","","","","","","","","","","","","","","","","","","","","","","","","","","","","","","","","","","","","","","","","","","",""
"USW00023272","2023-02-27T00:00:00","37.7705","-122.4269","45.7","SAN FRANCISCO DOWNTOWN, CA US","SOD","","","","","","","","","","","","","","","","","","0646","1800","","7.5","","","","","","0","-5.22","10.8","10.0","5.0","","","10.9","0.0","","","","","","","","","","","","","","","","","","","","","","","","","","","","","","","","","","","","","","","","","","","","","","","","","","","","","","","","","","","","","","","","","","","","","","","","","","","","","","","","","","",""
"USW00023272","2023-02-27T08:59:00","37.7705","-122.4269","45.7","SAN FRANCISCO DOWNTOWN, CA US","FM-15","343","","","","0.5","","","","","","","","","","","","","","","","","","","","","","","","","","","","","","","","","","","","","","","","","","","","","","","","","","","","","","","","","","","","","","","","","","","","","","","","","","","","","","","","","","","","","","","","","","","","","","","","","","","","","","","","","","","","","","","","",""
"USW00023272","2023-02-27T09:59:00","37.7705","-122.4269","45.7","SAN FRANCISCO DOWNTOWN, CA US","FM-15","343","","","","6.1","","","","","","","","","","","","","","","","","","","","","","","","","","","","","","","","","","","","","","","","","","","","","","","","","","","","","","","","","","","","","","","","","","","","","","","","","","","","","","","","","","","","","","","","","","","","","","","","","","","","","","","","","","","","","","","","",""
"USW00023272","2023-02-27T10:59:00","37.7705","-122.4269","45.7","SAN FRANCISCO DOWNTOWN, CA US","FM-15","343","","","","0.3","","","","","","","","","","","","","","","","","","","","","","","","","","","","","","","","","","","","","","","","","","","","","","","","","","","","","","","","","","","","","","","","","","","","","","","","","","","","","","","","","","","","","","","","","","","","","","","","","","","","","","","","","","","","","","","","",""
"USW00023272","2023-02-27T11:59:00","37.7705","-122.4269","45.7","SAN FRANCISCO DOWNTOWN, CA US","FM-15","343","","","","2.3","","","","","","","","","","","","","","","","","","","","","","","","","","","","","","","","","","","","","","","","","","","","","","","","","","","","","","","","","","","","","","","","","","","","","","","","","","","","","","","","","","","","","","","","","","","","","","","","","","","","","","","","","","","","","","","","",""
"USW00023272","2023-02-27T13:59:00","37.7705","-122.4269","45.7","SAN FRANCISCO DOWNTOWN, CA US","FM-15","343","","","","0.8","","","","","","","","","","","","","","","","","","","","","","","","","","","","","","","","","","","","","","","","","","","","","","","","","","","","","","","","","","","","","","","","","","","","","","","","","","","","","","","","","","","","","","","","","","","","","","","","","","","","","","","","","","","","","","","","",""
"USW00023272","2023-02-27T22:59:00","37.7705","-122.4269","45.7","SAN FRANCISCO DOWNTOWN, CA US","FM-15","343","","","","1.0","","","","","","","","","","","","","","","","","","","","","","","","","","","","","","","","","","","","","","","","","","","","","","","","","","","","","","","","","","","","","","","","","","","","","","","","","","","","","","","","","","","","","","","","","","","","","","","","","","","","","","","","","","","","","","","","",""
"USW00023272","2023-02-28T00:00:00","37.7705","-122.4269","45.7","SAN FRANCISCO DOWNTOWN, CA US","SOD","","","","","","","","","","","","","","","","","","0644","1801","","8.7","","","","","","0","-4.08","9.6","11.7","5.6","","","10.9","0.0","","","","","","","","","","","","","","","","","","","","","","","","","","","","","","","","","","","","","","","","","","","","","","","","","","","","","","","","","","","","","","","","","","","","","","","","","","","","","","","","","","",""
"USW00023272","2023-02-28T05:59:00","37.7705","-122.4269","45.7","SAN FRANCISCO DOWNTOWN, CA US","FM-15","343","","","","0.5","","","","","","","","","","","","","","","","","","","","","","","","","","","","","","","","","","","","","","","","","","","","","","","","","","","","","","","","","","","","","","","","","","","","","","","","","","","","","","","","","","","","","","","","","","","","","","","","","","","","","","","","","","","","","","","","",""
"USW00023272","2023-02-28T07:59:00","37.7705","-122.4269","45.7","SAN FRANCISCO DOWNTOWN, CA US","FM-15","343","","","","1.0","","","","","","","","","","","","","","","","","","","","","","","","","","","","","","","","","","","","","","","","","","","","","","","","","","","","","","","","","","","","","","","","","","","","","","","","","","","","","","","","","","","","","","","","","","","","","","","","","","","","","","","","","","","","","","","","",""
"USW00023272","2023-02-28T08:59:00","37.7705","-122.4269","45.7","SAN FRANCISCO DOWNTOWN, CA US","FM-15","343","","","","3.3","","","","","","","","","","","","","","","","","","","","","","","","","","","","","","","","","","","","","","","","","","","","","","","","","","","","","","","","","","","","","","","","","","","","","","","","","","","","","","","","","","","","","","","","","","","","","","","","","","","","","","","","","","","","","","","","",""
"USW00023272","2023-02-28T09:59:00","37.7705","-122.4269","45.7","SAN FRANCISCO DOWNTOWN, CA US","FM-15","343","","","","3.6","","","","","","","","","","","","","","","","","","","","","","","","","","","","","","","","","","","","","","","","","","","","","","","","","","","","","","","","","","","","","","","","","","","","","","","","","","","","","","","","","","","","","","","","","","","","","","","","","","","","","","","","","","","","","","","","",""
"USW00023272","2023-02-28T10:59:00","37.7705","-122.4269","45.7","SAN FRANCISCO DOWNTOWN, CA US","FM-15","343","","","","0.8","","","","","","","","","","","","","","","","","","","","","","","","","","","","","","","","","","","","","","","","","","","","","","","","","","","","","","","","","","","","","","","","","","","","","","","","","","","","","","","","","","","","","","","","","","","","","","","","","","","","","","","","","","","","","","","","",""
"USW00023272","2023-02-28T16:59:00","37.7705","-122.4269","45.7","SAN FRANCISCO DOWNTOWN, CA US","FM-15","343","","","","1.5","","","","","","","","","","","","","","","","","","","","","","","","","","","","","","","","","","","","","","","","","","","","","","","","","","","","","","","","","","","","","","","","","","","","","","","","","","","","","","","","","","","","","","","","","","","","","","","","","","","","","","","","","","","","","","","","",""
"USW00023272","2023-02-28T18:59:00","37.7705","-122.4269","45.7","SAN FRANCISCO DOWNTOWN, CA US","FM-15","343","","","","0.3","","","","","","","","","","","","","","","","","","","","","","","","","","","","","","","","","","","","","","","","","","","","","","","","","","","","","","","","","","","","","","","","","","","","","","","","","","","","","","","","","","","","","","","","","","","","","","","","","","","","","","","","","","","","","","","","",""
"USW00023272","2023-03-01T00:00:00","37.7705","-122.4269","45.7","SAN FRANCISCO DOWNTOWN, CA US","SOD","","","","","","","","","","","","","","","","","","0643","1802","","8.4","","","","","","0","-4.38","9.9","12.8","3.9","","","0.0","0.0","","","","","","","","","","","","","","","","","","","","","","","","","","","","","","","","","","","","","","","","","","","","","","","","","","","","","","","","","","","","","","","","","","","","","","","","","","","","","","","","","","",""
"USW00023272","2023-03-01T00:00:00","37.7705","-122.4269","45.7","SAN FRANCISCO DOWNTOWN, CA US","SOM","","","","","","","","","","","","","","","","","","","","","","","","","","","","","","","","","","","","","","","","","18","13","0","0","0","0","-2.37","-1.22","72.17","-2.86","-1.88","97.5","","32.0","21-22","0","","","","","","","13.86","10.69","","","","7.51","","","177.5","","","","0.0","0.0","","1340.3","237.0","","","2.2","296.7","","","","","","","","","","","","","","","","","","","","","","","","","","","","","","","","","","",""
"USW00023272","2023-03-02T00:00:00","37.7705","-122.4269","45.7","SAN FRANCISCO DOWNTOWN, CA US","SOD","","","","","","","","","","","","","","","","","","0642","1803","","10.3","","","","","","0","-2.53","8.0","14.4","6.1","","","0.0","0.0","","","","","","","","","","","","","","","","","","","","","","","","","","","","","","","","","","","","","","","","","","","","","","","","","","","","","","","","","","","","","","","","","","","","","","","","","","","","","","","","","","",""
"USW00023272","2023-03-03T00:00:00","37.7705","-122.4269","45.7","SAN FRANCISCO DOWNTOWN, CA US","SOD","","","","","","","","","","","","","","","","","","0640","1804","","10.3","","","","","","0","-2.53","8.0","13.9","6.7","","","0.0","0.0","","","","","","","","","","","","","","","","","","","","","","","","","","","","","","","","","","","","","","","","","","","","","","","","","","","","","","","","","","","","","","","","","","","","","","","","","","","","","","","","","","",""
"USW00023272","2023-03-04T00:00:00","37.7705","-122.4269","45.7","SAN FRANCISCO DOWNTOWN, CA US","SOD","","","","","","","","","","","","","","","","","","0639","1805","","8.9","","","","","","0","-3.93","9.4","11.1","6.7","","","5.8","0.0","","","","","","","","","","","","","","","","","","","","","","","","","","","","","","","","","","","","","","","","","","","","","","","","","","","","","","","","","","","","","","","","","","","","","","","","","","","","","","","","","","",""
"USW00023272","2023-03-04T11:59:00","37.7705","-122.4269","45.7","SAN FRANCISCO DOWNTOWN, CA US","FM-15","343","","","","4.8","","","","","","","","","","","","","","","","","","","","","","","","","","","","","","","","","","","","","","","","","","","","","","","","","","","","","","","","","","","","","","","","","","","","","","","","","","","","","","","","","","","","","","","","","","","","","","","","","","","","","","","","","","","","","","","","",""
"USW00023272","2023-03-04T13:59:00","37.7705","-122.4269","45.7","SAN FRANCISCO DOWNTOWN, CA US","FM-15","343","","","","0.5","","","","","","","","","","","","","","","","","","","","","","","","","","","","","","","","","","","","","","","","","","","","","","","","","","","","","","","","","","","","","","","","","","","","","","","","","","","","","","","","","","","","","","","","","","","","","","","","","","","","","","","","","","","","","","","","",""
"USW00023272","2023-03-04T20:59:00","37.7705","-122.4269","45.7","SAN FRANCISCO DOWNTOWN, CA US","FM-15","343","","","","5.6","","","","","","","","","","","","","","","","","","","","","","","","","","","","","","","","","","","","","","","","","","","","","","","","","","","","","","","","","","","","","","","","","","","","","","","","","","","","","","","","","","","","","","","","","","","","","","","","","","","","","","","","","","","","","","","","",""
"USW00023272","2023-03-05T00:00:00","37.7705","-122.4269","45.7","SAN FRANCISCO DOWNTOWN, CA US","SOD","","","","","","","","","","","","","","","","","","0637","1806","","8.9","","","","","","0","-3.99","9.4","12.2","5.6","","","7.9","0.0","","","","","","","","","","","","","","","","","","","","","","","","","","","","","","","","","","","","","","","","","","","","","","","","","","","","","","","","","","","","","","","","","","","","","","","","","","","","","","","","","","",""
"USW00023272","2023-03-05T01:59:00","37.7705","-122.4269","45.7","SAN FRANCISCO DOWNTOWN, CA US","FM-15","343","","","","5.8","","","","","","","","","","","","","","","","","","","","","","","","","","","","","","","","","","","","","","","","","","","","","","","","","","","","","","","","","","","","","","","","","","","","","","","","","","","","","","","","","","","","","","","","","","","","","","","","","","","","","","","","","","","","","","","","",""
"USW00023272","2023-03-05T02:59:00","37.7705","-122.4269","45.7","SAN FRANCISCO DOWNTOWN, CA US","FM-15","343","","","","1.3","","","","","","","","","","","","","","","","","","","","","","","","","","","","","","","","","","","","","","","","","","","","","","","","","","","","","","","","","","","","","","","","","","","","","","","","","","","","","","","","","","","","","","","","","","","","","","","","","","","","","","","","","","","","","","","","",""
"USW00023272","2023-03-05T05:59:00","37.7705","-122.4269","45.7","SAN FRANCISCO DOWNTOWN, CA US","FM-15","343","","","","0.3","","","","","","","","","","","","","","","","","","","","","","","","","","","","","","","","","","","","","","","","","","","","","","","","","","","","","","","","","","","","","","","","","","","","","","","","","","","","","","","","","","","","","","","","","","","","","","","","","","","","","","","","","","","","","","","","",""
"USW00023272","2023-03-05T19:59:00","37.7705","-122.4269","45.7","SAN FRANCISCO DOWNTOWN, CA US","FM-15","343","","","","0.3","","","","","","","","","","","","","","","","","","","","","","","","","","","","","","","","","","","","","","","","","","","","","","","","","","","","","","","","","","","","","","","","","","","","","","","","","","","","","","","","","","","","","","","","","","","","","","","","","","","","","","","","","","","","","","","","",""
"USW00023272","2023-03-05T20:59:00","37.7705","-122.4269","45.7","SAN FRANCISCO DOWNTOWN, CA US","FM-15","343","","","","0.3","","","","","","","","","","","","","","","","","","","","","","","","","","","","","","","","","","","","","","","","","","","","","","","","","","","","","","","","","","","","","","","","","","","","","","","","","","","","","","","","","","","","","","","","","","","","","","","","","","","","","","","","","","","","","","","","",""
"USW00023272","2023-03-06T00:00:00","37.7705","-122.4269","45.7","SAN FRANCISCO DOWNTOWN, CA US","SOD","","","","","","","","","","","","","","","","","","0636","1807","","8.9","","","","","","0","-3.99","9.4","12.2","5.6","","","5.8","0.0","","","","","","","","","","","","","","","","","","","","","","","","","","","","","","","","","","","","","","","","","","","","","","","","","","","","","","","","","","","","","","","","","","","","","","","","","","","","","","","","","","",""
"USW00023272","2023-03-06T06:59:00","37.7705","-122.4269","45.7","SAN FRANCISCO DOWNTOWN, CA US","FM-15","343","","","","0.8","","","","","","","","","","","","","","","","","","","","","","","","","","","","","","","","","","","","","","","","","","","","","","","","","","","","","","","","","","","","","","","","","","","","","","","","","","","","","","","","","","","","","","","","","","","","","","","","","","","","","","","","","","","","","","","","",""
"USW00023272","2023-03-06T21:59:00","37.7705","-122.4269","45.7","SAN FRANCISCO DOWNTOWN, CA US","FM-15","343","","","","1.5","","","","","","","","","","","","","","","","","","","","","","","","","","","","","","","","","","","","","","","","","","","","","","","","","","","","","","","","","","","","","","","","","","","","","","","","","","","","","","","","","","","","","","","","","","","","","","","","","","","","","","","","","","","","","","","","",""
"USW00023272","2023-03-06T22:59:00","37.7705","-122.4269","45.7","SAN FRANCISCO DOWNTOWN, CA US","FM-15","343","","","","3.6","","","","","","","","","","","","","","","","","","","","","","","","","","","","","","","","","","","","","","","","","","","","","","","","","","","","","","","","","","","","","","","","","","","","","","","","","","","","","","","","","","","","","","","","","","","","","","","","","","","","","","","","","","","","","","","","",""
"USW00023272","2023-03-07T00:00:00","37.7705","-122.4269","45.7","SAN FRANCISCO DOWNTOWN, CA US","SOD","","","","","","","","","","","","","","","","","","0634","1808","","8.9","","","","","","0","-3.99","9.4","11.7","6.1","","","0.5","0.0","","","","","","","","","","","","","","","","","","","","","","","","","","","","","","","","","","","","","","","","","","","","","","","","","","","","","","","","","","","","","","","","","","","","","","","","","","","","","","","","","","",""
"USW00023272","2023-03-07T03:59:00","37.7705","-122.4269","45.7","SAN FRANCISCO DOWNTOWN, CA US","FM-15","343","","","","0.3","","","","","","","","","","","","","","","","","","","","","","","","","","","","","","","","","","","","","","","","","","","","","","","","","","","","","","","","","","","","","","","","","","","","","","","","","","","","","","","","","","","","","","","","","","","","","","","","","","","","","","","","","","","","","","","","",""
"USW00023272","2023-03-07T07:59:00","37.7705","-122.4269","45.7","SAN FRANCISCO DOWNTOWN, CA US","FM-15","343","","","","0.3","","","","","","","","","","","","","","","","","","","","","","","","","","","","","","","","","","","","","","","","","","","","","","","","","","","","","","","","","","","","","","","","","","","","","","","","","","","","","","","","","","","","","","","","","","","","","","","","","","","","","","","","","","","","","","","","",""
"USW00023272","2023-03-08T00:00:00","37.7705","-122.4269","45.7","SAN FRANCISCO DOWNTOWN, CA US","SOD","","","","","","","","","","","","","","","","","","0633","1809","","9.5","","","","","","0","-3.44","8.8","12.2","6.7","","","7.1","0.0","","","","","","","","","","","","","","","","","","","","","","","","","","","","","","","","","","","","","","","","","","","","","","","","","","","","","","","","","","","","","","","","","","","","","","","","","","","","","","","","","","",""
"USW00023272","2023-03-08T02:59:00","37.7705","-122.4269","45.7","SAN FRANCISCO DOWNTOWN, CA US","FM-15","343","","","","0.5","","","","","","","","","","","","","","","","","","","","","","","","","","","","","","","","","","","","","","","","","","","","","","","","","","","","","","","","","","","","","","","","","","","","","","","","","","","","","","","","","","","","","","","","","","","","","","","","","","","","","","","","","","","","","","","","",""
"USW00023272","2023-03-08T03:59:00","37.7705","-122.4269","45.7","SAN FRANCISCO DOWNTOWN, CA US","FM-15","343","","","","1.8","","","","","","","","","","","","","","","","","","","","","","","","","","","","","","","","","","","","","","","","","","","","","","","","","","","","","","","","","","","","","","","","","","","","","","","","","","","","","","","","","","","","","","","","","","","","","","","","","","","","","","","","","","","","","","","","",""
"USW00023272","2023-03-08T05:59:00","37.7705","-122.4269","45.7","SAN FRANCISCO DOWNTOWN, CA US","FM-15","343","","","","2.8","","","","","","","","","","","","","","","","","","","","","","","","","","","","","","","","","","","","","","","","","","","","","","","","","","","","","","","","","","","","","","","","","","","","","","","","","","","","","","","","","","","","","","","","","","","","","","","","","","","","","","","","","","","","","","","","",""
"USW00023272","2023-03-08T06:59:00","37.7705","-122.4269","45.7","SAN FRANCISCO DOWNTOWN, CA US","FM-15","343","","","","2.0","","","","","","","","","","","","","","","","","","","","","","","","","","","","","","","","","","","","","","","","","","","","","","","","","","","","","","","","","","","","","","","","","","","","","","","","","","","","","","","","","","","","","","","","","","","","","","","","","","","","","","","","","","","","","","","","",""
"USW00023272","2023-03-09T00:00:00","37.7705","-122.4269","45.7","SAN FRANCISCO DOWNTOWN, CA US","SOD","","","","","","","","","","","","","","","","","","0631","1810","","10.6","","","","","","0","-2.34","7.7","13.9","7.2","","","18.3","0.0","","","","","","","","","","","","","","","","","","","","","","","","","","","","","","","","","","","","","","","","","","","","","","","","","","","","","","","","","","","","","","","","","","","","","","","","","","","","","","","","","","",""
"USW00023272","2023-03-09T09:59:00","37.7705","-122.4269","45.7","SAN FRANCISCO DOWNTOWN, CA US","FM-15","343","","","","0.3","","","","","","","","","","","","","","","","","","","","","","","","","","","","","","","","","","","","","","","","","","","","","","","","","","","","","","","","","","","","","","","","","","","","","","","","","","","","","","","","","","","","","","","","","","","","","","","","","","","","","","","","","","","","","","","","",""
"USW00023272","2023-03-09T12:59:00","37.7705","-122.4269","45.7","SAN FRANCISCO DOWNTOWN, CA US","FM-15","343","","","","1.3","","","","","","","","","","","","","","","","","","","","","","","","","","","","","","","","","","","","","","","","","","","","","","","","","","","","","","","","","","","","","","","","","","","","","","","","","","","","","","","","","","","","","","","","","","","","","","","","","","","","","","","","","","","","","","","","",""
"USW00023272","2023-03-09T13:59:00","37.7705","-122.4269","45.7","SAN FRANCISCO DOWNTOWN, CA US","FM-15","343","","","","3.0","","","","","","","","","","","","","","","","","","","","","","","","","","","","","","","","","","","","","","","","","","","","","","","","","","","","","","","","","","","","","","","","","","","","","","","","","","","","","","","","","","","","","","","","","","","","","","","","","","","","","","","","","","","","","","","","",""
"USW00023272","2023-03-09T14:59:00","37.7705","-122.4269","45.7","SAN FRANCISCO DOWNTOWN, CA US","FM-15","343","","","","1.0","","","","","","","","","","","","","","","","","","","","","","","","","","","","","","","","","","","","","","","","","","","","","","","","","","","","","","","","","","","","","","","","","","","","","","","","","","","","","","","","","","","","","","","","","","","","","","","","","","","","","","","","","","","","","","","","",""
"USW00023272","2023-03-09T15:59:00","37.7705","-122.4269","45.7","SAN FRANCISCO DOWNTOWN, CA US","FM-15","343","","","","0.5","","","","","","","","","","","","","","","","","","","","","","","","","","","","","","","","","","","","","","","","","","","","","","","","","","","","","","","","","","","","","","","","","","","","","","","","","","","","","","","","","","","","","","","","","","","","","","","","","","","","","","","","","","","","","","","","",""
"USW00023272","2023-03-09T16:59:00","37.7705","-122.4269","45.7","SAN FRANCISCO DOWNTOWN, CA US","FM-15","343","","","","1.3","","","","","","","","","","","","","","","","","","","","","","","","","","","","","","","","","","","","","","","","","","","","","","","","","","","","","","","","","","","","","","","","","","","","","","","","","","","","","","","","","","","","","","","","","","","","","","","","","","","","","","","","","","","","","","","","",""
"USW00023272","2023-03-09T17:59:00","37.7705","-122.4269","45.7","SAN FRANCISCO DOWNTOWN, CA US","FM-15","343","","","","4.1","","","","","","","","","","","","","","","","","","","","","","","","","","","","","","","","","","","","","","","","","","","","","","","","","","","","","","","","","","","","","","","","","","","","","","","","","","","","","","","","","","","","","","","","","","","","","","","","","","","","","","","","","","","","","","","","",""
"USW00023272","2023-03-09T18:59:00","37.7705","-122.4269","45.7","SAN FRANCISCO DOWNTOWN, CA US","FM-15","343","","","","0.3","","","","","","","","","","","","","","","","","","","","","","","","","","","","","","","","","","","","","","","","","","","","","","","","","","","","","","","","","","","","","","","","","","","","","","","","","","","","","","","","","","","","","","","","","","","","","","","","","","","","","","","","","","","","","","","","",""
"USW00023272","2023-03-09T19:59:00","37.7705","-122.4269","45.7","SAN FRANCISCO DOWNTOWN, CA US","FM-15","343","","","","2.5","","","","","","","","","","","","","","","","","","","","","","","","","","","","","","","","","","","","","","","","","","","","","","","","","","","","","","","","","","","","","","","","","","","","","","","","","","","","","","","","","","","","","","","","","","","","","","","","","","","","","","","","","","","","","","","","",""
"USW00023272","2023-03-09T20:59:00","37.7705","-122.4269","45.7","SAN FRANCISCO DOWNTOWN, CA US","FM-15","343","","","","2.8","","","","","","","","","","","","","","","","","","","","","","","","","","","","","","","","","","","","","","","","","","","","","","","","","","","","","","","","","","","","","","","","","","","","","","","","","","","","","","","","","","","","","","","","","","","","","","","","","","","","","","","","","","","","","","","","",""
"USW00023272","2023-03-09T21:59:00","37.7705","-122.4269","45.7","SAN FRANCISCO DOWNTOWN, CA US","FM-15","343","","","","0.5","","","","","","","","","","","","","","","","","","","","","","","","","","","","","","","","","","","","","","","","","","","","","","","","","","","","","","","","","","","","","","","","","","","","","","","","","","","","","","","","","","","","","","","","","","","","","","","","","","","","","","","","","","","","","","","","",""
"USW00023272","2023-03-09T22:59:00","37.7705","-122.4269","45.7","SAN FRANCISCO DOWNTOWN, CA US","FM-15","343","","","","0.5","","","","","","","","","","","","","","","","","","","","","","","","","","","","","","","","","","","","","","","","","","","","","","","","","","","","","","","","","","","","","","","","","","","","","","","","","","","","","","","","","","","","","","","","","","","","","","","","","","","","","","","","","","","","","","","","",""
"USW00023272","2023-03-09T23:59:00","37.7705","-122.4269","45.7","SAN FRANCISCO DOWNTOWN, CA US","FM-15","343","","","","0.3","","","","","","","","","","","","","","","","","","","","","","","","","","","","","","","","","","","","","","","","","","","","","","","","","","","","","","","","","","","","","","","","","","","","","","","","","","","","","","","","","","","","","","","","","","","","","","","","","","","","","","","","","","","","","","","","",""
"USW00023272","2023-03-10T00:00:00","37.7705","-122.4269","45.7","SAN FRANCISCO DOWNTOWN, CA US","SOD","","","","","","","","","","","","","","","","","","0630","1811","","11.7","","","","","","0","-1.24","6.6","14.4","8.9","","","9.7","0.0","","","","","","","","","","","","","","","","","","","","","","","","","","","","","","","","","","","","","","","","","","","","","","","","","","","","","","","","","","","","","","","","","","","","","","","","","","","","","","","","","","",""
"USW00023272","2023-03-10T00:59:00","37.7705","-122.4269","45.7","SAN FRANCISCO DOWNTOWN, CA US","FM-15","343","","","","2.5","","","","","","","","","","","","","","","","","","","","","","","","","","","","","","","","","","","","","","","","","","","","","","","","","","","","","","","","","","","","","","","","","","","","","","","","","","","","","","","","","","","","","","","","","","","","","","","","","","","","","","","","","","","","","","","","",""
"USW00023272","2023-03-10T01:59:00","37.7705","-122.4269","45.7","SAN FRANCISCO DOWNTOWN, CA US","FM-15","343","","","","3.8","","","","","","","","","","","","","","","","","","","","","","","","","","","","","","","","","","","","","","","","","","","","","","","","","","","","","","","","","","","","","","","","","","","","","","","","","","","","","","","","","","","","","","","","","","","","","","","","","","","","","","","","","","","","","","","","",""
"USW00023272","2023-03-10T02:59:00","37.7705","-122.4269","45.7","SAN FRANCISCO DOWNTOWN, CA US","FM-15","343","","","","1.0","","","","","","","","","","","","","","","","","","","","","","","","","","","","","","","","","","","","","","","","","","","","","","","","","","","","","","","","","","","","","","","","","","","","","","","","","","","","","","","","","","","","","","","","","","","","","","","","","","","","","","","","","","","","","","","","",""
"USW00023272","2023-03-10T03:59:00","37.7705","-122.4269","45.7","SAN FRANCISCO DOWNTOWN, CA US","FM-15","343","","","","0.8","","","","","","","","","","","","","","","","","","","","","","","","","","","","","","","","","","","","","","","","","","","","","","","","","","","","","","","","","","","","","","","","","","","","","","","","","","","","","","","","","","","","","","","","","","","","","","","","","","","","","","","","","","","","","","","","",""
"USW00023272","2023-03-10T04:59:00","37.7705","-122.4269","45.7","SAN FRANCISCO DOWNTOWN, CA US","FM-15","343","","","","0.8","","","","","","","","","","","","","","","","","","","","","","","","","","","","","","","","","","","","","","","","","","","","","","","","","","","","","","","","","","","","","","","","","","","","","","","","","","","","","","","","","","","","","","","","","","","","","","","","","","","","","","","","","","","","","","","","",""
"USW00023272","2023-03-10T05:59:00","37.7705","-122.4269","45.7","SAN FRANCISCO DOWNTOWN, CA US","FM-15","343","","","","0.8","","","","","","","","","","","","","","","","","","","","","","","","","","","","","","","","","","","","","","","","","","","","","","","","","","","","","","","","","","","","","","","","","","","","","","","","","","","","","","","","","","","","","","","","","","","","","","","","","","","","","","","","","","","","","","","","",""
"USW00023272","2023-03-11T00:00:00","37.7705","-122.4269","45.7","SAN FRANCISCO DOWNTOWN, CA US","SOD","","","","","","","","","","","","","","","","","","0629","1812","","12.0","","","","","","0","-1.00","6.3","15.6","8.3","","","1.0","0.0","","","","","","","","","","","","","","","","","","","","","","","","","","","","","","","","","","","","","","","","","","","","","","","","","","","","","","","","","","","","","","","","","","","","","","","","","","","","","","","","","","",""
"USW00023272","2023-03-11T10:59:00","37.7705","-122.4269","45.7","SAN FRANCISCO DOWNTOWN, CA US","FM-15","343","","","","0.3","","","","","","","","","","","","","","","","","","","","","","","","","","","","","","","","","","","","","","","","","","","","","","","","","","","","","","","","","","","","","","","","","","","","","","","","","","","","","","","","","","","","","","","","","","","","","","","","","","","","","","","","","","","","","","","","",""
"USW00023272","2023-03-11T11:59:00","37.7705","-122.4269","45.7","SAN FRANCISCO DOWNTOWN, CA US","FM-15","343","","","","0.3","","","","","","","","","","","","","","","","","","","","","","","","","","","","","","","","","","","","","","","","","","","","","","","","","","","","","","","","","","","","","","","","","","","","","","","","","","","","","","","","","","","","","","","","","","","","","","","","","","","","","","","","","","","","","","","","",""
"USW00023272","2023-03-11T15:59:00","37.7705","-122.4269","45.7","SAN FRANCISCO DOWNTOWN, CA US","FM-15","343","","","","0.3","","","","","","","","","","","","","","","","","","","","","","","","","","","","","","","","","","","","","","","","","","","","","","","","","","","","","","","","","","","","","","","","","","","","","","","","","","","","","","","","","","","","","","","","","","","","","","","","","","","","","","","","","","","","","","","","",""
"USW00023272","2023-03-11T19:59:00","37.7705","-122.4269","45.7","SAN FRANCISCO DOWNTOWN, CA US","FM-15","343","","","","0.3","","","","","","","","","","","","","","","","","","","","","","","","","","","","","","","","","","","","","","","","","","","","","","","","","","","","","","","","","","","","","","","","","","","","","","","","","","","","","","","","","","","","","","","","","","","","","","","","","","","","","","","","","","","","","","","","",""
"USW00023272","2023-03-12T00:00:00","37.7705","-122.4269","45.7","SAN FRANCISCO DOWNTOWN, CA US","SOD","","","","","","","","","","","","","","","","","","0627","1813","","13.1","","","","","","0","0.10","5.2","14.4","11.7","","","4.6","0.0","","","","","","","","","","","","","","","","","","","","","","","","","","","","","","","","","","","","","","","","","","","","","","","","","","","","","","","","","","","","","","","","","","","","","","","","","","","","","","","","","","",""
"USW00023272","2023-03-12T04:59:00","37.7705","-122.4269","45.7","SAN FRANCISCO DOWNTOWN, CA US","FM-15","343","","","","0.5","","","","","","","","","","","","","","","","","","","","","","","","","","","","","","","","","","","","","","","","","","","","","","","","","","","","","","","","","","","","","","","","","","","","","","","","","","","","","","","","","","","","","","","","","","","","","","","","","","","","","","","","","","","","","","","","",""
"USW00023272","2023-03-12T05:59:00","37.7705","-122.4269","45.7","SAN FRANCISCO DOWNTOWN, CA US","FM-15","343","","","","1.8","","","","","","","","","","","","","","","","","","","","","","","","","","","","","","","","","","","","","","","","","","","","","","","","","","","","","","","","","","","","","","","","","","","","","","","","","","","","","","","","","","","","","","","","","","","","","","","","","","","","","","","","","","","","","","","","",""
"USW00023272","2023-03-12T06:59:00","37.7705","-122.4269","45.7","SAN FRANCISCO DOWNTOWN, CA US","FM-15","343","","","","0.5","","","","","","","","","","","","","","","","","","","","","","","","","","","","","","","","","","","","","","","","","","","","","","","","","","","","","","","","","","","","","","","","","","","","","","","","","","","","","","","","","","","","","","","","","","","","","","","","","","","","","","","","","","","","","","","","",""
"USW00023272","2023-03-12T07:59:00","37.7705","-122.4269","45.7","SAN FRANCISCO DOWNTOWN, CA US","FM-15","343","","","","0.3","","","","","","","","","","","","","","","","","","","","","","","","","","","","","","","","","","","","","","","","","","","","","","","","","","","","","","","","","","","","","","","","","","","","","","","","","","","","","","","","","","","","","","","","","","","","","","","","","","","","","","","","","","","","","","","","",""
"USW00023272","2023-03-12T11:59:00","37.7705","-122.4269","45.7","SAN FRANCISCO DOWNTOWN, CA US","FM-15","343","","","","0.8","","","","","","","","","","","","","","","","","","","","","","","","","","","","","","","","","","","","","","","","","","","","","","","","","","","","","","","","","","","","","","","","","","","","","","","","","","","","","","","","","","","","","","","","","","","","","","","","","","","","","","","","","","","","","","","","",""
"USW00023272","2023-03-12T17:59:00","37.7705","-122.4269","45.7","SAN FRANCISCO DOWNTOWN, CA US","FM-15","343","","","","0.3","","","","","","","","","","","","","","","","","","","","","","","","","","","","","","","","","","","","","","","","","","","","","","","","","","","","","","","","","","","","","","","","","","","","","","","","","","","","","","","","","","","","","","","","","","","","","","","","","","","","","","","","","","","","","","","","",""
"USW00023272","2023-03-12T23:59:00","37.7705","-122.4269","45.7","SAN FRANCISCO DOWNTOWN, CA US","FM-15","343","","","","0.5","","","","","","","","","","","","","","","","","","","","","","","","","","","","","","","","","","","","","","","","","","","","","","","","","","","","","","","","","","","","","","","","","","","","","","","","","","","","","","","","","","","","","","","","","","","","","","","","","","","","","","","","","","","","","","","","",""
"USW00023272","2023-03-13T00:00:00","37.7705","-122.4269","45.7","SAN FRANCISCO DOWNTOWN, CA US","SOD","","","","","","","","","","","","","","","","","","0626","1814","","15.3","","","","","","0","2.30","3.0","18.3","12.2","","","0.3","0.0","","","","","","","","","","","","","","","","","","","","","","","","","","","","","","","","","","","","","","","","","","","","","","","","","","","","","","","","","","","","","","","","","","","","","","","","","","","","","","","","","","",""
"USW00023272","2023-03-13T00:59:00","37.7705","-122.4269","45.7","SAN FRANCISCO DOWNTOWN, CA US","FM-15","343","","","","0.3","","","","","","","","","","","","","","","","","","","","","","","","","","","","","","","","","","","","","","","","","","","","","","","","","","","","","","","","","","","","","","","","","","","","","","","","","","","","","","","","","","","","","","","","","","","","","","","","","","","","","","","","","","","","","","","","",""
"USW00023272","2023-03-14T00:00:00","37.7705","-122.4269","45.7","SAN FRANCISCO DOWNTOWN, CA US","SOD","","","","","","","","","","","","","","","","","","0624","1815","","11.7","","","","","","0","-1.36","6.6","15.6","7.8","","","23.1","0.0","","","","","","","","","","","","","","","","","","","","","","","","","","","","","","","","","","","","","","","","","","","","","","","","","","","","","","","","","","","","","","","","","","","","","","","","","","","","","","","","","","",""
"USW00023272","2023-03-14T00:59:00","37.7705","-122.4269","45.7","SAN FRANCISCO DOWNTOWN, CA US","FM-15","343","","","","0.3","","","","","","","","","","","","","","","","","","","","","","","","","","","","","","","","","","","","","","","","","","","","","","","","","","","","","","","","","","","","","","","","","","","","","","","","","","","","","","","","","","","","","","","","","","","","","","","","","","","","","","","","","","","","","","","","",""
"USW00023272","2023-03-14T01:59:00","37.7705","-122.4269","45.7","SAN FRANCISCO DOWNTOWN, CA US","FM-15","343","","","","0.8","","","","","","","","","","","","","","","","","","","","","","","","","","","","","","","","","","","","","","","","","","","","","","","","","","","","","","","","","","","","","","","","","","","","","","","","","","","","","","","","","","","","","","","","","","","","","","","","","","","","","","","","","","","","","","","","",""
"USW00023272","2023-03-14T02:59:00","37.7705","-122.4269","45.7","SAN FRANCISCO DOWNTOWN, CA US","FM-15","343","","","","1.0","","","","","","","","","","","","","","","","","","","","","","","","","","","","","","","","","","","","","","","","","","","","","","","","","","","","","","","","","","","","","","","","","","","","","","","","","","","","","","","","","","","","","","","","","","","","","","","","","","","","","","","","","","","","","","","","",""
"USW00023272","2023-03-14T03:59:00","37.7705","-122.4269","45.7","SAN FRANCISCO DOWNTOWN, CA US","FM-15","343","","","","1.5","","","","","","","","","","","","","","","","","","","","","","","","","","","","","","","","","","","","","","","","","","","","","","","","","","","","","","","","","","","","","","","","","","","","","","","","","","","","","","","","","","","","","","","","","","","","","","","","","","","","","","","","","","","","","","","","",""
"USW00023272","2023-03-14T04:59:00","37.7705","-122.4269","45.7","SAN FRANCISCO DOWNTOWN, CA US","FM-15","343","","","","2.3","","","","","","","","","","","","","","","","","","","","","","","","","","","","","","","","","","","","","","","","","","","","","","","","","","","","","","","","","","","","","","","","","","","","","","","","","","","","","","","","","","","","","","","","","","","","","","","","","","","","","","","","","","","","","","","","",""
"USW00023272","2023-03-14T05:59:00","37.7705","-122.4269","45.7","SAN FRANCISCO DOWNTOWN, CA US","FM-15","343","","","","3.3","","","","","","","","","","","","","","","","","","","","","","","","","","","","","","","","","","","","","","","","","","","","","","","","","","","","","","","","","","","","","","","","","","","","","","","","","","","","","","","","","","","","","","","","","","","","","","","","","","","","","","","","","","","","","","","","",""
"USW00023272","2023-03-14T06:59:00","37.7705","-122.4269","45.7","SAN FRANCISCO DOWNTOWN, CA US","FM-15","343","","","","5.8","","","","","","","","","","","","","","","","","","","","","","","","","","","","","","","","","","","","","","","","","","","","","","","","","","","","","","","","","","","","","","","","","","","","","","","","","","","","","","","","","","","","","","","","","","","","","","","","","","","","","","","","","","","","","","","","",""
"USW00023272","2023-03-14T07:59:00","37.7705","-122.4269","45.7","SAN FRANCISCO DOWNTOWN, CA US","FM-15","343","","","","4.6","","","","","","","","","","","","","","","","","","","","","","","","","","","","","","","","","","","","","","","","","","","","","","","","","","","","","","","","","","","","","","","","","","","","","","","","","","","","","","","","","","","","","","","","","","","","","","","","","","","","","","","","","","","","","","","","",""
"USW00023272","2023-03-14T08:59:00","37.7705","-122.4269","45.7","SAN FRANCISCO DOWNTOWN, CA US","FM-15","343","","","","1.5","","","","","","","","","","","","","","","","","","","","","","","","","","","","","","","","","","","","","","","","","","","","","","","","","","","","","","","","","","","","","","","","","","","","","","","","","","","","","","","","","","","","","","","","","","","","","","","","","","","","","","","","","","","","","","","","",""
"USW00023272","2023-03-14T09:59:00","37.7705","-122.4269","45.7","SAN FRANCISCO DOWNTOWN, CA US","FM-15","343","","","","1.0","","","","","","","","","","","","","","","","","","","","","","","","","","","","","","","","","","","","","","","","","","","","","","","","","","","","","","","","","","","","","","","","","","","","","","","","","","","","","","","","","","","","","","","","","","","","","","","","","","","","","","","","","","","","","","","","",""
"USW00023272","2023-03-14T15:59:00","37.7705","-122.4269","45.7","SAN FRANCISCO DOWNTOWN, CA US","FM-15","343","","","","0.5","","","","","","","","","","","","","","","","","","","","","","","","","","","","","","","","","","","","","","","","","","","","","","","","","","","","","","","","","","","","","","","","","","","","","","","","","","","","","","","","","","","","","","","","","","","","","","","","","","","","","","","","","","","","","","","","",""
"USW00023272","2023-03-14T16:59:00","37.7705","-122.4269","45.7","SAN FRANCISCO DOWNTOWN, CA US","FM-15","343","","","","0.3","","","","","","","","","","","","","","","","","","","","","","","","","","","","","","","","","","","","","","","","","","","","","","","","","","","","","","","","","","","","","","","","","","","","","","","","","","","","","","","","","","","","","","","","","","","","","","","","","","","","","","","","","","","","","","","","",""
"USW00023272","2023-03-14T17:59:00","37.7705","-122.4269","45.7","SAN FRANCISCO DOWNTOWN, CA US","FM-15","343","","","","0.3","","","","","","","","","","","","","","","","","","","","","","","","","","","","","","","","","","","","","","","","","","","","","","","","","","","","","","","","","","","","","","","","","","","","","","","","","","","","","","","","","","","","","","","","","","","","","","","","","","","","","","","","","","","","","","","","",""
"USW00023272","2023-03-15T00:00:00","37.7705","-122.4269","45.7","SAN FRANCISCO DOWNTOWN, CA US","SOD","","","","","","","","","","","","","","","","","","0623","1816","","10.0","","","","","","0","-3.06","8.3","13.9","6.1","","","0.0","0.0","","","","","","","","","","","","","","","","","","","","","","","","","","","","","","","","","","","","","","","","","","","","","","","","","","","","","","","","","","","","","","","","","","","","","","","","","","","","","","","","","","",""
"USW00023272","2023-03-16T00:00:00","37.7705","-122.4269","45.7","SAN FRANCISCO DOWNTOWN, CA US","SOD","","","","","","","","","","","","","","","","","","0621","1817","","12.0","","","","","","0","-1.06","6.3","15.6","8.3","","","0.0","0.0","","","","","","","","","","","","","","","","","","","","","","","","","","","","","","","","","","","","","","","","","","","","","","","","","","","","","","","","","","","","","","","","","","","","","","","","","","","","","","","","","","",""
"USW00023272","2023-03-17T00:00:00","37.7705","-122.4269","45.7","SAN FRANCISCO DOWNTOWN, CA US","SOD","","","","","","","","","","","","","","","","","","0620","1818","","13.1","","","","","","0","0.04","5.2","18.3","7.8","","","0.0","0.0","","","","","","","","","","","","","","","","","","","","","","","","","","","","","","","","","","","","","","","","","","","","","","","","","","","","","","","","","","","","","","","","","","","","","","","","","","","","","","","","","","",""
"USW00023272","2023-03-18T00:00:00","37.7705","-122.4269","45.7","SAN FRANCISCO DOWNTOWN, CA US","SOD","","","","","","","","","","","","","","","","","","0618","1819","","13.6","","","","","","0","0.49","4.7","17.8","9.4","","","0.5","0.0","","","","","","","","","","","","","","","","","","","","","","","","","","","","","","","","","","","","","","","","","","","","","","","","","","","","","","","","","","","","","","","","","","","","","","","","","","","","","","","","","","",""
"USW00023272","2023-03-18T23:59:00","37.7705","-122.4269","45.7","SAN FRANCISCO DOWNTOWN, CA US","FM-15","343","","","","0.5","","","","","","","","","","","","","","","","","","","","","","","","","","","","","","","","","","","","","","","","","","","","","","","","","","","","","","","","","","","","","","","","","","","","","","","","","","","","","","","","","","","","","","","","","","","","","","","","","","","","","","","","","","","","","","","","",""
"USW00023272","2023-03-19T00:00:00","37.7705","-122.4269","45.7","SAN FRANCISCO DOWNTOWN, CA US","SOD","","","","","","","","","","","","","","","","","","0617","1820","","11.9","","","","","","0","-1.21","6.4","14.4","9.4","","","23.6","0.0","","","","","","","","","","","","","","","","","","","","","","","","","","","","","","","","","","","","","","","","","","","","","","","","","","","","","","","","","","","","","","","","","","","","","","","","","","","","","","","","","","",""
"USW00023272","2023-03-19T00:59:00","37.7705","-122.4269","45.7","SAN FRANCISCO DOWNTOWN, CA US","FM-15","343","","","","3.0","","","","","","","","","","","","","","","","","","","","","","","","","","","","","","","","","","","","","","","","","","","","","","","","","","","","","","","","","","","","","","","","","","","","","","","","","","","","","","","","","","","","","","","","","","","","","","","","","","","","","","","","","","","","","","","","",""
"USW00023272","2023-03-19T01:59:00","37.7705","-122.4269","45.7","SAN FRANCISCO DOWNTOWN, CA US","FM-15","343","","","","1.5","","","","","","","","","","","","","","","","","","","","","","","","","","","","","","","","","","","","","","","","","","","","","","","","","","","","","","","","","","","","","","","","","","","","","","","","","","","","","","","","","","","","","","","","","","","","","","","","","","","","","","","","","","","","","","","","",""
"USW00023272","2023-03-19T02:59:00","37.7705","-122.4269","45.7","SAN FRANCISCO DOWNTOWN, CA US","FM-15","343","","","","3.0","","","","","","","","","","","","","","","","","","","","","","","","","","","","","","","","","","","","","","","","","","","","","","","","","","","","","","","","","","","","","","","","","","","","","","","","","","","","","","","","","","","","","","","","","","","","","","","","","","","","","","","","","","","","","","","","",""
"USW00023272","2023-03-19T03:59:00","37.7705","-122.4269","45.7","SAN FRANCISCO DOWNTOWN, CA US","FM-15","343","","","","1.5","","","","","","","","","","","","","","","","","","","","","","","","","","","","","","","","","","","","","","","","","","","","","","","","","","","","","","","","","","","","","","","","","","","","","","","","","","","","","","","","","","","","","","","","","","","","","","","","","","","","","","","","","","","","","","","","",""
"USW00023272","2023-03-19T04:59:00","37.7705","-122.4269","45.7","SAN FRANCISCO DOWNTOWN, CA US","FM-15","343","","","","3.0","","","","","","","","","","","","","","","","","","","","","","","","","","","","","","","","","","","","","","","","","","","","","","","","","","","","","","","","","","","","","","","","","","","","","","","","","","","","","","","","","","","","","","","","","","","","","","","","","","","","","","","","","","","","","","","","",""
"USW00023272","2023-03-19T05:59:00","37.7705","-122.4269","45.7","SAN FRANCISCO DOWNTOWN, CA US","FM-15","343","","","","3.0","","","","","","","","","","","","","","","","","","","","","","","","","","","","","","","","","","","","","","","","","","","","","","","","","","","","","","","","","","","","","","","","","","","","","","","","","","","","","","","","","","","","","","","","","","","","","","","","","","","","","","","","","","","","","","","","",""
"USW00023272","2023-03-19T06:59:00","37.7705","-122.4269","45.7","SAN FRANCISCO DOWNTOWN, CA US","FM-15","343","","","","1.3","","","","","","","","","","","","","","","","","","","","","","","","","","","","","","","","","","","","","","","","","","","","","","","","","","","","","","","","","","","","","","","","","","","","","","","","","","","","","","","","","","","","","","","","","","","","","","","","","","","","","","","","","","","","","","","","",""
"USW00023272","2023-03-19T07:59:00","37.7705","-122.4269","45.7","SAN FRANCISCO DOWNTOWN, CA US","FM-15","343","","","","1.0","","","","","","","","","","","","","","","","","","","","","","","","","","","","","","","","","","","","","","","","","","","","","","","","","","","","","","","","","","","","","","","","","","","","","","","","","","","","","","","","","","","","","","","","","","","","","","","","","","","","","","","","","","","","","","","","",""
"USW00023272","2023-03-19T08:59:00","37.7705","-122.4269","45.7","SAN FRANCISCO DOWNTOWN, CA US","FM-15","343","","","","1.0","","","","","","","","","","","","","","","","","","","","","","","","","","","","","","","","","","","","","","","","","","","","","","","","","","","","","","","","","","","","","","","","","","","","","","","","","","","","","","","","","","","","","","","","","","","","","","","","","","","","","","","","","","","","","","","","",""
"USW00023272","2023-03-19T09:59:00","37.7705","-122.4269","45.7","SAN FRANCISCO DOWNTOWN, CA US","FM-15","343","","","","0.8","","","","","","","","","","","","","","","","","","","","","","","","","","","","","","","","","","","","","","","","","","","","","","","","","","","","","","","","","","","","","","","","","","","","","","","","","","","","","","","","","","","","","","","","","","","","","","","","","","","","","","","","","","","","","","","","",""
"USW00023272","2023-03-19T10:59:00","37.7705","-122.4269","45.7","SAN FRANCISCO DOWNTOWN, CA US","FM-15","343","","","","0.8","","","","","","","","","","","","","","","","","","","","","","","","","","","","","","","","","","","","","","","","","","","","","","","","","","","","","","","","","","","","","","","","","","","","","","","","","","","","","","","","","","","","","","","","","","","","","","","","","","","","","","","","","","","","","","","","",""
"USW00023272","2023-03-19T11:59:00","37.7705","-122.4269","45.7","SAN FRANCISCO DOWNTOWN, CA US","FM-15","343","","","","1.3","","","","","","","","","","","","","","","","","","","","","","","","","","","","","","","","","","","","","","","","","","","","","","","","","","","","","","","","","","","","","","","","","","","","","","","","","","","","","","","","","","","","","","","","","","","","","","","","","","","","","","","","","","","","","","","","",""
"USW00023272","2023-03-19T12:59:00","37.7705","-122.4269","45.7","SAN FRANCISCO DOWNTOWN, CA US","FM-15","343","","","","1.5","","","","","","","","","","","","","","","","","","","","","","","","","","","","","","","","","","","","","","","","","","","","","","","","","","","","","","","","","","","","","","","","","","","","","","","","","","","","","","","","","","","","","","","","","","","","","","","","","","","","","","","","","","","","","","","","",""
"USW00023272","2023-03-19T17:59:00","37.7705","-122.4269","45.7","SAN FRANCISCO DOWNTOWN, CA US","FM-15","343","","","","0.3","","","","","","","","","","","","","","","","","","","","","","","","","","","","","","","","","","","","","","","","","","","","","","","","","","","","","","","","","","","","","","","","","","","","","","","","","","","","","","","","","","","","","","","","","","","","","","","","","","","","","","","","","","","","","","","","",""
"USW00023272","2023-03-19T21:59:00","37.7705","-122.4269","45.7","SAN FRANCISCO DOWNTOWN, CA US","FM-15","343","","","","0.3","","","","","","","","","","","","","","","","","","","","","","","","","","","","","","","","","","","","","","","","","","","","","","","","","","","","","","","","","","","","","","","","","","","","","","","","","","","","","","","","","","","","","","","","","","","","","","","","","","","","","","","","","","","","","","","","",""
"USW00023272","2023-03-19T23:59:00","37.7705","-122.4269","45.7","SAN FRANCISCO DOWNTOWN, CA US","FM-15","343","","","","0.3","","","","","","","","","","","","","","","","","","","","","","","","","","","","","","","","","","","","","","","","","","","","","","","","","","","","","","","","","","","","","","","","","","","","","","","","","","","","","","","","","","","","","","","","","","","","","","","","","","","","","","","","","","","","","","","","",""
"USW00023272","2023-03-20T00:00:00","37.7705","-122.4269","45.7","SAN FRANCISCO DOWNTOWN, CA US","SOD","","","","","","","","","","","","","","","","","","0615","1821","","10.9","","","","","","0","-2.21","7.4","12.8","8.9","","","1.5","0.0","","","","","","","","","","","","","","","","","","","","","","","","","","","","","","","","","","","","","","","","","","","","","","","","","","","","","","","","","","","","","","","","","","","","","","","","","","","","","","","","","","",""
"USW00023272","2023-03-20T00:59:00","37.7705","-122.4269","45.7","SAN FRANCISCO DOWNTOWN, CA US","FM-15","343","","","","0.8","","","","","","","","","","","","","","","","","","","","","","","","","","","","","","","","","","","","","","","","","","","","","","","","","","","","","","","","","","","","","","","","","","","","","","","","","","","","","","","","","","","","","","","","","","","","","","","","","","","","","","","","","","","","","","","","",""
"USW00023272","2023-03-20T01:59:00","37.7705","-122.4269","45.7","SAN FRANCISCO DOWNTOWN, CA US","FM-15","343","","","","0.8","","","","","","","","","","","","","","","","","","","","","","","","","","","","","","","","","","","","","","","","","","","","","","","","","","","","","","","","","","","","","","","","","","","","","","","","","","","","","","","","","","","","","","","","","","","","","","","","","","","","","","","","","","","","","","","","",""
"USW00023272","2023-03-21T00:00:00","37.7705","-122.4269","45.7","SAN FRANCISCO DOWNTOWN, CA US","SOD","","","","","","","","","","","","","","","","","","0614","1822","","10.3","","","","","","0","-2.87","8.0","12.8","7.8","","","26.9","0.0","","","","","","","","","","","","","","","","","","","","","","","","","","","","","","","","","","","","","","","","","","","","","","","","","","","","","","","","","","","","","","","","","","","","","","","","","","","","","","","","","","",""
"USW00023272","2023-03-21T05:59:00","37.7705","-122.4269","45.7","SAN FRANCISCO DOWNTOWN, CA US","FM-15","343","","","","0.5","","","","","","","","","","","","","","","","","","","","","","","","","","","","","","","","","","","","","","","","","","","","","","","","","","","","","","","","","","","","","","","","","","","","","","","","","","","","","","","","","","","","","","","","","","","","","","","","","","","","","","","","","","","","","","","","",""
"USW00023272","2023-03-21T06:59:00","37.7705","-122.4269","45.7","SAN FRANCISCO DOWNTOWN, CA US","FM-15","343","","","","2.0","","","","","","","","","","","","","","","","","","","","","","","","","","","","","","","","","","","","","","","","","","","","","","","","","","","","","","","","","","","","","","","","","","","","","","","","","","","","","","","","","","","","","","","","","","","","","","","","","","","","","","","","","","","","","","","","",""
"USW00023272","2023-03-21T07:59:00","37.7705","-122.4269","45.7","SAN FRANCISCO DOWNTOWN, CA US","FM-15","343","","","","2.8","","","","","","","","","","","","","","","","","","","","","","","","","","","","","","","","","","","","","","","","","","","","","","","","","","","","","","","","","","","","","","","","","","","","","","","","","","","","","","","","","","","","","","","","","","","","","","","","","","","","","","","","","","","","","","","","",""
"USW00023272","2023-03-21T08:59:00","37.7705","-122.4269","45.7","SAN FRANCISCO DOWNTOWN, CA US","FM-15","343","","","","2.3","","","","","","","","","","","","","","","","","","","","","","","","","","","","","","","","","","","","","","","","","","","","","","","","","","","","","","","","","","","","","","","","","","","","","","","","","","","","","","","","","","","","","","","","","","","","","","","","","","","","","","","","","","","","","","","","",""
"USW00023272","2023-03-21T09:59:00","37.7705","-122.4269","45.7","SAN FRANCISCO DOWNTOWN, CA US","FM-15","343","","","","1.3","","","","","","","","","","","","","","","","","","","","","","","","","","","","","","","","","","","","","","","","","","","","","","","","","","","","","","","","","","","","","","","","","","","","","","","","","","","","","","","","","","","","","","","","","","","","","","","","","","","","","","","","","","","","","","","","",""
"USW00023272","2023-03-21T10:59:00","37.7705","-122.4269","45.7","SAN FRANCISCO DOWNTOWN, CA US","FM-15","343","","","","0.5","","","","","","","","","","","","","","","","","","","","","","","","","","","","","","","","","","","","","","","","","","","","","","","","","","","","","","","","","","","","","","","","","","","","","","","","","","","","","","","","","","","","","","","","","","","","","","","","","","","","","","","","","","","","","","","","",""
"USW00023272","2023-03-21T11:59:00","37.7705","-122.4269","45.7","SAN FRANCISCO DOWNTOWN, CA US","FM-15","343","","","","0.5","","","","","","","","","","","","","","","","","","","","","","","","","","","","","","","","","","","","","","","","","","","","","","","","","","","","","","","","","","","","","","","","","","","","","","","","","","","","","","","","","","","","","","","","","","","","","","","","","","","","","","","","","","","","","","","","",""
"USW00023272","2023-03-21T13:59:00","37.7705","-122.4269","45.7","SAN FRANCISCO DOWNTOWN, CA US","FM-15","343","","","","1.8","","","","","","","","","","","","","","","","","","","","","","","","","","","","","","","","","","","","","","","","","","","","","","","","","","","","","","","","","","","","","","","","","","","","","","","","","","","","","","","","","","","","","","","","","","","","","","","","","","","","","","","","","","","","","","","","",""
"USW00023272","2023-03-21T14:59:00","37.7705","-122.4269","45.7","SAN FRANCISCO DOWNTOWN, CA US","FM-15","343","","","","1.5","","","","","","","","","","","","","","","","","","","","","","","","","","","","","","","","","","","","","","","","","","","","","","","","","","","","","","","","","","","","","","","","","","","","","","","","","","","","","","","","","","","","","","","","","","","","","","","","","","","","","","","","","","","","","","","","",""
"USW00023272","2023-03-21T15:59:00","37.7705","-122.4269","45.7","SAN FRANCISCO DOWNTOWN, CA US","FM-15","343","","","","1.5","","","","","","","","","","","","","","","","","","","","","","","","","","","","","","","","","","","","","","","","","","","","","","","","","","","","","","","","","","","","","","","","","","","","","","","","","","","","","","","","","","","","","","","","","","","","","","","","","","","","","","","","","","","","","","","","",""
"USW00023272","2023-03-21T18:59:00","37.7705","-122.4269","45.7","SAN FRANCISCO DOWNTOWN, CA US","FM-15","343","","","","1.0","","","","","","","","","","","","","","","","","","","","","","","","","","","","","","","","","","","","","","","","","","","","","","","","","","","","","","","","","","","","","","","","","","","","","","","","","","","","","","","","","","","","","","","","","","","","","","","","","","","","","","","","","","","","","","","","",""
"USW00023272","2023-03-21T19:59:00","37.7705","-122.4269","45.7","SAN FRANCISCO DOWNTOWN, CA US","FM-15","343","","","","1.3","","","","","","","","","","","","","","","","","","","","","","","","","","","","","","","","","","","","","","","","","","","","","","","","","","","","","","","","","","","","","","","","","","","","","","","","","","","","","","","","","","","","","","","","","","","","","","","","","","","","","","","","","","","","","","","","",""
"USW00023272","2023-03-21T20:59:00","37.7705","-122.4269","45.7","SAN FRANCISCO DOWNTOWN, CA US","FM-15","343","","","","6.1","","","","","","","","","","","","","","","","","","","","","","","","","","","","","","","","","","","","","","","","","","","","","","","","","","","","","","","","","","","","","","","","","","","","","","","","","","","","","","","","","","","","","","","","","","","","","","","","","","","","","","","","","","","","","","","","",""
"USW00023272","2023-03-21T21:59:00","37.7705","-122.4269","45.7","SAN FRANCISCO DOWNTOWN, CA US","FM-15","343","","","","1.5","","","","","","","","","","","","","","","","","","","","","","","","","","","","","","","","","","","","","","","","","","","","","","","","","","","","","","","","","","","","","","","","","","","","","","","","","","","","","","","","","","","","","","","","","","","","","","","","","","","","","","","","","","","","","","","","",""
"USW00023272","2023-03-21T22:59:00","37.7705","-122.4269","45.7","SAN FRANCISCO DOWNTOWN, CA US","FM-15","343","","","","1.0","","","","","","","","","","","","","","","","","","","","","","","","","","","","","","","","","","","","","","","","","","","","","","","","","","","","","","","","","","","","","","","","","","","","","","","","","","","","","","","","","","","","","","","","","","","","","","","","","","","","","","","","","","","","","","","","",""
"USW00023272","2023-03-21T23:59:00","37.7705","-122.4269","45.7","SAN FRANCISCO DOWNTOWN, CA US","FM-15","343","","","","1.3","","","","","","","","","","","","","","","","","","","","","","","","","","","","","","","","","","","","","","","","","","","","","","","","","","","","","","","","","","","","","","","","","","","","","","","","","","","","","","","","","","","","","","","","","","","","","","","","","","","","","","","","","","","","","","","","",""
"USW00023272","2023-03-22T00:00:00","37.7705","-122.4269","45.7","SAN FRANCISCO DOWNTOWN, CA US","SOD","","","","","","","","","","","","","","","","","","0612","1822","","11.4","","","","","","0","-1.77","6.9","14.4","8.3","","","5.3","0.0","","","","","","","","","","","","","","","","","","","","","","","","","","","","","","","","","","","","","","","","","","","","","","","","","","","","","","","","","","","","","","","","","","","","","","","","","","","","","","","","","","",""
"USW00023272","2023-03-22T00:59:00","37.7705","-122.4269","45.7","SAN FRANCISCO DOWNTOWN, CA US","FM-15","343","","","","0.3","","","","","","","","","","","","","","","","","","","","","","","","","","","","","","","","","","","","","","","","","","","","","","","","","","","","","","","","","","","","","","","","","","","","","","","","","","","","","","","","","","","","","","","","","","","","","","","","","","","","","","","","","","","","","","","","",""
"USW00023272","2023-03-22T01:59:00","37.7705","-122.4269","45.7","SAN FRANCISCO DOWNTOWN, CA US","FM-15","343","","","","1.0","","","","","","","","","","","","","","","","","","","","","","","","","","","","","","","","","","","","","","","","","","","","","","","","","","","","","","","","","","","","","","","","","","","","","","","","","","","","","","","","","","","","","","","","","","","","","","","","","","","","","","","","","","","","","","","","",""
"USW00023272","2023-03-22T02:59:00","37.7705","-122.4269","45.7","SAN FRANCISCO DOWNTOWN, CA US","FM-15","343","","","","2.0","","","","","","","","","","","","","","","","","","","","","","","","","","","","","","","","","","","","","","","","","","","","","","","","","","","","","","","","","","","","","","","","","","","","","","","","","","","","","","","","","","","","","","","","","","","","","","","","","","","","","","","","","","","","","","","","",""
"USW00023272","2023-03-22T03:59:00","37.7705","-122.4269","45.7","SAN FRANCISCO DOWNTOWN, CA US","FM-15","343","","","","1.5","","","","","","","","","","","","","","","","","","","","","","","","","","","","","","","","","","","","","","","","","","","","","","","","","","","","","","","","","","","","","","","","","","","","","","","","","","","","","","","","","","","","","","","","","","","","","","","","","","","","","","","","","","","","","","","","",""
"USW00023272","2023-03-22T04:59:00","37.7705","-122.4269","45.7","SAN FRANCISCO DOWNTOWN, CA US","FM-15","343","","","","0.3","","","","","","","","","","","","","","","","","","","","","","","","","","","","","","","","","","","","","","","","","","","","","","","","","","","","","","","","","","","","","","","","","","","","","","","","","","","","","","","","","","","","","","","","","","","","","","","","","","","","","","","","","","","","","","","","",""
"USW00023272","2023-03-22T07:59:00","37.7705","-122.4269","45.7","SAN FRANCISCO DOWNTOWN, CA US","FM-15","343","","","","0.3","","","","","","","","","","","","","","","","","","","","","","","","","","","","","","","","","","","","","","","","","","","","","","","","","","","","","","","","","","","","","","","","","","","","","","","","","","","","","","","","","","","","","","","","","","","","","","","","","","","","","","","","","","","","","","","","",""
"USW00023272","2023-03-23T00:00:00","37.7705","-122.4269","45.7","SAN FRANCISCO DOWNTOWN, CA US","SOD","","","","","","","","","","","","","","","","","","0610","1823","","10.9","","","","","","0","-2.27","7.4","12.8","8.9","","","0.0","0.0","","","","","","","","","","","","","","","","","","","","","","","","","","","","","","","","","","","","","","","","","","","","","","","","","","","","","","","","","","","","","","","","","","","","","","","","","","","","","","","","","","",""
"USW00023272","2023-03-24T00:00:00","37.7705","-122.4269","45.7","SAN FRANCISCO DOWNTOWN, CA US","SOD","","","","","","","","","","","","","","","","","","0609","1824","","10.3","","","","","","0","-2.87","8.0","13.3","7.2","","","0.0","0.0","","","","","","","","","","","","","","","","","","","","","","","","","","","","","","","","","","","","","","","","","","","","","","","","","","","","","","","","","","","","","","","","","","","","","","","","","","","","","","","","","","",""
"USW00023272","2023-03-25T00:00:00","37.7705","-122.4269","45.7","SAN FRANCISCO DOWNTOWN, CA US","SOD","","","","","","","","","","","","","","","","","","0607","1825","","9.8","","","","","","0","-3.42","8.5","12.8","6.7","","","0.0","0.0","","","","","","","","","","","","","","","","","","","","","","","","","","","","","","","","","","","","","","","","","","","","","","","","","","","","","","","","","","","","","","","","","","","","","","","","","","","","","","","","","","",""
"USW00023272","2023-03-26T00:00:00","37.7705","-122.4269","45.7","SAN FRANCISCO DOWNTOWN, CA US","SOD","","","","","","","","","","","","","","","","","","0606","1826","","9.2","","","","","","0","-4.02","9.1","12.2","6.1","","","0.0","0.0","","","","","","","","","","","","","","","","","","","","","","","","","","","","","","","","","","","","","","","","","","","","","","","","","","","","","","","","","","","","","","","","","","","","","","","","","","","","","","","","","","",""
"USW00023272","2023-03-27T00:00:00","37.7705","-122.4269","45.7","SAN FRANCISCO DOWNTOWN, CA US","SOD","","","","","","","","","","","","","","","","","","0604","1827","","10.9","","","","","","0","-2.32","7.4","16.1","5.6","","","0.0","0.0","","","","","","","","","","","","","","","","","","","","","","","","","","","","","","","","","","","","","","","","","","","","","","","","","","","","","","","","","","","","","","","","","","","","","","","","","","","","","","","","","","",""
"USW00023272","2023-03-28T00:00:00","37.7705","-122.4269","45.7","SAN FRANCISCO DOWNTOWN, CA US","SOD","","","","","","","","","","","","","","","","","","0603","1828","","9.2","","","","","","0","-4.02","9.1","11.1","7.2","","","19.6","0.0","","","","","","","","","","","","","","","","","","","","","","","","","","","","","","","","","","","","","","","","","","","","","","","","","","","","","","","","","","","","","","","","","","","","","","","","","","","","","","","","","","",""
"USW00023272","2023-03-28T06:59:00","37.7705","-122.4269","45.7","SAN FRANCISCO DOWNTOWN, CA US","FM-15","343","","","","0.5","","","","","","","","","","","","","","","","","","","","","","","","","","","","","","","","","","","","","","","","","","","","","","","","","","","","","","","","","","","","","","","","","","","","","","","","","","","","","","","","","","","","","","","","","","","","","","","","","","","","","","","","","","","","","","","","",""
"USW00023272","2023-03-28T07:59:00","37.7705","-122.4269","45.7","SAN FRANCISCO DOWNTOWN, CA US","FM-15","343","","","","0.5","","","","","","","","","","","","","","","","","","","","","","","","","","","","","","","","","","","","","","","","","","","","","","","","","","","","","","","","","","","","","","","","","","","","","","","","","","","","","","","","","","","","","","","","","","","","","","","","","","","","","","","","","","","","","","","","",""
"USW00023272","2023-03-28T08:59:00","37.7705","-122.4269","45.7","SAN FRANCISCO DOWNTOWN, CA US","FM-15","343","","","","1.0","","","","","","","","","","","","","","","","","","","","","","","","","","","","","","","","","","","","","","","","","","","","","","","","","","","","","","","","","","","","","","","","","","","","","","","","","","","","","","","","","","","","","","","","","","","","","","","","","","","","","","","","","","","","","","","","",""
"USW00023272","2023-03-28T09:59:00","37.7705","-122.4269","45.7","SAN FRANCISCO DOWNTOWN, CA US","FM-15","343","","","","3.8","","","","","","","","","","","","","","","","","","","","","","","","","","","","","","","","","","","","","","","","","","","","","","","","","","","","","","","","","","","","","","","","","","","","","","","","","","","","","","","","","","","","","","","","","","","","","","","","","","","","","","","","","","","","","","","","",""
"USW00023272","2023-03-28T10:59:00","37.7705","-122.4269","45.7","SAN FRANCISCO DOWNTOWN, CA US","FM-15","343","","","","3.0","","","","","","","","","","","","","","","","","","","","","","","","","","","","","","","","","","","","","","","","","","","","","","","","","","","","","","","","","","","","","","","","","","","","","","","","","","","","","","","","","","","","","","","","","","","","","","","","","","","","","","","","","","","","","","","","",""
"USW00023272","2023-03-28T11:59:00","37.7705","-122.4269","45.7","SAN FRANCISCO DOWNTOWN, CA US","FM-15","343","","","","3.3","","","","","","","","","","","","","","","","","","","","","","","","","","","","","","","","","","","","","","","","","","","","","","","","","","","","","","","","","","","","","","","","","","","","","","","","","","","","","","","","","","","","","","","","","","","","","","","","","","","","","","","","","","","","","","","","",""
"USW00023272","2023-03-28T12:59:00","37.7705","-122.4269","45.7","SAN FRANCISCO DOWNTOWN, CA US","FM-15","343","","","","4.1","","","","","","","","","","","","","","","","","","","","","","","","","","","","","","","","","","","","","","","","","","","","","","","","","","","","","","","","","","","","","","","","","","","","","","","","","","","","","","","","","","","","","","","","","","","","","","","","","","","","","","","","","","","","","","","","",""
"USW00023272","2023-03-28T13:59:00","37.7705","-122.4269","45.7","SAN FRANCISCO DOWNTOWN, CA US","FM-15","343","","","","1.8","","","","","","","","","","","","","","","","","","","","","","","","","","","","","","","","","","","","","","","","","","","","","","","","","","","","","","","","","","","","","","","","","","","","","","","","","","","","","","","","","","","","","","","","","","","","","","","","","","","","","","","","","","","","","","","","",""
"USW00023272","2023-03-28T14:59:00","37.7705","-122.4269","45.7","SAN FRANCISCO DOWNTOWN, CA US","FM-15","343","","","","0.3","","","","","","","","","","","","","","","","","","","","","","","","","","","","","","","","","","","","","","","","","","","","","","","","","","","","","","","","","","","","","","","","","","","","","","","","","","","","","","","","","","","","","","","","","","","","","","","","","","","","","","","","","","","","","","","","",""
"USW00023272","2023-03-28T19:59:00","37.7705","-122.4269","45.7","SAN FRANCISCO DOWNTOWN, CA US","FM-15","343","","","","1.0","","","","","","","","","","","","","","","","","","","","","","","","","","","","","","","","","","","","","","","","","","","","","","","","","","","","","","","","","","","","","","","","","","","","","","","","","","","","","","","","","","","","","","","","","","","","","","","","","","","","","","","","","","","","","","","","",""
"USW00023272","2023-03-28T20:59:00","37.7705","-122.4269","45.7","SAN FRANCISCO DOWNTOWN, CA US","FM-15","343","","","","0.3","","","","","","","","","","","","","","","","","","","","","","","","","","","","","","","","","","","","","","","","","","","","","","","","","","","","","","","","","","","","","","","","","","","","","","","","","","","","","","","","","","","","","","","","","","","","","","","","","","","","","","","","","","","","","","","","",""
"USW00023272","2023-03-29T00:00:00","37.7705","-122.4269","45.7","SAN FRANCISCO DOWNTOWN, CA US","SOD","","","","","","","","","","","","","","","","","","0601","1829","","9.2","","","","","","0","-4.08","9.1","11.1","7.2","","","16.0","0.0","","","","","","","","","","","","","","","","","","","","","","","","","","","","","","","","","","","","","","","","","","","","","","","","","","","","","","","","","","","","","","","","","","","","","","","","","","","","","","","","","","",""
"USW00023272","2023-03-29T00:59:00","37.7705","-122.4269","45.7","SAN FRANCISCO DOWNTOWN, CA US","FM-15","343","","","","0.8","","","","","","","","","","","","","","","","","","","","","","","","","","","","","","","","","","","","","","","","","","","","","","","","","","","","","","","","","","","","","","","","","","","","","","","","","","","","","","","","","","","","","","","","","","","","","","","","","","","","","","","","","","","","","","","","",""
"USW00023272","2023-03-29T03:59:00","37.7705","-122.4269","45.7","SAN FRANCISCO DOWNTOWN, CA US","FM-15","343","","","","0.8","","","","","","","","","","","","","","","","","","","","","","","","","","","","","","","","","","","","","","","","","","","","","","","","","","","","","","","","","","","","","","","","","","","","","","","","","","","","","","","","","","","","","","","","","","","","","","","","","","","","","","","","","","","","","","","","",""
"USW00023272","2023-03-29T04:59:00","37.7705","-122.4269","45.7","SAN FRANCISCO DOWNTOWN, CA US","FM-15","343","","","","0.8","","","","","","","","","","","","","","","","","","","","","","","","","","","","","","","","","","","","","","","","","","","","","","","","","","","","","","","","","","","","","","","","","","","","","","","","","","","","","","","","","","","","","","","","","","","","","","","","","","","","","","","","","","","","","","","","",""
"USW00023272","2023-03-29T05:59:00","37.7705","-122.4269","45.7","SAN FRANCISCO DOWNTOWN, CA US","FM-15","343","","","","1.3","","","","","","","","","","","","","","","","","","","","","","","","","","","","","","","","","","","","","","","","","","","","","","","","","","","","","","","","","","","","","","","","","","","","","","","","","","","","","","","","","","","","","","","","","","","","","","","","","","","","","","","","","","","","","","","","",""
"USW00023272","2023-03-29T06:59:00","37.7705","-122.4269","45.7","SAN FRANCISCO DOWNTOWN, CA US","FM-15","343","","","","1.8","","","","","","","","","","","","","","","","","","","","","","","","","","","","","","","","","","","","","","","","","","","","","","","","","","","","","","","","","","","","","","","","","","","","","","","","","","","","","","","","","","","","","","","","","","","","","","","","","","","","","","","","","","","","","","","","",""
"USW00023272","2023-03-29T07:59:00","37.7705","-122.4269","45.7","SAN FRANCISCO DOWNTOWN, CA US","FM-15","343","","","","1.3","","","","","","","","","","","","","","","","","","","","","","","","","","","","","","","","","","","","","","","","","","","","","","","","","","","","","","","","","","","","","","","","","","","","","","","","","","","","","","","","","","","","","","","","","","","","","","","","","","","","","","","","","","","","","","","","",""
"USW00023272","2023-03-29T08:59:00","37.7705","-122.4269","45.7","SAN FRANCISCO DOWNTOWN, CA US","FM-15","343","","","","2.5","","","","","","","","","","","","","","","","","","","","","","","","","","","","","","","","","","","","","","","","","","","","","","","","","","","","","","","","","","","","","","","","","","","","","","","","","","","","","","","","","","","","","","","","","","","","","","","","","","","","","","","","","","","","","","","","",""
"USW00023272","2023-03-29T09:59:00","37.7705","-122.4269","45.7","SAN FRANCISCO DOWNTOWN, CA US","FM-15","343","","","","0.8","","","","","","","","","","","","","","","","","","","","","","","","","","","","","","","","","","","","","","","","","","","","","","","","","","","","","","","","","","","","","","","","","","","","","","","","","","","","","","","","","","","","","","","","","","","","","","","","","","","","","","","","","","","","","","","","",""
"USW00023272","2023-03-29T10:59:00","37.7705","-122.4269","45.7","SAN FRANCISCO DOWNTOWN, CA US","FM-15","343","","","","0.3","","","","","","","","","","","","","","","","","","","","","","","","","","","","","","","","","","","","","","","","","","","","","","","","","","","","","","","","","","","","","","","","","","","","","","","","","","","","","","","","","","","","","","","","","","","","","","","","","","","","","","","","","","","","","","","","",""
"USW00023272","2023-03-29T11:59:00","37.7705","-122.4269","45.7","SAN FRANCISCO DOWNTOWN, CA US","FM-15","343","","","","2.8","","","","","","","","","","","","","","","","","","","","","","","","","","","","","","","","","","","","","","","","","","","","","","","","","","","","","","","","","","","","","","","","","","","","","","","","","","","","","","","","","","","","","","","","","","","","","","","","","","","","","","","","","","","","","","","","",""
"USW00023272","2023-03-29T12:59:00","37.7705","-122.4269","45.7","SAN FRANCISCO DOWNTOWN, CA US","FM-15","343","","","","1.8","","","","","","","","","","","","","","","","","","","","","","","","","","","","","","","","","","","","","","","","","","","","","","","","","","","","","","","","","","","","","","","","","","","","","","","","","","","","","","","","","","","","","","","","","","","","","","","","","","","","","","","","","","","","","","","","",""
"USW00023272","2023-03-29T14:59:00","37.7705","-122.4269","45.7","SAN FRANCISCO DOWNTOWN, CA US","FM-15","343","","","","0.8","","","","","","","","","","","","","","","","","","","","","","","","","","","","","","","","","","","","","","","","","","","","","","","","","","","","","","","","","","","","","","","","","","","","","","","","","","","","","","","","","","","","","","","","","","","","","","","","","","","","","","","","","","","","","","","","",""
"USW00023272","2023-03-29T15:59:00","37.7705","-122.4269","45.7","SAN FRANCISCO DOWNTOWN, CA US","FM-15","343","","","","0.5","","","","","","","","","","","","","","","","","","","","","","","","","","","","","","","","","","","","","","","","","","","","","","","","","","","","","","","","","","","","","","","","","","","","","","","","","","","","","","","","","","","","","","","","","","","","","","","","","","","","","","","","","","","","","","","","",""
"USW00023272","2023-03-30T00:00:00","37.7705","-122.4269","45.7","SAN FRANCISCO DOWNTOWN, CA US","SOD","","","","","","","","","","","","","","","","","","0600","1830","","10.0","","","","","","0","-3.28","8.3","13.3","6.7","","","0.0","0.0","","","","","","","","","","","","","","","","","","","","","","","","","","","","","","","","","","","","","","","","","","","","","","","","","","","","","","","","","","","","","","","","","","","","","","","","","","","","","","","","","","",""
"USW00023272","2023-03-31T00:00:00","37.7705","-122.4269","45.7","SAN FRANCISCO DOWNTOWN, CA US","SOD","","","","","","","","","","","","","","","","","","0558","1831","","11.1","","","","","","0","-2.18","7.2","14.4","7.8","","","0.0","0.0","","","","","","","","","","","","","","","","","","","","","","","","","","","","","","","","","","","","","","","","","","","","","","","","","","","","","","","","","","","","","","","","","","","","","","","","","","","","","","","","","","",""
"USW00023272","2023-04-01T00:00:00","37.7705","-122.4269","45.7","SAN FRANCISCO DOWNTOWN, CA US","SOD","","","","","","","","","","","","","","","","","","0557","1832","","11.4","","","","","","0","-1.88","6.9","15.6","7.2","","","0.0","0.0","","","","","","","","","","","","","","","","","","","","","","","","","","","","","","","","","","","","","","","","","","","","","","","","","","","","","","","","","","","","","","","","","","","","","","","","","","","","","","","","","","",""
"USW00023272","2023-04-01T00:00:00","37.7705","-122.4269","45.7","SAN FRANCISCO DOWNTOWN, CA US","SOM","","","","","","","","","","","","","","","","","","","","","","","","","","","","","","","","","","","","","","","","","3","1","0","0","0","0","-1.19","-2.83","32.00","-1.13","-1.19","-34.5","","30.5","21-22","0","","","","","","","16.09","12.37","","","","8.64","","","6.1","","","","0.0","0.0","","1519.3","179.0","","","5.1","264.6","","","","","","","","","","","","","","","","","","","","","","","","","","","","","","","","","","",""
"USW00023272","2023-04-02T00:00:00","37.7705","-122.4269","45.7","SAN FRANCISCO DOWNTOWN, CA US","SOD","","","","","","","","","","","","","","","","","","0555","1833","","10.6","","","","","","0","-2.73","7.7","12.8","8.3","","","0.0","0.0","","","","","","","","","","","","","","","","","","","","","","","","","","","","","","","","","","","","","","","","","","","","","","","","","","","","","","","","","","","","","","","","","","","","","","","","","","","","","","","","","","",""
"USW00023272","2023-04-03T00:00:00","37.7705","-122.4269","45.7","SAN FRANCISCO DOWNTOWN, CA US","SOD","","","","","","","","","","","","","","","","","","0554","1833","","9.8","","","","","","0","-3.53","8.5","12.8","6.7","","","0.0","0.0","","","","","","","","","","","","","","","","","","","","","","","","","","","","","","","","","","","","","","","","","","","","","","","","","","","","","","","","","","","","","","","","","","","","","","","","","","","","","","","","","","",""
"USW00023272","2023-04-04T00:00:00","37.7705","-122.4269","45.7","SAN FRANCISCO DOWNTOWN, CA US","SOD","","","","","","","","","","","","","","","","","","0552","1834","","9.5","","","","","","0","-3.83","8.8","13.3","5.6","","","0.0","0.0","","","","","","","","","","","","","","","","","","","","","","","","","","","","","","","","","","","","","","","","","","","","","","","","","","","","","","","","","","","","","","","","","","","","","","","","","","","","","","","","","","",""
"USW00023272","2023-04-05T00:00:00","37.7705","-122.4269","45.7","SAN FRANCISCO DOWNTOWN, CA US","SOD","","","","","","","","","","","","","","","","","","0551","1835","","10.6","","","","","","0","-2.73","7.7","14.4","6.7","","","0.0","0.0","","","","","","","","","","","","","","","","","","","","","","","","","","","","","","","","","","","","","","","","","","","","","","","","","","","","","","","","","","","","","","","","","","","","","","","","","","","","","","","","","","",""
"USW00023272","2023-04-06T00:00:00","37.7705","-122.4269","45.7","SAN FRANCISCO DOWNTOWN, CA US","SOD","","","","","","","","","","","","","","","","","","0549","1836","","12.2","","","","","","0","-1.19","6.1","16.1","8.3","","","0.0","0.0","","","","","","","","","","","","","","","","","","","","","","","","","","","","","","","","","","","","","","","","","","","","","","","","","","","","","","","","","","","","","","","","","","","","","","","","","","","","","","","","","","",""
"USW00023272","2023-04-07T00:00:00","37.7705","-122.4269","45.7","SAN FRANCISCO DOWNTOWN, CA US","SOD","","","","","","","","","","","","","","","","","","0548","1837","","12.2","","","","","","0","-1.19","6.1","14.4","10.0","","","5.3","0.0","","","","","","","","","","","","","","","","","","","","","","","","","","","","","","","","","","","","","","","","","","","","","","","","","","","","","","","","","","","","","","","","","","","","","","","","","","","","","","","","","","",""
"USW00023272","2023-04-07T01:59:00","37.7705","-122.4269","45.7","SAN FRANCISCO DOWNTOWN, CA US","FM-15","343","","","","1.0","","","","","","","","","","","","","","","","","","","","","","","","","","","","","","","","","","","","","","","","","","","","","","","","","","","","","","","","","","","","","","","","","","","","","","","","","","","","","","","","","","","","","","","","","","","","","","","","","","","","","","","","","","","","","","","","",""
"USW00023272","2023-04-07T02:59:00","37.7705","-122.4269","45.7","SAN FRANCISCO DOWNTOWN, CA US","FM-15","343","","","","0.3","","","","","","","","","","","","","","","","","","","","","","","","","","","","","","","","","","","","","","","","","","","","","","","","","","","","","","","","","","","","","","","","","","","","","","","","","","","","","","","","","","","","","","","","","","","","","","","","","","","","","","","","","","","","","","","","",""
"USW00023272","2023-04-07T03:59:00","37.7705","-122.4269","45.7","SAN FRANCISCO DOWNTOWN, CA US","FM-15","343","","","","1.0","","","","","","","","","","","","","","","","","","","","","","","","","","","","","","","","","","","","","","","","","","","","","","","","","","","","","","","","","","","","","","","","","","","","","","","","","","","","","","","","","","","","","","","","","","","","","","","","","","","","","","","","","","","","","","","","",""
"USW00023272","2023-04-07T04:59:00","37.7705","-122.4269","45.7","SAN FRANCISCO DOWNTOWN, CA US","FM-15","343","","","","1.3","","","","","","","","","","","","","","","","","","","","","","","","","","","","","","","","","","","","","","","","","","","","","","","","","","","","","","","","","","","","","","","","","","","","","","","","","","","","","","","","","","","","","","","","","","","","","","","","","","","","","","","","","","","","","","","","",""
"USW00023272","2023-04-07T05:59:00","37.7705","-122.4269","45.7","SAN FRANCISCO DOWNTOWN, CA US","FM-15","343","","","","0.3","","","","","","","","","","","","","","","","","","","","","","","","","","","","","","","","","","","","","","","","","","","","","","","","","","","","","","","","","","","","","","","","","","","","","","","","","","","","","","","","","","","","","","","","","","","","","","","","","","","","","","","","","","","","","","","","",""
"USW00023272","2023-04-07T06:59:00","37.7705","-122.4269","45.7","SAN FRANCISCO DOWNTOWN, CA US","FM-15","343","","","","0.8","","","","","","","","","","","","","","","","","","","","","","","","","","","","","","","","","","","","","","","","","","","","","","","","","","","","","","","","","","","","","","","","","","","","","","","","","","","","","","","","","","","","","","","","","","","","","","","","","","","","","","","","","","","","","","","","",""
"USW00023272","2023-04-07T07:59:00","37.7705","-122.4269","45.7","SAN FRANCISCO DOWNTOWN, CA US","FM-15","343","","","","0.5","","","","","","","","","","","","","","","","","","","","","","","","","","","","","","","","","","","","","","","","","","","","","","","","","","","","","","","","","","","","","","","","","","","","","","","","","","","","","","","","","","","","","","","","","","","","","","","","","","","","","","","","","","","","","","","","",""
"USW00023272","2023-04-07T08:59:00","37.7705","-122.4269","45.7","SAN FRANCISCO DOWNTOWN, CA US","FM-15","343","","","","0.3","","","","","","","","","","","","","","","","","","","","","","","","","","","","","","","","","","","","","","","","","","","","","","","","","","","","","","","","","","","","","","","","","","","","","","","","","","","","","","","","","","","","","","","","","","","","","","","","","","","","","","","","","","","","","","","","",""
"USW00023272","2023-04-08T00:00:00","37.7705","-122.4269","45.7","SAN FRANCISCO DOWNTOWN, CA US","SOD","","","","","","","","","","","","","","","","","","0546","1838","","12.8","","","","","","0","-0.59","5.5","16.1","9.4","","","0.0","0.0","","","","","","","","","","","","","","","","","","","","","","","","","","","","","","","","","","","","","","","","","","","","","","","","","","","","","","","","","","","","","","","","","","","","","","","","","","","","","","","","","","",""
"USW00023272","2023-04-09T00:00:00","37.7705","-122.4269","45.7","SAN FRANCISCO DOWNTOWN, CA US","SOD","","","","","","","","","","","","","","","","","","0545","1839","","14.7","","","","","","0","1.26","3.6","20.0","9.4","","","0.0","0.0","","","","","","","","","","","","","","","","","","","","","","","","","","","","","","","","","","","","","","","","","","","","","","","","","","","","","","","","","","","","","","","","","","","","","","","","","","","","","","","","","","",""
"USW00023272","2023-04-10T00:00:00","37.7705","-122.4269","45.7","SAN FRANCISCO DOWNTOWN, CA US","SOD","","","","","","","","","","","","","","","","","","0543","1840","","15.0","","","","","","0","1.56","3.3","20.0","10.0","","","0.0","0.0","","","","","","","","","","","","","","","","","","","","","","","","","","","","","","","","","","","","","","","","","","","","","","","","","","","","","","","","","","","","","","","","","","","","","","","","","","","","","","","","","","",""
"USW00023272","2023-04-11T00:00:00","37.7705","-122.4269","45.7","SAN FRANCISCO DOWNTOWN, CA US","SOD","","","","","","","","","","","","","","","","","","0542","1841","","12.2","","","","","","0","-1.24","6.1","15.0","9.4","","","0.5","0.0","","","","","","","","","","","","","","","","","","","","","","","","","","","","","","","","","","","","","","","","","","","","","","","","","","","","","","","","","","","","","","","","","","","","","","","","","","","","","","","","","","",""
"USW00023272","2023-04-11T00:59:00","37.7705","-122.4269","45.7","SAN FRANCISCO DOWNTOWN, CA US","FM-15","343","","","","0.3","","","","","","","","","","","","","","","","","","","","","","","","","","","","","","","","","","","","","","","","","","","","","","","","","","","","","","","","","","","","","","","","","","","","","","","","","","","","","","","","","","","","","","","","","","","","","","","","","","","","","","","","","","","","","","","","",""
"USW00023272","2023-04-11T04:59:00","37.7705","-122.4269","45.7","SAN FRANCISCO DOWNTOWN, CA US","FM-15","343","","","","0.3","","","","","","","","","","","","","","","","","","","","","","","","","","","","","","","","","","","","","","","","","","","","","","","","","","","","","","","","","","","","","","","","","","","","","","","","","","","","","","","","","","","","","","","","","","","","","","","","","","","","","","","","","","","","","","","","",""
"USW00023272","2023-04-12T00:00:00","37.7705","-122.4269","45.7","SAN FRANCISCO DOWNTOWN, CA US","SOD","","","","","","","","","","","","","","","","","","0541","1842","","10.8","","","","","","0","-2.64","7.5","13.3","8.3","","","0.0","0.0","","","","","","","","","","","","","","","","","","","","","","","","","","","","","","","","","","","","","","","","","","","","","","","","","","","","","","","","","","","","","","","","","","","","","","","","","","","","","","","","","","",""
"USW00023272","2023-04-13T00:00:00","37.7705","-122.4269","45.7","SAN FRANCISCO DOWNTOWN, CA US","SOD","","","","","","","","","","","","","","","","","","0539","1843","","11.7","","","","","","0","-1.80","6.6","15.6","7.8","","","0.0","0.0","","","","","","","","","","","","","","","","","","","","","","","","","","","","","","","","","","","","","","","","","","","","","","","","","","","","","","","","","","","","","","","","","","","","","","","","","","","","","","","","","","",""
"USW00023272","2023-04-14T00:00:00","37.7705","-122.4269","45.7","SAN FRANCISCO DOWNTOWN, CA US","SOD","","","","","","","","","","","","","","","","","","0538","1843","","10.6","","","","","","0","-2.90","7.7","13.3","7.8","","","0.0","0.0","","","","","","","","","","","","","","","","","","","","","","","","","","","","","","","","","","","","","","","","","","","","","","","","","","","","","","","","","","","","","","","","","","","","","","","","","","","","","","","","","","",""
"USW00023272","2023-04-15T00:00:00","37.7705","-122.4269","45.7","SAN FRANCISCO DOWNTOWN, CA US","SOD","","","","","","","","","","","","","","","","","","0536","1844","","11.1","","","","","","0","-2.40","7.2","13.9","8.3","","","0.0","0.0","","","","","","","","","","","","","","","","","","","","","","","","","","","","","","","","","","","","","","","","","","","","","","","","","","","","","","","","","","","","","","","","","","","","","","","","","","","","","","","","","","",""
"USW00023272","2023-04-16T00:00:00","37.7705","-122.4269","45.7","SAN FRANCISCO DOWNTOWN, CA US","SOD","","","","","","","","","","","","","","","","","","0535","1845","","10.6","","","","","","0","-2.90","7.7","13.3","7.8","","","0.0","0.0","","","","","","","","","","","","","","","","","","","","","","","","","","","","","","","","","","","","","","","","","","","","","","","","","","","","","","","","","","","","","","","","","","","","","","","","","","","","","","","","","","",""
"USW00023272","2023-04-17T00:00:00","37.7705","-122.4269","45.7","SAN FRANCISCO DOWNTOWN, CA US","SOD","","","","","","","","","","","","","","","","","","0533","1846","","11.1","","","","","","0","-2.46","7.2","13.3","8.9","","","0.3","0.0","","","","","","","","","","","","","","","","","","","","","","","","","","","","","","","","","","","","","","","","","","","","","","","","","","","","","","","","","","","","","","","","","","","","","","","","","","","","","","","","","","",""
"USW00023272","2023-04-17T22:59:00","37.7705","-122.4269","45.7","SAN FRANCISCO DOWNTOWN, CA US","FM-15","343","","","","0.3","","","","","","","","","","","","","","","","","","","","","","","","","","","","","","","","","","","","","","","","","","","","","","","","","","","","","","","","","","","","","","","","","","","","","","","","","","","","","","","","","","","","","","","","","","","","","","","","","","","","","","","","","","","","","","","","",""
"USW00023272","2023-04-18T00:00:00","37.7705","-122.4269","45.7","SAN FRANCISCO DOWNTOWN, CA US","SOD","","","","","","","","","","","","","","","","","","0532","1847","","10.9","","","","","","0","-2.66","7.4","13.9","7.8","","","0.0","0.0","","","","","","","","","","","","","","","","","","","","","","","","","","","","","","","","","","","","","","","","","","","","","","","","","","","","","","","","","","","","","","","","","","","","","","","","","","","","","","","","","","",""
"USW00023272","2023-04-19T00:00:00","37.7705","-122.4269","45.7","SAN FRANCISCO DOWNTOWN, CA US","SOD","","","","","","","","","","","","","","","","","","0531","1848","","10.9","","","","","","0","-2.66","7.4","13.9","7.8","","","0.0","0.0","","","","","","","","","","","","","","","","","","","","","","","","","","","","","","","","","","","","","","","","","","","","","","","","","","","","","","","","","","","","","","","","","","","","","","","","","","","","","","","","","","",""
"USW00023272","2023-04-20T00:00:00","37.7705","-122.4269","45.7","SAN FRANCISCO DOWNTOWN, CA US","SOD","","","","","","","","","","","","","","","","","","0529","1849","","12.8","","","","","","0","-0.81","5.5","17.2","8.3","","","0.0","0.0","","","","","","","","","","","","","","","","","","","","","","","","","","","","","","","","","","","","","","","","","","","","","","","","","","","","","","","","","","","","","","","","","","","","","","","","","","","","","","","","","","",""
"USW00023272","2023-04-21T00:00:00","37.7705","-122.4269","45.7","SAN FRANCISCO DOWNTOWN, CA US","SOD","","","","","","","","","","","","","","","","","","0528","1850","","16.7","","","","","","0","3.09","1.6","22.2","11.1","","","0.0","0.0","","","","","","","","","","","","","","","","","","","","","","","","","","","","","","","","","","","","","","","","","","","","","","","","","","","","","","","","","","","","","","","","","","","","","","","","","","","","","","","","","","",""
"USW00023272","2023-04-22T00:00:00","37.7705","-122.4269","45.7","SAN FRANCISCO DOWNTOWN, CA US","SOD","","","","","","","","","","","","","","","","","","0527","1851","","14.8","","","","","","0","1.19","3.5","18.9","10.6","","","0.0","0.0","","","","","","","","","","","","","","","","","","","","","","","","","","","","","","","","","","","","","","","","","","","","","","","","","","","","","","","","","","","","","","","","","","","","","","","","","","","","","","","","","","",""
"USW00023272","2023-04-23T00:00:00","37.7705","-122.4269","45.7","SAN FRANCISCO DOWNTOWN, CA US","SOD","","","","","","","","","","","","","","","","","","0525","1852","","13.4","","","","","","0","-0.27","4.9","16.7","10.0","","","0.0","0.0","","","","","","","","","","","","","","","","","","","","","","","","","","","","","","","","","","","","","","","","","","","","","","","","","","","","","","","","","","","","","","","","","","","","","","","","","","","","","","","","","","",""
"USW00023272","2023-04-24T00:00:00","37.7705","-122.4269","45.7","SAN FRANCISCO DOWNTOWN, CA US","SOD","","","","","","","","","","","","","","","","","","0524","1853","","13.1","","","","","","0","-0.57","5.2","17.2","8.9","","","0.0","0.0","","","","","","","","","","","","","","","","","","","","","","","","","","","","","","","","","","","","","","","","","","","","","","","","","","","","","","","","","","","","","","","","","","","","","","","","","","","","","","","","","","",""
"USW00023272","2023-04-25T00:00:00","37.7705","-122.4269","45.7","SAN FRANCISCO DOWNTOWN, CA US","SOD","","","","","","","","","","","","","","","","","","0523","1854","","14.2","","","","","","0","0.53","4.1","19.4","8.9","","","0.0","0.0","","","","","","","","","","","","","","","","","","","","","","","","","","","","","","","","","","","","","","","","","","","","","","","","","","","","","","","","","","","","","","","","","","","","","","","","","","","","","","","","","","",""
"USW00023272","2023-04-26T00:00:00","37.7705","-122.4269","45.7","SAN FRANCISCO DOWNTOWN, CA US","SOD","","","","","","","","","","","","","","","","","","0521","1855","","15.6","","","","","","0","1.88","2.7","21.7","9.4","","","0.0","0.0","","","","","","","","","","","","","","","","","","","","","","","","","","","","","","","","","","","","","","","","","","","","","","","","","","","","","","","","","","","","","","","","","","","","","","","","","","","","","","","","","","",""
"USW00023272","2023-04-27T00:00:00","37.7705","-122.4269","45.7","SAN FRANCISCO DOWNTOWN, CA US","SOD","","","","","","","","","","","","","","","","","","0520","1855","","15.8","","","","","","0","2.08","2.5","23.3","8.3","","","0.0","0.0","","","","","","","","","","","","","","","","","","","","","","","","","","","","","","","","","","","","","","","","","","","","","","","","","","","","","","","","","","","","","","","","","","","","","","","","","","","","","","","","","","",""
"USW00023272","2023-04-28T00:00:00","37.7705","-122.4269","45.7","SAN FRANCISCO DOWNTOWN, CA US","SOD","","","","","","","","","","","","","","","","","","0519","1856","","13.4","","","","","","0","-0.32","4.9","16.7","10.0","","","0.0","0.0","","","","","","","","","","","","","","","","","","","","","","","","","","","","","","","","","","","","","","","","","","","","","","","","","","","","","","","","","","","","","","","","","","","","","","","","","","","","","","","","","","",""
"USW00023272","2023-04-29T00:00:00","37.7705","-122.4269","45.7","SAN FRANCISCO DOWNTOWN, CA US","SOD","","","","","","","","","","","","","","","","","","0518","1857","","11.4","","","","","","0","-2.38","6.9","13.9","8.9","","","0.0","0.0","","","","","","","","","","","","","","","","","","","","","","","","","","","","","","","","","","","","","","","","","","","","","","","","","","","","","","","","","","","","","","","","","","","","","","","","","","","","","","","","","","",""
"USW00023272","2023-04-30T00:00:00","37.7705","-122.4269","45.7","SAN FRANCISCO DOWNTOWN, CA US","SOD","","","","","","","","","","","","","","","","","","0517","1858","","11.9","","","","","","0","-1.88","6.4","14.4","9.4","","","0.0","0.0","","","","","","","","","","","","","","","","","","","","","","","","","","","","","","","","","","","","","","","","","","","","","","","","","","","","","","","","","","","","","","","","","","","","","","","","","","","","","","","","","","",""
"USW00023272","2023-05-01T00:00:00","37.7705","-122.4269","45.7","SAN FRANCISCO DOWNTOWN, CA US","SOD","","","","","","","","","","","","","","","","","","0515","1859","","11.7","","","","","","0","-2.13","6.6","13.3","10.0","","","0.0","0.0","","","","","","","","","","","","","","","","","","","","","","","","","","","","","","","","","","","","","","","","","","","","","","","","","","","","","","","","","","","","","","","","","","","","","","","","","","","","","","","","","","",""
"USW00023272","2023-05-01T00:00:00","37.7705","-122.4269","45.7","SAN FRANCISCO DOWNTOWN, CA US","SOM","","","","","","","","","","","","","","","","","","","","","","","","","","","","","","","","","","","","","","","","","5","2","0","0","0","0","-0.80","-4.33","19.83","-1.43","-0.12","12.9","","22.9","02-03","0","","","","","","","16.40","13.53","","","","10.66","","","30.7","","","","0.0","0.0","","1668.3","149.0","","","7.8","232.5","","","","","","","","","","","","","","","","","","","","","","","","","","","","","","","","","","",""
"USW00023272","2023-05-02T00:00:00","37.7705","-122.4269","45.7","SAN FRANCISCO DOWNTOWN, CA US","SOD","","","","","","","","","","","","","","","","","","0514","1900","","10.9","","","","","","0","-2.93","7.4","12.8","8.9","","","14.0","0.0","","","","","","","","","","","","","","","","","","","","","","","","","","","","","","","","","","","","","","","","","","","","","","","","","","","","","","","","","","","","","","","","","","","","","","","","","","","","","","","","","","",""
"USW00023272","2023-05-02T03:59:00","37.7705","-122.4269","45.7","SAN FRANCISCO DOWNTOWN, CA US","FM-15","343","","","","1.5","","","","","","","","","","","","","","","","","","","","","","","","","","","","","","","","","","","","","","","","","","","","","","","","","","","","","","","","","","","","","","","","","","","","","","","","","","","","","","","","","","","","","","","","","","","","","","","","","","","","","","","","","","","","","","","","",""
"USW00023272","2023-05-02T05:59:00","37.7705","-122.4269","45.7","SAN FRANCISCO DOWNTOWN, CA US","FM-15","343","","","","1.0","","","","","","","","","","","","","","","","","","","","","","","","","","","","","","","","","","","","","","","","","","","","","","","","","","","","","","","","","","","","","","","","","","","","","","","","","","","","","","","","","","","","","","","","","","","","","","","","","","","","","","","","","","","","","","","","",""
"USW00023272","2023-05-02T11:59:00","37.7705","-122.4269","45.7","SAN FRANCISCO DOWNTOWN, CA US","FM-15","343","","","","1.0","","","","","","","","","","","","","","","","","","","","","","","","","","","","","","","","","","","","","","","","","","","","","","","","","","","","","","","","","","","","","","","","","","","","","","","","","","","","","","","","","","","","","","","","","","","","","","","","","","","","","","","","","","","","","","","","",""
"USW00023272","2023-05-02T14:59:00","37.7705","-122.4269","45.7","SAN FRANCISCO DOWNTOWN, CA US","FM-15","343","","","","2.0","","","","","","","","","","","","","","","","","","","","","","","","","","","","","","","","","","","","","","","","","","","","","","","","","","","","","","","","","","","","","","","","","","","","","","","","","","","","","","","","","","","","","","","","","","","","","","","","","","","","","","","","","","","","","","","","",""
"USW00023272","2023-05-02T15:59:00","37.7705","-122.4269","45.7","SAN FRANCISCO DOWNTOWN, CA US","FM-15","343","","","","0.8","","","","","","","","","","","","","","","","","","","","","","","","","","","","","","","","","","","","","","","","","","","","","","","","","","","","","","","","","","","","","","","","","","","","","","","","","","","","","","","","","","","","","","","","","","","","","","","","","","","","","","","","","","","","","","","","",""
"USW00023272","2023-05-02T16:59:00","37.7705","-122.4269","45.7","SAN FRANCISCO DOWNTOWN, CA US","FM-15","343","","","","2.3","","","","","","","","","","","","","","","","","","","","","","","","","","","","","","","","","","","","","","","","","","","","","","","","","","","","","","","","","","","","","","","","","","","","","","","","","","","","","","","","","","","","","","","","","","","","","","","","","","","","","","","","","","","","","","","","",""
"USW00023272","2023-05-02T21:59:00","37.7705","-122.4269","45.7","SAN FRANCISCO DOWNTOWN, CA US","FM-15","343","","","","0.5","","","","","","","","","","","","","","","","","","","","","","","","","","","","","","","","","","","","","","","","","","","","","","","","","","","","","","","","","","","","","","","","","","","","","","","","","","","","","","","","","","","","","","","","","","","","","","","","","","","","","","","","","","","","","","","","",""
"USW00023272","2023-05-02T22:59:00","37.7705","-122.4269","45.7","SAN FRANCISCO DOWNTOWN, CA US","FM-15","343","","","","2.3","","","","","","","","","","","","","","","","","","","","","","","","","","","","","","","","","","","","","","","","","","","","","","","","","","","","","","","","","","","","","","","","","","","","","","","","","","","","","","","","","","","","","","","","","","","","","","","","","","","","","","","","","","","","","","","","",""
"USW00023272","2023-05-02T23:59:00","37.7705","-122.4269","45.7","SAN FRANCISCO DOWNTOWN, CA US","FM-15","343","","","","2.5","","","","","","","","","","","","","","","","","","","","","","","","","","","","","","","","","","","","","","","","","","","","","","","","","","","","","","","","","","","","","","","","","","","","","","","","","","","","","","","","","","","","","","","","","","","","","","","","","","","","","","","","","","","","","","","","",""
"USW00023272","2023-05-03T00:00:00","37.7705","-122.4269","45.7","SAN FRANCISCO DOWNTOWN, CA US","SOD","","","","","","","","","","","","","","","","","","0513","1901","","12.8","","","","","","0","-1.09","5.5","16.1","9.4","","","13.7","0.0","","","","","","","","","","","","","","","","","","","","","","","","","","","","","","","","","","","","","","","","","","","","","","","","","","","","","","","","","","","","","","","","","","","","","","","","","","","","","","","","","","",""
"USW00023272","2023-05-03T00:59:00","37.7705","-122.4269","45.7","SAN FRANCISCO DOWNTOWN, CA US","FM-15","343","","","","2.0","","","","","","","","","","","","","","","","","","","","","","","","","","","","","","","","","","","","","","","","","","","","","","","","","","","","","","","","","","","","","","","","","","","","","","","","","","","","","","","","","","","","","","","","","","","","","","","","","","","","","","","","","","","","","","","","",""
"USW00023272","2023-05-03T01:59:00","37.7705","-122.4269","45.7","SAN FRANCISCO DOWNTOWN, CA US","FM-15","343","","","","2.0","","","","","","","","","","","","","","","","","","","","","","","","","","","","","","","","","","","","","","","","","","","","","","","","","","","","","","","","","","","","","","","","","","","","","","","","","","","","","","","","","","","","","","","","","","","","","","","","","","","","","","","","","","","","","","","","",""
"USW00023272","2023-05-03T02:59:00","37.7705","-122.4269","45.7","SAN FRANCISCO DOWNTOWN, CA US","FM-15","343","","","","1.0","","","","","","","","","","","","","","","","","","","","","","","","","","","","","","","","","","","","","","","","","","","","","","","","","","","","","","","","","","","","","","","","","","","","","","","","","","","","","","","","","","","","","","","","","","","","","","","","","","","","","","","","","","","","","","","","",""
"USW00023272","2023-05-03T03:59:00","37.7705","-122.4269","45.7","SAN FRANCISCO DOWNTOWN, CA US","FM-15","343","","","","2.3","","","","","","","","","","","","","","","","","","","","","","","","","","","","","","","","","","","","","","","","","","","","","","","","","","","","","","","","","","","","","","","","","","","","","","","","","","","","","","","","","","","","","","","","","","","","","","","","","","","","","","","","","","","","","","","","",""
"USW00023272","2023-05-03T04:59:00","37.7705","-122.4269","45.7","SAN FRANCISCO DOWNTOWN, CA US","FM-15","343","","","","0.5","","","","","","","","","","","","","","","","","","","","","","","","","","","","","","","","","","","","","","","","","","","","","","","","","","","","","","","","","","","","","","","","","","","","","","","","","","","","","","","","","","","","","","","","","","","","","","","","","","","","","","","","","","","","","","","","",""
"USW00023272","2023-05-03T05:59:00","37.7705","-122.4269","45.7","SAN FRANCISCO DOWNTOWN, CA US","FM-15","343","","","","0.8","","","","","","","","","","","","","","","","","","","","","","","","","","","","","","","","","","","","","","","","","","","","","","","","","","","","","","","","","","","","","","","","","","","","","","","","","","","","","","","","","","","","","","","","","","","","","","","","","","","","","","","","","","","","","","","","",""
"USW00023272","2023-05-03T06:59:00","37.7705","-122.4269","45.7","SAN FRANCISCO DOWNTOWN, CA US","FM-15","343","","","","2.5","","","","","","","","","","","","","","","","","","","","","","","","","","","","","","","","","","","","","","","","","","","","","","","","","","","","","","","","","","","","","","","","","","","","","","","","","","","","","","","","","","","","","","","","","","","","","","","","","","","","","","","","","","","","","","","","",""
"USW00023272","2023-05-03T07:59:00","37.7705","-122.4269","45.7","SAN FRANCISCO DOWNTOWN, CA US","FM-15","343","","","","0.3","","","","","","","","","","","","","","","","","","","","","","","","","","","","","","","","","","","","","","","","","","","","","","","","","","","","","","","","","","","","","","","","","","","","","","","","","","","","","","","","","","","","","","","","","","","","","","","","","","","","","","","","","","","","","","","","",""
"USW00023272","2023-05-03T16:59:00","37.7705","-122.4269","45.7","SAN FRANCISCO DOWNTOWN, CA US","FM-15","343","","","","1.8","","","","","","","","","","","","","","","","","","","","","","","","","","","","","","","","","","","","","","","","","","","","","","","","","","","","","","","","","","","","","","","","","","","","","","","","","","","","","","","","","","","","","","","","","","","","","","","","","","","","","","","","","","","","","","","","",""
"USW00023272","2023-05-03T18:59:00","37.7705","-122.4269","45.7","SAN FRANCISCO DOWNTOWN, CA US","FM-15","343","","","","0.5","","","","","","","","","","","","","","","","","","","","","","","","","","","","","","","","","","","","","","","","","","","","","","","","","","","","","","","","","","","","","","","","","","","","","","","","","","","","","","","","","","","","","","","","","","","","","","","","","","","","","","","","","","","","","","","","",""
"USW00023272","2023-05-04T00:00:00","37.7705","-122.4269","45.7","SAN FRANCISCO DOWNTOWN, CA US","SOD","","","","","","","","","","","","","","","","","","0512","1902","","12.2","","","","","","0","-1.69","6.1","15.0","9.4","","","0.0","0.0","","","","","","","","","","","","","","","","","","","","","","","","","","","","","","","","","","","","","","","","","","","","","","","","","","","","","","","","","","","","","","","","","","","","","","","","","","","","","","","","","","",""
"USW00023272","2023-05-05T00:00:00","37.7705","-122.4269","45.7","SAN FRANCISCO DOWNTOWN, CA US","SOD","","","","","","","","","","","","","","","","","","0511","1903","","12.8","","","","","","0","-1.09","5.5","15.0","10.6","","","0.0","0.0","","","","","","","","","","","","","","","","","","","","","","","","","","","","","","","","","","","","","","","","","","","","","","","","","","","","","","","","","","","","","","","","","","","","","","","","","","","","","","","","","","",""
"USW00023272","2023-05-06T00:00:00","37.7705","-122.4269","45.7","SAN FRANCISCO DOWNTOWN, CA US","SOD","","","","","","","","","","","","","","","","","","0510","1904","","13.6","","","","","","0","-0.34","4.7","16.1","11.1","","","2.0","0.0","","","","","","","","","","","","","","","","","","","","","","","","","","","","","","","","","","","","","","","","","","","","","","","","","","","","","","","","","","","","","","","","","","","","","","","","","","","","","","","","","","",""
"USW00023272","2023-05-06T04:59:00","37.7705","-122.4269","45.7","SAN FRANCISCO DOWNTOWN, CA US","FM-15","343","","","","0.3","","","","","","","","","","","","","","","","","","","","","","","","","","","","","","","","","","","","","","","","","","","","","","","","","","","","","","","","","","","","","","","","","","","","","","","","","","","","","","","","","","","","","","","","","","","","","","","","","","","","","","","","","","","","","","","","",""
"USW00023272","2023-05-06T05:59:00","37.7705","-122.4269","45.7","SAN FRANCISCO DOWNTOWN, CA US","FM-15","343","","","","1.5","","","","","","","","","","","","","","","","","","","","","","","","","","","","","","","","","","","","","","","","","","","","","","","","","","","","","","","","","","","","","","","","","","","","","","","","","","","","","","","","","","","","","","","","","","","","","","","","","","","","","","","","","","","","","","","","",""
"USW00023272","2023-05-06T07:59:00","37.7705","-122.4269","45.7","SAN FRANCISCO DOWNTOWN, CA US","FM-15","343","","","","0.3","","","","","","","","","","","","","","","","","","","","","","","","","","","","","","","","","","","","","","","","","","","","","","","","","","","","","","","","","","","","","","","","","","","","","","","","","","","","","","","","","","","","","","","","","","","","","","","","","","","","","","","","","","","","","","","","",""
"USW00023272","2023-05-07T00:00:00","37.7705","-122.4269","45.7","SAN FRANCISCO DOWNTOWN, CA US","SOD","","","","","","","","","","","","","","","","","","0509","1905","","12.5","","","","","","0","-1.44","5.8","15.6","9.4","","","0.0","0.0","","","","","","","","","","","","","","","","","","","","","","","","","","","","","","","","","","","","","","","","","","","","","","","","","","","","","","","","","","","","","","","","","","","","","","","","","","","","","","","","","","",""
"USW00023272","2023-05-08T00:00:00","37.7705","-122.4269","45.7","SAN FRANCISCO DOWNTOWN, CA US","SOD","","","","","","","","","","","","","","","","","","0508","1905","","13.4","","","","","","0","-0.60","4.9","16.1","10.6","","","0.5","0.0","","","","","","","","","","","","","","","","","","","","","","","","","","","","","","","","","","","","","","","","","","","","","","","","","","","","","","","","","","","","","","","","","","","","","","","","","","","","","","","","","","",""
"USW00023272","2023-05-08T07:59:00","37.7705","-122.4269","45.7","SAN FRANCISCO DOWNTOWN, CA US","FM-15","343","","","","0.5","","","","","","","","","","","","","","","","","","","","","","","","","","","","","","","","","","","","","","","","","","","","","","","","","","","","","","","","","","","","","","","","","","","","","","","","","","","","","","","","","","","","","","","","","","","","","","","","","","","","","","","","","","","","","","","","",""
"USW00023272","2023-05-09T00:00:00","37.7705","-122.4269","45.7","SAN FRANCISCO DOWNTOWN, CA US","SOD","","","","","","","","","","","","","","","","","","0507","1906","","13.6","","","","","","0","-0.46","4.7","16.1","11.1","","","0.0","0.0","","","","","","","","","","","","","","","","","","","","","","","","","","","","","","","","","","","","","","","","","","","","","","","","","","","","","","","","","","","","","","","","","","","","","","","","","","","","","","","","","","",""
"USW00023272","2023-05-10T00:00:00","37.7705","-122.4269","45.7","SAN FRANCISCO DOWNTOWN, CA US","SOD","","","","","","","","","","","","","","","","","","0506","1907","","12.8","","","","","","0","-1.26","5.5","15.0","10.6","","","0.0","0.0","","","","","","","","","","","","","","","","","","","","","","","","","","","","","","","","","","","","","","","","","","","","","","","","","","","","","","","","","","","","","","","","","","","","","","","","","","","","","","","","","","",""
"USW00023272","2023-05-11T00:00:00","37.7705","-122.4269","45.7","SAN FRANCISCO DOWNTOWN, CA US","SOD","","","","","","","","","","","","","","","","","","0505","1908","","13.4","","","","","","0","-0.71","4.9","16.1","10.6","","","0.0","0.0","","","","","","","","","","","","","","","","","","","","","","","","","","","","","","","","","","","","","","","","","","","","","","","","","","","","","","","","","","","","","","","","","","","","","","","","","","","","","","","","","","",""
"USW00023272","2023-05-12T00:00:00","37.7705","-122.4269","45.7","SAN FRANCISCO DOWNTOWN, CA US","SOD","","","","","","","","","","","","","","","","","","0504","1909","","13.9","","","","","","0","-0.21","4.4","17.2","10.6","","","0.0","0.0","","","","","","","","","","","","","","","","","","","","","","","","","","","","","","","","","","","","","","","","","","","","","","","","","","","","","","","","","","","","","","","","","","","","","","","","","","","","","","","","","","",""
"USW00023272","2023-05-13T00:00:00","37.7705","-122.4269","45.7","SAN FRANCISCO DOWNTOWN, CA US","SOD","","","","","","","","","","","","","","","","","","0503","1910","","17.0","","","","","","0","2.83","1.3","23.3","10.6","","","0.0","0.0","","","","","","","","","","","","","","","","","","","","","","","","","","","","","","","","","","","","","","","","","","","","","","","","","","","","","","","","","","","","","","","","","","","","","","","","","","","","","","","","","","",""
"USW00023272","2023-05-14T00:00:00","37.7705","-122.4269","45.7","SAN FRANCISCO DOWNTOWN, CA US","SOD","","","","","","","","","","","","","","","","","","0502","1911","","15.0","","","","","","0","0.78","3.3","19.4","10.6","","","0.0","0.0","","","","","","","","","","","","","","","","","","","","","","","","","","","","","","","","","","","","","","","","","","","","","","","","","","","","","","","","","","","","","","","","","","","","","","","","","","","","","","","","","","",""
"USW00023272","2023-05-15T00:00:00","37.7705","-122.4269","45.7","SAN FRANCISCO DOWNTOWN, CA US","SOD","","","","","","","","","","","","","","","","","","0501","1912","","14.5","","","","","","0","0.28","3.8","17.2","11.7","","","0.0","0.0","","","","","","","","","","","","","","","","","","","","","","","","","","","","","","","","","","","","","","","","","","","","","","","","","","","","","","","","","","","","","","","","","","","","","","","","","","","","","","","","","","",""
"USW00023272","2023-05-16T00:00:00","37.7705","-122.4269","45.7","SAN FRANCISCO DOWNTOWN, CA US","SOD","","","","","","","","","","","","","","","","","","0500","1913","","15.3","","","","","","0","1.02","3.0","19.4","11.1","","","0.0","0.0","","","","","","","","","","","","","","","","","","","","","","","","","","","","","","","","","","","","","","","","","","","","","","","","","","","","","","","","","","","","","","","","","","","","","","","","","","","","","","","","","","",""
"USW00023272","2023-05-17T00:00:00","37.7705","-122.4269","45.7","SAN FRANCISCO DOWNTOWN, CA US","SOD","","","","","","","","","","","","","","","","","","0459","1913","","13.1","","","","","","0","-1.23","5.2","15.6","10.6","","","0.0","0.0","","","","","","","","","","","","","","","","","","","","","","","","","","","","","","","","","","","","","","","","","","","","","","","","","","","","","","","","","","","","","","","","","","","","","","","","","","","","","","","","","","",""
"USW00023272","2023-05-18T00:00:00","37.7705","-122.4269","45.7","SAN FRANCISCO DOWNTOWN, CA US","SOD","","","","","","","","","","","","","","","","","","0458","1914","","12.8","","","","","","0","-1.53","5.5","15.0","10.6","","","0.0","0.0","","","","","","","","","","","","","","","","","","","","","","","","","","","","","","","","","","","","","","","","","","","","","","","","","","","","","","","","","","","","","","","","","","","","","","","","","","","","","","","","","","",""
"USW00023272","2023-05-19T00:00:00","37.7705","-122.4269","45.7","SAN FRANCISCO DOWNTOWN, CA US","SOD","","","","","","","","","","","","","","","","","","0458","1915","","12.8","","","","","","0","-1.59","5.5","15.0","10.6","","","0.0","0.0","","","","","","","","","","","","","","","","","","","","","","","","","","","","","","","","","","","","","","","","","","","","","","","","","","","","","","","","","","","","","","","","","","","","","","","","","","","","","","","","","","",""
"USW00023272","2023-05-20T00:00:00","37.7705","-122.4269","45.7","SAN FRANCISCO DOWNTOWN, CA US","SOD","","","","","","","","","","","","","","","","","","0457","1916","","12.8","","","","","","0","-1.64","5.5","15.0","10.6","","","0.5","0.0","","","","","","","","","","","","","","","","","","","","","","","","","","","","","","","","","","","","","","","","","","","","","","","","","","","","","","","","","","","","","","","","","","","","","","","","","","","","","","","","","","",""
"USW00023272","2023-05-20T06:59:00","37.7705","-122.4269","45.7","SAN FRANCISCO DOWNTOWN, CA US","FM-15","343","","","","0.3","","","","","","","","","","","","","","","","","","","","","","","","","","","","","","","","","","","","","","","","","","","","","","","","","","","","","","","","","","","","","","","","","","","","","","","","","","","","","","","","","","","","","","","","","","","","","","","","","","","","","","","","","","","","","","","","",""
"USW00023272","2023-05-20T23:59:00","37.7705","-122.4269","45.7","SAN FRANCISCO DOWNTOWN, CA US","FM-15","343","","","","0.3","","","","","","","","","","","","","","","","","","","","","","","","","","","","","","","","","","","","","","","","","","","","","","","","","","","","","","","","","","","","","","","","","","","","","","","","","","","","","","","","","","","","","","","","","","","","","","","","","","","","","","","","","","","","","","","","",""
"USW00023272","2023-05-21T00:00:00","37.7705","-122.4269","45.7","SAN FRANCISCO DOWNTOWN, CA US","SOD","","","","","","","","","","","","","","","","","","0456","1917","","14.2","","","","","","0","-0.30","4.1","18.3","10.0","","","0.0","0.0","","","","","","","","","","","","","","","","","","","","","","","","","","","","","","","","","","","","","","","","","","","","","","","","","","","","","","","","","","","","","","","","","","","","","","","","","","","","","","","","","","",""
"USW00023272","2023-05-22T00:00:00","37.7705","-122.4269","45.7","SAN FRANCISCO DOWNTOWN, CA US","SOD","","","","","","","","","","","","","","","","","","0455","1918","","15.0","","","","","","0","0.50","3.3","18.9","11.1","","","0.0","0.0","","","","","","","","","","","","","","","","","","","","","","","","","","","","","","","","","","","","","","","","","","","","","","","","","","","","","","","","","","","","","","","","","","","","","","","","","","","","","","","","","","",""
"USW00023272","2023-05-23T00:00:00","37.7705","-122.4269","45.7","SAN FRANCISCO DOWNTOWN, CA US","SOD","","","","","","","","","","","","","","","","","","0455","1918","","14.5","","","","","","0","-0.06","3.8","17.8","11.1","","","0.0","0.0","","","","","","","","","","","","","","","","","","","","","","","","","","","","","","","","","","","","","","","","","","","","","","","","","","","","","","","","","","","","","","","","","","","","","","","","","","","","","","","","","","",""
"USW00023272","2023-05-24T00:00:00","37.7705","-122.4269","45.7","SAN FRANCISCO DOWNTOWN, CA US","SOD","","","","","","","","","","","","","","","","","","0454","1919","","13.7","","","","","","0","-0.91","4.6","16.7","10.6","","","0.0","0.0","","","","","","","","","","","","","","","","","","","","","","","","","","","","","","","","","","","","","","","","","","","","","","","","","","","","","","","","","","","","","","","","","","","","","","","","","","","","","","","","","","",""
"USW00023272","2023-05-25T00:00:00","37.7705","-122.4269","45.7","SAN FRANCISCO DOWNTOWN, CA US","SOD","","","","","","","","","","","","","","","","","","0453","1920","","13.6","","","","","","0","-1.07","4.7","16.1","11.1","","","0.0","0.0","","","","","","","","","","","","","","","","","","","","","","","","","","","","","","","","","","","","","","","","","","","","","","","","","","","","","","","","","","","","","","","","","","","","","","","","","","","","","","","","","","",""
"USW00023272","2023-05-26T00:00:00","37.7705","-122.4269","45.7","SAN FRANCISCO DOWNTOWN, CA US","SOD","","","","","","","","","","","","","","","","","","0453","1921","","13.9","","","","","","0","-0.77","4.4","16.7","11.1","","","0.0","0.0","","","","","","","","","","","","","","","","","","","","","","","","","","","","","","","","","","","","","","","","","","","","","","","","","","","","","","","","","","","","","","","","","","","","","","","","","","","","","","","","","","",""
"USW00023272","2023-05-27T00:00:00","37.7705","-122.4269","45.7","SAN FRANCISCO DOWNTOWN, CA US","SOD","","","","","","","","","","","","","","","","","","0452","1922","","13.1","","","","","","0","-1.62","5.2","15.6","10.6","","","0.0","0.0","","","","","","","","","","","","","","","","","","","","","","","","","","","","","","","","","","","","","","","","","","","","","","","","","","","","","","","","","","","","","","","","","","","","","","","","","","","","","","","","","","",""
"USW00023272","2023-05-28T00:00:00","37.7705","-122.4269","45.7","SAN FRANCISCO DOWNTOWN, CA US","SOD","","","","","","","","","","","","","","","","","","0452","1922","","13.1","","","","","","0","-1.68","5.2","14.4","11.7","","","0.0","0.0","","","","","","","","","","","","","","","","","","","","","","","","","","","","","","","","","","","","","","","","","","","","","","","","","","","","","","","","","","","","","","","","","","","","","","","","","","","","","","","","","","",""
"USW00023272","2023-05-29T00:00:00","37.7705","-122.4269","45.7","SAN FRANCISCO DOWNTOWN, CA US","SOD","","","","","","","","","","","","","","","","","","0451","1923","","14.2","","","","","","0","-0.63","4.1","17.2","11.1","","","0.0","0.0","","","","","","","","","","","","","","","","","","","","","","","","","","","","","","","","","","","","","","","","","","","","","","","","","","","","","","","","","","","","","","","","","","","","","","","","","","","","","","","","","","",""
"USW00023272","2023-05-30T00:00:00","37.7705","-122.4269","45.7","SAN FRANCISCO DOWNTOWN, CA US","SOD","","","","","","","","","","","","","","","","","","0451","1924","","14.5","","","","","","0","-0.39","3.8","16.7","12.2","","","0.0","0.0","","","","","","","","","","","","","","","","","","","","","","","","","","","","","","","","","","","","","","","","","","","","","","","","","","","","","","","","","","","","","","","","","","","","","","","","","","","","","","","","","","",""
"USW00023272","2023-05-31T00:00:00","37.7705","-122.4269","45.7","SAN FRANCISCO DOWNTOWN, CA US","SOD","","","","","","","","","","","","","","","","","","0450","1924","","13.4","","","","","","0","-1.49","4.9","15.6","11.1","","","0.0","0.0","","","","","","","","","","","","","","","","","","","","","","","","","","","","","","","","","","","","","","","","","","","","","","","","","","","","","","","","","","","","","","","","","","","","","","","","","","","","","","","","","","",""
"USW00023272","2023-06-01T00:00:00","37.7705","-122.4269","45.7","SAN FRANCISCO DOWNTOWN, CA US","SOD","","","","","","","","","","","","","","","","","","0450","1925","","13.9","","","","","","0","-1.04","4.4","16.7","11.1","","","0.0","0.0","","","","","","","","","","","","","","","","","","","","","","","","","","","","","","","","","","","","","","","","","","","","","","","","","","","","","","","","","","","","","","","","","","","","","","","","","","","","","","","","","","",""
"USW00023272","2023-06-01T00:00:00","37.7705","-122.4269","45.7","SAN FRANCISCO DOWNTOWN, CA US","SOM","","","","","","","","","","","","","","","","","","","","","","","","","","","","","","","","","","","","","","","","","1","0","0","0","0","0","-0.75","-6.61","16.59","-1.69","0.13","-4.8","","0.3","27-27","0","","","","","","","17.48","14.64","","","","11.80","","","0.3","","","","0.0","0.0","","1779.0","110.7","","","11.9","169.4","","","","","","","","","","","","","","","","","","","","","","","","","","","","","","","","","","",""
"USW00023272","2023-06-01T07:59:00","37.7705","-122.4269","45.7","SAN FRANCISCO DOWNTOWN, CA US","FM-15","343","","","","0.0","","","","","","","","","","","","","","","","","","","","","","","","","","","","","","","","","","","","","","","","","","","","","","","","","","","","","","","","","","","","","","","","","","","","","","","","","","","","","","","","","","","","","","","","","","","","","","","","","","","","","","","","","","","","","","","","",""
"USW00023272","2023-06-02T00:00:00","37.7705","-122.4269","45.7","SAN FRANCISCO DOWNTOWN, CA US","SOD","","","","","","","","","","","","","","","","","","0449","1926","","14.2","","","","","","0","-0.80","4.1","17.2","11.1","","","0.0","0.0","","","","","","","","","","","","","","","","","","","","","","","","","","","","","","","","","","","","","","","","","","","","","","","","","","","","","","","","","","","","","","","","","","","","","","","","","","","","","","","","","","",""
"USW00023272","2023-06-03T00:00:00","37.7705","-122.4269","45.7","SAN FRANCISCO DOWNTOWN, CA US","SOD","","","","","","","","","","","","","","","","","","0449","1927","","15.6","","","","","","0","0.54","2.7","20.6","10.6","","","0.0","0.0","","","","","","","","","","","","","","","","","","","","","","","","","","","","","","","","","","","","","","","","","","","","","","","","","","","","","","","","","","","","","","","","","","","","","","","","","","","","","","","","","","",""
"USW00023272","2023-06-04T00:00:00","37.7705","-122.4269","45.7","SAN FRANCISCO DOWNTOWN, CA US","SOD","","","","","","","","","","","","","","","","","","0449","1927","","14.5","","","","","","0","-0.56","3.8","17.8","11.1","","","0.0","0.0","","","","","","","","","","","","","","","","","","","","","","","","","","","","","","","","","","","","","","","","","","","","","","","","","","","","","","","","","","","","","","","","","","","","","","","","","","","","","","","","","","",""
"USW00023272","2023-06-05T00:00:00","37.7705","-122.4269","45.7","SAN FRANCISCO DOWNTOWN, CA US","SOD","","","","","","","","","","","","","","","","","","0449","1928","","14.2","","","","","","0","-0.91","4.1","17.2","11.1","","","0.0","0.0","","","","","","","","","","","","","","","","","","","","","","","","","","","","","","","","","","","","","","","","","","","","","","","","","","","","","","","","","","","","","","","","","","","","","","","","","","","","","","","","","","",""
"USW00023272","2023-06-06T00:00:00","37.7705","-122.4269","45.7","SAN FRANCISCO DOWNTOWN, CA US","SOD","","","","","","","","","","","","","","","","","","0448","1928","","16.7","","","","","","0","1.53","1.6","20.0","13.3","","","0.0","0.0","","","","","","","","","","","","","","","","","","","","","","","","","","","","","","","","","","","","","","","","","","","","","","","","","","","","","","","","","","","","","","","","","","","","","","","","","","","","","","","","","","",""
"USW00023272","2023-06-07T00:00:00","37.7705","-122.4269","45.7","SAN FRANCISCO DOWNTOWN, CA US","SOD","","","","","","","","","","","","","","","","","","0448","1929","","15.8","","","","","","0","0.58","2.5","18.3","13.3","","","0.0","0.0","","","","","","","","","","","","","","","","","","","","","","","","","","","","","","","","","","","","","","","","","","","","","","","","","","","","","","","","","","","","","","","","","","","","","","","","","","","","","","","","","","",""
"USW00023272","2023-06-08T00:00:00","37.7705","-122.4269","45.7","SAN FRANCISCO DOWNTOWN, CA US","SOD","","","","","","","","","","","","","","","","","","0448","1930","","15.6","","","","","","0","0.38","2.7","18.3","12.8","","","0.0","0.0","","","","","","","","","","","","","","","","","","","","","","","","","","","","","","","","","","","","","","","","","","","","","","","","","","","","","","","","","","","","","","","","","","","","","","","","","","","","","","","","","","",""
"USW00023272","2023-06-09T00:00:00","37.7705","-122.4269","45.7","SAN FRANCISCO DOWNTOWN, CA US","SOD","","","","","","","","","","","","","","","","","","0448","1930","","14.2","","","","","","0","-1.08","4.1","16.1","12.2","","","0.0","0.0","","","","","","","","","","","","","","","","","","","","","","","","","","","","","","","","","","","","","","","","","","","","","","","","","","","","","","","","","","","","","","","","","","","","","","","","","","","","","","","","","","",""
"USW00023272","2023-06-10T00:00:00","37.7705","-122.4269","45.7","SAN FRANCISCO DOWNTOWN, CA US","SOD","","","","","","","","","","","","","","","","","","0447","1931","","13.6","","","","","","0","-1.73","4.7","16.1","11.1","","","0.0","0.0","","","","","","","","","","","","","","","","","","","","","","","","","","","","","","","","","","","","","","","","","","","","","","","","","","","","","","","","","","","","","","","","","","","","","","","","","","","","","","","","","","",""
"USW00023272","2023-06-11T00:00:00","37.7705","-122.4269","45.7","SAN FRANCISCO DOWNTOWN, CA US","SOD","","","","","","","","","","","","","","","","","","0447","1931","","14.2","","","","","","0","-1.13","4.1","16.7","11.7","","","0.0","0.0","","","","","","","","","","","","","","","","","","","","","","","","","","","","","","","","","","","","","","","","","","","","","","","","","","","","","","","","","","","","","","","","","","","","","","","","","","","","","","","","","","",""
"USW00023272","2023-06-12T00:00:00","37.7705","-122.4269","45.7","SAN FRANCISCO DOWNTOWN, CA US","SOD","","","","","","","","","","","","","","","","","","0447","1932","","15.3","","","","","","0","-0.09","3.0","17.8","12.8","","","0.0","0.0","","","","","","","","","","","","","","","","","","","","","","","","","","","","","","","","","","","","","","","","","","","","","","","","","","","","","","","","","","","","","","","","","","","","","","","","","","","","","","","","","","",""
"USW00023272","2023-06-13T00:00:00","37.7705","-122.4269","45.7","SAN FRANCISCO DOWNTOWN, CA US","SOD","","","","","","","","","","","","","","","","","","0447","1932","","15.0","","","","","","0","-0.39","3.3","17.2","12.8","","","0.0","0.0","","","","","","","","","","","","","","","","","","","","","","","","","","","","","","","","","","","","","","","","","","","","","","","","","","","","","","","","","","","","","","","","","","","","","","","","","","","","","","","","","","",""
"USW00023272","2023-06-14T00:00:00","37.7705","-122.4269","45.7","SAN FRANCISCO DOWNTOWN, CA US","SOD","","","","","","","","","","","","","","","","","","0447","1932","","15.0","","","","","","0","-0.44","3.3","18.3","11.7","","","0.0","0.0","","","","","","","","","","","","","","","","","","","","","","","","","","","","","","","","","","","","","","","","","","","","","","","","","","","","","","","","","","","","","","","","","","","","","","","","","","","","","","","","","","",""
"USW00023272","2023-06-15T00:00:00","37.7705","-122.4269","45.7","SAN FRANCISCO DOWNTOWN, CA US","SOD","","","","","","","","","","","","","","","","","","0447","1933","","15.6","","","","","","0","0.16","2.7","18.9","12.2","","","0.0","0.0","","","","","","","","","","","","","","","","","","","","","","","","","","","","","","","","","","","","","","","","","","","","","","","","","","","","","","","","","","","","","","","","","","","","","","","","","","","","","","","","","","",""
"USW00023272","2023-06-16T00:00:00","37.7705","-122.4269","45.7","SAN FRANCISCO DOWNTOWN, CA US","SOD","","","","","","","","","","","","","","","","","","0447","1933","","16.1","","","","","","0","0.60","2.2","18.9","13.3","","","0.0","0.0","","","","","","","","","","","","","","","","","","","","","","","","","","","","","","","","","","","","","","","","","","","","","","","","","","","","","","","","","","","","","","","","","","","","","","","","","","","","","","","","","","",""
"USW00023272","2023-06-17T00:00:00","37.7705","-122.4269","45.7","SAN FRANCISCO DOWNTOWN, CA US","SOD","","","","","","","","","","","","","","","","","","0447","1934","","15.0","","","","","","0","-0.50","3.3","17.2","12.8","","","0.0","0.0","","","","","","","","","","","","","","","","","","","","","","","","","","","","","","","","","","","","","","","","","","","","","","","","","","","","","","","","","","","","","","","","","","","","","","","","","","","","","","","","","","",""
"USW00023272","2023-06-18T00:00:00","37.7705","-122.4269","45.7","SAN FRANCISCO DOWNTOWN, CA US","SOD","","","","","","","","","","","","","","","","","","0447","1934","","15.6","","","","","","0","0.04","2.7","17.8","13.3","","","0.0","0.0","","","","","","","","","","","","","","","","","","","","","","","","","","","","","","","","","","","","","","","","","","","","","","","","","","","","","","","","","","","","","","","","","","","","","","","","","","","","","","","","","","",""
"USW00023272","2023-06-19T00:00:00","37.7705","-122.4269","45.7","SAN FRANCISCO DOWNTOWN, CA US","SOD","","","","","","","","","","","","","","","","","","0447","1934","","13.9","","","","","","0","-1.66","4.4","16.7","11.1","","","0.0","0.0","","","","","","","","","","","","","","","","","","","","","","","","","","","","","","","","","","","","","","","","","","","","","","","","","","","","","","","","","","","","","","","","","","","","","","","","","","","","","","","","","","",""
"USW00023272","2023-06-20T00:00:00","37.7705","-122.4269","45.7","SAN FRANCISCO DOWNTOWN, CA US","SOD","","","","","","","","","","","","","","","","","","0448","1934","","14.8","","","","","","0","-0.76","3.5","18.9","10.6","","","0.0","0.0","","","","","","","","","","","","","","","","","","","","","","","","","","","","","","","","","","","","","","","","","","","","","","","","","","","","","","","","","","","","","","","","","","","","","","","","","","","","","","","","","","",""
"USW00023272","2023-06-21T00:00:00","37.7705","-122.4269","45.7","SAN FRANCISCO DOWNTOWN, CA US","SOD","","","","","","","","","","","","","","","","","","0448","1935","","14.2","","","","","","0","-1.41","4.1","17.2","11.1","","","0.0","0.0","","","","","","","","","","","","","","","","","","","","","","","","","","","","","","","","","","","","","","","","","","","","","","","","","","","","","","","","","","","","","","","","","","","","","","","","","","","","","","","","","","",""
"USW00023272","2023-06-22T00:00:00","37.7705","-122.4269","45.7","SAN FRANCISCO DOWNTOWN, CA US","SOD","","","","","","","","","","","","","","","","","","0448","1935","","13.9","","","","","","0","-1.71","4.4","16.7","11.1","","","0.0","0.0","","","","","","","","","","","","","","","","","","","","","","","","","","","","","","","","","","","","","","","","","","","","","","","","","","","","","","","","","","","","","","","","","","","","","","","","","","","","","","","","","","",""
"USW00023272","2023-06-23T00:00:00","37.7705","-122.4269","45.7","SAN FRANCISCO DOWNTOWN, CA US","SOD","","","","","","","","","","","","","","","","","","0448","1935","","15.3","","","","","","0","-0.31","3.0","17.8","12.8","","","0.0","0.0","","","","","","","","","","","","","","","","","","","","","","","","","","","","","","","","","","","","","","","","","","","","","","","","","","","","","","","","","","","","","","","","","","","","","","","","","","","","","","","","","","",""
"USW00023272","2023-06-24T00:00:00","37.7705","-122.4269","45.7","SAN FRANCISCO DOWNTOWN, CA US","SOD","","","","","","","","","","","","","","","","","","0448","1935","","14.8","","","","","","0","-0.81","3.5","16.7","12.8","","","0.0","0.0","","","","","","","","","","","","","","","","","","","","","","","","","","","","","","","","","","","","","","","","","","","","","","","","","","","","","","","","","","","","","","","","","","","","","","","","","","","","","","","","","","",""
"USW00023272","2023-06-25T00:00:00","37.7705","-122.4269","45.7","SAN FRANCISCO DOWNTOWN, CA US","SOD","","","","","","","","","","","","","","","","","","0449","1935","","14.2","","","","","","0","-1.47","4.1","16.1","12.2","","","0.0","0.0","","","","","","","","","","","","","","","","","","","","","","","","","","","","","","","","","","","","","","","","","","","","","","","","","","","","","","","","","","","","","","","","","","","","","","","","","","","","","","","","","","",""
"USW00023272","2023-06-26T00:00:00","37.7705","-122.4269","45.7","SAN FRANCISCO DOWNTOWN, CA US","SOD","","","","","","","","","","","","","","","","","","0449","1936","","13.4","","","","","","0","-2.27","4.9","15.6","11.1","","","0.0","0.0","","","","","","","","","","","","","","","","","","","","","","","","","","","","","","","","","","","","","","","","","","","","","","","","","","","","","","","","","","","","","","","","","","","","","","","","","","","","","","","","","","",""
"USW00023272","2023-06-27T00:00:00","37.7705","-122.4269","45.7","SAN FRANCISCO DOWNTOWN, CA US","SOD","","","","","","","","","","","","","","","","","","0449","1936","","12.8","","","","","","0","-2.87","5.5","15.0","10.6","","","0.3","0.0","","","","","","","","","","","","","","","","","","","","","","","","","","","","","","","","","","","","","","","","","","","","","","","","","","","","","","","","","","","","","","","","","","","","","","","","","","","","","","","","","","",""
"USW00023272","2023-06-27T07:59:00","37.7705","-122.4269","45.7","SAN FRANCISCO DOWNTOWN, CA US","FM-15","343","","","","0.3","","","","","","","","","","","","","","","","","","","","","","","","","","","","","","","","","","","","","","","","","","","","","","","","","","","","","","","","","","","","","","","","","","","","","","","","","","","","","","","","","","","","","","","","","","","","","","","","","","","","","","","","","","","","","","","","",""
"USW00023272","2023-06-28T00:00:00","37.7705","-122.4269","45.7","SAN FRANCISCO DOWNTOWN, CA US","SOD","","","","","","","","","","","","","","","","","","0450","1936","","12.5","","","","","","0","-3.17","5.8","14.4","10.6","","","0.0","0.0","","","","","","","","","","","","","","","","","","","","","","","","","","","","","","","","","","","","","","","","","","","","","","","","","","","","","","","","","","","","","","","","","","","","","","","","","","","","","","","","","","",""
"USW00023272","2023-06-29T00:00:00","37.7705","-122.4269","45.7","SAN FRANCISCO DOWNTOWN, CA US","SOD","","","","","","","","","","","","","","","","","","0450","1936","","15.0","","","","","","0","-0.67","3.3","19.4","10.6","","","0.0","0.0","","","","","","","","","","","","","","","","","","","","","","","","","","","","","","","","","","","","","","","","","","","","","","","","","","","","","","","","","","","","","","","","","","","","","","","","","","","","","","","","","","",""
"USW00023272","2023-06-30T00:00:00","37.7705","-122.4269","45.7","SAN FRANCISCO DOWNTOWN, CA US","SOD","","","","","","","","","","","","","","","","","","0451","1936","","15.0","","","","","","0","-0.67","3.3","18.9","11.1","","","0.0","0.0","","","","","","","","","","","","","","","","","","","","","","","","","","","","","","","","","","","","","","","","","","","","","","","","","","","","","","","","","","","","","","","","","","","","","","","","","","","","","","","","","","",""
"USW00023272","2023-07-01T00:00:00","37.7705","-122.4269","45.7","SAN FRANCISCO DOWNTOWN, CA US","SOD","","","","","","","","","","","","","","","","","","0451","1936","","17.8","","","","","","0","2.13","0.5","25.0","10.6","","","0.0","0.0","","","","","","","","","","","","","","","","","","","","","","","","","","","","","","","","","","","","","","","","","","","","","","","","","","","","","","","","","","","","","","","","","","","","","","","","","","","","","","","","","","",""
"USW00023272","2023-07-01T00:00:00","37.7705","-122.4269","45.7","SAN FRANCISCO DOWNTOWN, CA US","SOM","","","","","","","","","","","","","","","","","","","","","","","","","","","","","","","","","","","","","","","","","0","0","0","0","0","0","-0.06","-3.46","-0.67","0.08","-0.26","-0.3","","65.0","16-16","0","","","","","","","19.14","15.66","","","","12.18","","","0.0","","","","0.6","0.6","","83.5","83.5","","","7.3","151.5","","","","","","","","","","","","","","","","","","","","","","","","","","","","","","","","","","",""
"USW00023272","2023-07-02T00:00:00","37.7705","-122.4269","45.7","SAN FRANCISCO DOWNTOWN, CA US","SOD","","","","","","","","","","","","","","","","","","0451","1936","","18.9","","","","","","0.6","3.23","0","23.9","13.9","","","0.0","0.0","","","","","","","","","","","","","","","","","","","","","","","","","","","","","","","","","","","","","","","","","","","","","","","","","","","","","","","","","","","","","","","","","","","","","","","","","","","","","","","","","","",""
"USW00023272","2023-07-03T00:00:00","37.7705","-122.4269","45.7","SAN FRANCISCO DOWNTOWN, CA US","SOD","","","","","","","","","","","","","","","","","","0452","1935","","15.8","","","","","","0","0.13","2.5","18.3","13.3","","","0.0","0.0","","","","","","","","","","","","","","","","","","","","","","","","","","","","","","","","","","","","","","","","","","","","","","","","","","","","","","","","","","","","","","","","","","","","","","","","","","","","","","","","","","",""
"USW00023272","2023-07-04T00:00:00","37.7705","-122.4269","45.7","SAN FRANCISCO DOWNTOWN, CA US","SOD","","","","","","","","","","","","","","","","","","0452","1935","","15.3","","","","","","0","-0.37","3.0","17.8","12.8","","","0.0","0.0","","","","","","","","","","","","","","","","","","","","","","","","","","","","","","","","","","","","","","","","","","","","","","","","","","","","","","","","","","","","","","","","","","","","","","","","","","","","","","","","","","",""
"USW00023272","2023-07-05T00:00:00","37.7705","-122.4269","45.7","SAN FRANCISCO DOWNTOWN, CA US","SOD","","","","","","","","","","","","","","","","","","0453","1935","","15.0","","","","","","0","-0.67","3.3","17.2","12.8","","","0.0","0.0","","","","","","","","","","","","","","","","","","","","","","","","","","","","","","","","","","","","","","","","","","","","","","","","","","","","","","","","","","","","","","","","","","","","","","","","","","","","","","","","","","",""
"USW00023272","2023-07-06T00:00:00","37.7705","-122.4269","45.7","SAN FRANCISCO DOWNTOWN, CA US","SOD","","","","","","","","","","","","","","","","","","0453","1935","","14.8","","","","","","0","-0.87","3.5","16.7","12.8","","","0.0","0.0","","","","","","","","","","","","","","","","","","","","","","","","","","","","","","","","","","","","","","","","","","","","","","","","","","","","","","","","","","","","","","","","","","","","","","","","","","","","","","","","","","",""
"USW00023272","2023-07-07T00:00:00","37.7705","-122.4269","45.7","SAN FRANCISCO DOWNTOWN, CA US","SOD","","","","","","","","","","","","","","","","","","0454","1935","","13.7","","","","","","0","-1.97","4.6","15.6","11.7","","","0.0","0.0","","","","","","","","","","","","","","","","","","","","","","","","","","","","","","","","","","","","","","","","","","","","","","","","","","","","","","","","","","","","","","","","","","","","","","","","","","","","","","","","","","",""
"USW00023272","2023-07-08T00:00:00","37.7705","-122.4269","45.7","SAN FRANCISCO DOWNTOWN, CA US","SOD","","","","","","","","","","","","","","","","","","0455","1934","","13.9","","","","","","0","-1.77","4.4","16.1","11.7","","","0.0","0.0","","","","","","","","","","","","","","","","","","","","","","","","","","","","","","","","","","","","","","","","","","","","","","","","","","","","","","","","","","","","","","","","","","","","","","","","","","","","","","","","","","",""
"USW00023272","2023-07-09T00:00:00","37.7705","-122.4269","45.7","SAN FRANCISCO DOWNTOWN, CA US","SOD","","","","","","","","","","","","","","","","","","0455","1934","","13.4","","","","","","0","-2.27","4.9","15.6","11.1","","","0.0","0.0","","","","","","","","","","","","","","","","","","","","","","","","","","","","","","","","","","","","","","","","","","","","","","","","","","","","","","","","","","","","","","","","","","","","","","","","","","","","","","","","","","",""
"USW00023272","2023-07-10T00:00:00","37.7705","-122.4269","45.7","SAN FRANCISCO DOWNTOWN, CA US","SOD","","","","","","","","","","","","","","","","","","0456","1934","","13.9","","","","","","0","-1.77","4.4","16.7","11.1","","","0.0","0.0","","","","","","","","","","","","","","","","","","","","","","","","","","","","","","","","","","","","","","","","","","","","","","","","","","","","","","","","","","","","","","","","","","","","","","","","","","","","","","","","","","",""
"USW00023272","2023-07-11T00:00:00","37.7705","-122.4269","45.7","SAN FRANCISCO DOWNTOWN, CA US","SOD","","","","","","","","","","","","","","","","","","0456","1933","","16.2","","","","","","0","0.53","2.1","20.6","11.7","","","0.0","0.0","","","","","","","","","","","","","","","","","","","","","","","","","","","","","","","","","","","","","","","","","","","","","","","","","","","","","","","","","","","","","","","","","","","","","","","","","","","","","","","","","","",""
"USW00023272","2023-07-12T00:00:00","37.7705","-122.4269","45.7","SAN FRANCISCO DOWNTOWN, CA US","SOD","","","","","","","","","","","","","","","","","","0457","1933","","14.5","","","","","","0","-1.17","3.8","17.8","11.1","","","0.0","0.0","","","","","","","","","","","","","","","","","","","","","","","","","","","","","","","","","","","","","","","","","","","","","","","","","","","","","","","","","","","","","","","","","","","","","","","","","","","","","","","","","","",""
"USW00023272","2023-07-13T00:00:00","37.7705","-122.4269","45.7","SAN FRANCISCO DOWNTOWN, CA US","SOD","","","","","","","","","","","","","","","","","","0458","1933","","14.8","","","","","","0","-0.87","3.5","17.8","11.7","","","0.0","0.0","","","","","","","","","","","","","","","","","","","","","","","","","","","","","","","","","","","","","","","","","","","","","","","","","","","","","","","","","","","","","","","","","","","","","","","","","","","","","","","","","","",""
"USW00023272","2023-07-14T00:00:00","37.7705","-122.4269","45.7","SAN FRANCISCO DOWNTOWN, CA US","SOD","","","","","","","","","","","","","","","","","","0458","1932","","15.9","","","","","","0","0.18","2.4","20.0","11.7","","","0.0","0.0","","","","","","","","","","","","","","","","","","","","","","","","","","","","","","","","","","","","","","","","","","","","","","","","","","","","","","","","","","","","","","","","","","","","","","","","","","","","","","","","","","",""
"USW00023272","2023-07-15T00:00:00","37.7705","-122.4269","45.7","SAN FRANCISCO DOWNTOWN, CA US","SOD","","","","","","","","","","","","","","","","","","0459","1932","","16.4","","","","","","0","0.68","1.9","20.6","12.2","","","0.0","0.0","","","","","","","","","","","","","","","","","","","","","","","","","","","","","","","","","","","","","","","","","","","","","","","","","","","","","","","","","","","","","","","","","","","","","","","","","","","","","","","","","","",""
"USW00023272","2023-07-16T00:00:00","37.7705","-122.4269","45.7","SAN FRANCISCO DOWNTOWN, CA US","SOD","","","","","","","","","","","","","","","","","","0500","1931","","16.7","","","","","","0","0.98","1.6","21.1","12.2","","","0.0","0.0","","","","","","","","","","","","","","","","","","","","","","","","","","","","","","","","","","","","","","","","","","","","","","","","","","","","","","","","","","","","","","","","","","","","","","","","","","","","","","","","","","",""
"USW00023272","2023-07-17T00:00:00","37.7705","-122.4269","45.7","SAN FRANCISCO DOWNTOWN, CA US","SOD","","","","","","","","","","","","","","","","","","0500","1931","","18.3","","","","","","0","2.58","0.0","23.3","13.3","","","0.0","0.0","","","","","","","","","","","","","","","","","","","","","","","","","","","","","","","","","","","","","","","","","","","","","","","","","","","","","","","","","","","","","","","","","","","","","","","","","","","","","","","","","","",""
"USW00023272","2023-07-18T00:00:00","37.7705","-122.4269","45.7","SAN FRANCISCO DOWNTOWN, CA US","SOD","","","","","","","","","","","","","","","","","","0501","1930","","15.0","","","","","","0","-0.72","3.3","17.2","12.8","","","0.0","0.0","","","","","","","","","","","","","","","","","","","","","","","","","","","","","","","","","","","","","","","","","","","","","","","","","","","","","","","","","","","","","","","","","","","","","","","","","","","","","","","","","","",""
"USW00023272","2023-07-19T00:00:00","37.7705","-122.4269","45.7","SAN FRANCISCO DOWNTOWN, CA US","SOD","","","","","","","","","","","","","","","","","","0502","1930","","14.8","","","","","","0","-0.92","3.5","17.8","11.7","","","0.0","0.0","","","","","","","","","","","","","","","","","","","","","","","","","","","","","","","","","","","","","","","","","","","","","","","","","","","","","","","","","","","","","","","","","","","","","","","","","","","","","","","","","","",""
"USW00023272","2023-07-20T00:00:00","37.7705","-122.4269","45.7","SAN FRANCISCO DOWNTOWN, CA US","SOD","","","","","","","","","","","","","","","","","","0503","1929","","15.9","","","","","","0","0.18","2.4","20.0","11.7","","","0.0","0.0","","","","","","","","","","","","","","","","","","","","","","","","","","","","","","","","","","","","","","","","","","","","","","","","","","","","","","","","","","","","","","","","","","","","","","","","","","","","","","","","","","",""
"USW00023272","2023-07-21T00:00:00","37.7705","-122.4269","45.7","SAN FRANCISCO DOWNTOWN, CA US","SOD","","","","","","","","","","","","","","","","","","0503","1928","","16.7","","","","","","0","0.92","1.6","21.1","12.2","","","0.0","0.0","","","","","","","","","","","","","","","","","","","","","","","","","","","","","","","","","","","","","","","","","","","","","","","","","","","","","","","","","","","","","","","","","","","","","","","","","","","","","","","","","","",""
"USW00023272","2023-07-22T00:00:00","37.7705","-122.4269","45.7","SAN FRANCISCO DOWNTOWN, CA US","SOD","","","","","","","","","","","","","","","","","","0504","1928","","17.2","","","","","","0","1.42","1.1","22.2","12.2","","","0.0","0.0","","","","","","","","","","","","","","","","","","","","","","","","","","","","","","","","","","","","","","","","","","","","","","","","","","","","","","","","","","","","","","","","","","","","","","","","","","","","","","","","","","",""
"USW00023272","2023-07-23T00:00:00","37.7705","-122.4269","45.7","SAN FRANCISCO DOWNTOWN, CA US","SOD","","","","","","","","","","","","","","","","","","0505","1927","","16.7","","","","","","0","0.92","1.6","19.4","13.9","","","0.0","0.0","","","","","","","","","","","","","","","","","","","","","","","","","","","","","","","","","","","","","","","","","","","","","","","","","","","","","","","","","","","","","","","","","","","","","","","","","","","","","","","","","","",""
"USW00023272","2023-07-24T00:00:00","37.7705","-122.4269","45.7","SAN FRANCISCO DOWNTOWN, CA US","SOD","","","","","","","","","","","","","","","","","","0506","1926","","15.0","","","","","","0","-0.78","3.3","18.3","11.7","","","0.0","0.0","","","","","","","","","","","","","","","","","","","","","","","","","","","","","","","","","","","","","","","","","","","","","","","","","","","","","","","","","","","","","","","","","","","","","","","","","","","","","","","","","","",""
"USW00023272","2023-07-25T00:00:00","37.7705","-122.4269","45.7","SAN FRANCISCO DOWNTOWN, CA US","SOD","","","","","","","","","","","","","","","","","","0506","1925","","16.2","","","","","","0","0.37","2.1","20.6","11.7","","","0.0","0.0","","","","","","","","","","","","","","","","","","","","","","","","","","","","","","","","","","","","","","","","","","","","","","","","","","","","","","","","","","","","","","","","","","","","","","","","","","","","","","","","","","",""
"USW00023272","2023-07-26T00:00:00","37.7705","-122.4269","45.7","SAN FRANCISCO DOWNTOWN, CA US","SOD","","","","","","","","","","","","","","","","","","0507","1925","","15.8","","","","","","0","-0.03","2.5","18.3","13.3","","","0.0","0.0","","","","","","","","","","","","","","","","","","","","","","","","","","","","","","","","","","","","","","","","","","","","","","","","","","","","","","","","","","","","","","","","","","","","","","","","","","","","","","","","","","",""
"USW00023272","2023-07-27T00:00:00","37.7705","-122.4269","45.7","SAN FRANCISCO DOWNTOWN, CA US","SOD","","","","","","","","","","","","","","","","","","0508","1924","","15.0","","","","","","0","-0.89","3.3","17.8","12.2","","","0.0","0.0","","","","","","","","","","","","","","","","","","","","","","","","","","","","","","","","","","","","","","","","","","","","","","","","","","","","","","","","","","","","","","","","","","","","","","","","","","","","","","","","","","",""
"USW00023272","2023-07-28T00:00:00","37.7705","-122.4269","45.7","SAN FRANCISCO DOWNTOWN, CA US","SOD","","","","","","","","","","","","","","","","","","0509","1923","","15.0","","","","","","0","-0.89","3.3","18.3","11.7","","","0.0","0.0","","","","","","","","","","","","","","","","","","","","","","","","","","","","","","","","","","","","","","","","","","","","","","","","","","","","","","","","","","","","","","","","","","","","","","","","","","","","","","","","","","",""
"USW00023272","2023-07-29T00:00:00","37.7705","-122.4269","45.7","SAN FRANCISCO DOWNTOWN, CA US","SOD","","","","","","","","","","","","","","","","","","0510","1922","","15.6","","","","","","0","-0.29","2.7","19.4","11.7","","","0.0","0.0","","","","","","","","","","","","","","","","","","","","","","","","","","","","","","","","","","","","","","","","","","","","","","","","","","","","","","","","","","","","","","","","","","","","","","","","","","","","","","","","","","",""
"USW00023272","2023-07-30T00:00:00","37.7705","-122.4269","45.7","SAN FRANCISCO DOWNTOWN, CA US","SOD","","","","","","","","","","","","","","","","","","0511","1921","","15.8","","","","","","0","-0.14","2.5","19.4","12.2","","","0.0","0.0","","","","","","","","","","","","","","","","","","","","","","","","","","","","","","","","","","","","","","","","","","","","","","","","","","","","","","","","","","","","","","","","","","","","","","","","","","","","","","","","","","",""
"USW00023272","2023-07-31T00:00:00","37.7705","-122.4269","45.7","SAN FRANCISCO DOWNTOWN, CA US","SOD","","","","","","","","","","","","","","","","","","0511","1920","","16.1","","","","","","0","0.16","2.2","19.4","12.8","","","0.0","0.0","","","","","","","","","","","","","","","","","","","","","","","","","","","","","","","","","","","","","","","","","","","","","","","","","","","","","","","","","","","","","","","","","","","","","","","","","","","","","","","","","","",""
"USW00023272","2023-08-01T00:00:00","37.7705","-122.4269","45.7","SAN FRANCISCO DOWNTOWN, CA US","SOD","","","","","","","","","","","","","","","","","","0512","1919","","14.8","","","","","","0","-1.20","3.5","16.7","12.8","","","0.0","0.0","","","","","","","","","","","","","","","","","","","","","","","","","","","","","","","","","","","","","","","","","","","","","","","","","","","","","","","","","","","","","","","","","","","","","","","","","","","","","","","","","","",""
"USW00023272","2023-08-01T00:00:00","37.7705","-122.4269","45.7","SAN FRANCISCO DOWNTOWN, CA US","SOM","","","","","","","","","","","","","","","","","","","","","","","","","","","","","","","","","","","","","","","","","0","0","0","0","0","0","1.34","11.36","-30.28","1.68","1.00","-1.5","","0.0","","0","","","","","","","21.62","17.84","","","","14.06","","","0.0","","","","20.9","20.3","","119.0","35.5","","","16.1","118.4","","","","","","","","","","","","","","","","","","","","","","","","","","","","","","","","","","",""
"USW00023272","2023-08-02T00:00:00","37.7705","-122.4269","45.7","SAN FRANCISCO DOWNTOWN, CA US","SOD","","","","","","","","","","","","","","","","","","0513","1918","","14.5","","","","","","0","-1.50","3.8","16.7","12.2","","","0.0","0.0","","","","","","","","","","","","","","","","","","","","","","","","","","","","","","","","","","","","","","","","","","","","","","","","","","","","","","","","","","","","","","","","","","","","","","","","","","","","","","","","","","",""
"USW00023272","2023-08-03T00:00:00","37.7705","-122.4269","45.7","SAN FRANCISCO DOWNTOWN, CA US","SOD","","","","","","","","","","","","","","","","","","0514","1917","","14.5","","","","","","0","-1.56","3.8","16.7","12.2","","","0.0","0.0","","","","","","","","","","","","","","","","","","","","","","","","","","","","","","","","","","","","","","","","","","","","","","","","","","","","","","","","","","","","","","","","","","","","","","","","","","","","","","","","","","",""
"USW00023272","2023-08-04T00:00:00","37.7705","-122.4269","45.7","SAN FRANCISCO DOWNTOWN, CA US","SOD","","","","","","","","","","","","","","","","","","0515","1916","","16.1","","","","","","0","-0.01","2.2","20.0","12.2","","","0.0","0.0","","","","","","","","","","","","","","","","","","","","","","","","","","","","","","","","","","","","","","","","","","","","","","","","","","","","","","","","","","","","","","","","","","","","","","","","","","","","","","","","","","",""
"USW00023272","2023-08-05T00:00:00","37.7705","-122.4269","45.7","SAN FRANCISCO DOWNTOWN, CA US","SOD","","","","","","","","","","","","","","","","","","0516","1915","","17.5","","","","","","0","1.39","0.8","22.8","12.2","","","0.0","0.0","","","","","","","","","","","","","","","","","","","","","","","","","","","","","","","","","","","","","","","","","","","","","","","","","","","","","","","","","","","","","","","","","","","","","","","","","","","","","","","","","","",""
"USW00023272","2023-08-06T00:00:00","37.7705","-122.4269","45.7","SAN FRANCISCO DOWNTOWN, CA US","SOD","","","","","","","","","","","","","","","","","","0516","1914","","18.1","","","","","","0","1.93","0.2","22.8","13.3","","","0.0","0.0","","","","","","","","","","","","","","","","","","","","","","","","","","","","","","","","","","","","","","","","","","","","","","","","","","","","","","","","","","","","","","","","","","","","","","","","","","","","","","","","","","",""
"USW00023272","2023-08-07T00:00:00","37.7705","-122.4269","45.7","SAN FRANCISCO DOWNTOWN, CA US","SOD","","","","","","","","","","","","","","","","","","0517","1913","","19.7","","","","","","1.4","3.53","0","25.0","14.4","","","0.0","0.0","","","","","","","","","","","","","","","","","","","","","","","","","","","","","","","","","","","","","","","","","","","","","","","","","","","","","","","","","","","","","","","","","","","","","","","","","","","","","","","","","","",""
"USW00023272","2023-08-08T00:00:00","37.7705","-122.4269","45.7","SAN FRANCISCO DOWNTOWN, CA US","SOD","","","","","","","","","","","","","","","","","","0518","1912","","16.1","","","","","","0","-0.12","2.2","19.4","12.8","","","0.0","0.0","","","","","","","","","","","","","","","","","","","","","","","","","","","","","","","","","","","","","","","","","","","","","","","","","","","","","","","","","","","","","","","","","","","","","","","","","","","","","","","","","","",""
"USW00023272","2023-08-09T00:00:00","37.7705","-122.4269","45.7","SAN FRANCISCO DOWNTOWN, CA US","SOD","","","","","","","","","","","","","","","","","","0519","1911","","16.7","","","","","","0","0.42","1.6","20.6","12.8","","","0.0","0.0","","","","","","","","","","","","","","","","","","","","","","","","","","","","","","","","","","","","","","","","","","","","","","","","","","","","","","","","","","","","","","","","","","","","","","","","","","","","","","","","","","",""
"USW00023272","2023-08-10T00:00:00","37.7705","-122.4269","45.7","SAN FRANCISCO DOWNTOWN, CA US","SOD","","","","","","","","","","","","","","","","","","0520","1910","","16.1","","","","","","0","-0.18","2.2","19.4","12.8","","","0.0","0.0","","","","","","","","","","","","","","","","","","","","","","","","","","","","","","","","","","","","","","","","","","","","","","","","","","","","","","","","","","","","","","","","","","","","","","","","","","","","","","","","","","",""
"USW00023272","2023-08-11T00:00:00","37.7705","-122.4269","45.7","SAN FRANCISCO DOWNTOWN, CA US","SOD","","","","","","","","","","","","","","","","","","0521","1909","","17.2","","","","","","0","0.87","1.1","19.4","15.0","","","0.0","0.0","","","","","","","","","","","","","","","","","","","","","","","","","","","","","","","","","","","","","","","","","","","","","","","","","","","","","","","","","","","","","","","","","","","","","","","","","","","","","","","","","","",""
"USW00023272","2023-08-12T00:00:00","37.7705","-122.4269","45.7","SAN FRANCISCO DOWNTOWN, CA US","SOD","","","","","","","","","","","","","","","","","","0522","1908","","17.0","","","","","","0","0.61","1.3","20.0","13.9","","","0.0","0.0","","","","","","","","","","","","","","","","","","","","","","","","","","","","","","","","","","","","","","","","","","","","","","","","","","","","","","","","","","","","","","","","","","","","","","","","","","","","","","","","","","",""
"USW00023272","2023-08-13T00:00:00","37.7705","-122.4269","45.7","SAN FRANCISCO DOWNTOWN, CA US","SOD","","","","","","","","","","","","","","","","","","0522","1906","","17.3","","","","","","0","0.91","1.0","21.7","12.8","","","0.0","0.0","","","","","","","","","","","","","","","","","","","","","","","","","","","","","","","","","","","","","","","","","","","","","","","","","","","","","","","","","","","","","","","","","","","","","","","","","","","","","","","","","","",""
"USW00023272","2023-08-14T00:00:00","37.7705","-122.4269","45.7","SAN FRANCISCO DOWNTOWN, CA US","SOD","","","","","","","","","","","","","","","","","","0523","1905","","17.3","","","","","","0","0.86","1.0","20.6","13.9","","","0.0","0.0","","","","","","","","","","","","","","","","","","","","","","","","","","","","","","","","","","","","","","","","","","","","","","","","","","","","","","","","","","","","","","","","","","","","","","","","","","","","","","","","","","",""
"USW00023272","2023-08-15T00:00:00","37.7705","-122.4269","45.7","SAN FRANCISCO DOWNTOWN, CA US","SOD","","","","","","","","","","","","","","","","","","0524","1904","","18.1","","","","","","0","1.60","0.2","22.8","13.3","","","0.0","0.0","","","","","","","","","","","","","","","","","","","","","","","","","","","","","","","","","","","","","","","","","","","","","","","","","","","","","","","","","","","","","","","","","","","","","","","","","","","","","","","","","","",""
"USW00023272","2023-08-16T00:00:00","37.7705","-122.4269","45.7","SAN FRANCISCO DOWNTOWN, CA US","SOD","","","","","","","","","","","","","","","","","","0525","1903","","17.5","","","","","","0","1.00","0.8","21.1","13.9","","","0.0","0.0","","","","","","","","","","","","","","","","","","","","","","","","","","","","","","","","","","","","","","","","","","","","","","","","","","","","","","","","","","","","","","","","","","","","","","","","","","","","","","","","","","",""
"USW00023272","2023-08-17T00:00:00","37.7705","-122.4269","45.7","SAN FRANCISCO DOWNTOWN, CA US","SOD","","","","","","","","","","","","","","","","","","0526","1901","","17.5","","","","","","0","0.94","0.8","20.6","14.4","","","0.0","0.0","","","","","","","","","","","","","","","","","","","","","","","","","","","","","","","","","","","","","","","","","","","","","","","","","","","","","","","","","","","","","","","","","","","","","","","","","","","","","","","","","","",""
"USW00023272","2023-08-18T00:00:00","37.7705","-122.4269","45.7","SAN FRANCISCO DOWNTOWN, CA US","SOD","","","","","","","","","","","","","","","","","","0527","1900","","19.5","","","","","","1.2","2.89","0","22.8","16.1","","","0.0","0.0","","","","","","","","","","","","","","","","","","","","","","","","","","","","","","","","","","","","","","","","","","","","","","","","","","","","","","","","","","","","","","","","","","","","","","","","","","","","","","","","","","",""
"USW00023272","2023-08-19T00:00:00","37.7705","-122.4269","45.7","SAN FRANCISCO DOWNTOWN, CA US","SOD","","","","","","","","","","","","","","","","","","0528","1859","","17.8","","","","","","0","1.19","0.5","20.0","15.6","","","0.0","0.0","","","","","","","","","","","","","","","","","","","","","","","","","","","","","","","","","","","","","","","","","","","","","","","","","","","","","","","","","","","","","","","","","","","","","","","","","","","","","","","","","","",""
"USW00023272","2023-08-20T00:00:00","37.7705","-122.4269","45.7","SAN FRANCISCO DOWNTOWN, CA US","SOD","","","","","","","","","","","","","","","","","","0529","1857","","21.4","","","","","","3.1","4.73","0","28.3","14.4","","","0.0","0.0","","","","","","","","","","","","","","","","","","","","","","","","","","","","","","","","","","","","","","","","","","","","","","","","","","","","","","","","","","","","","","","","","","","","","","","","","","","","","","","","","","",""
"USW00023272","2023-08-21T00:00:00","37.7705","-122.4269","45.7","SAN FRANCISCO DOWNTOWN, CA US","SOD","","","","","","","","","","","","","","","","","","0529","1856","","19.5","","","","","","1.2","2.83","0","22.8","16.1","","","0.0","0.0","","","","","","","","","","","","","","","","","","","","","","","","","","","","","","","","","","","","","","","","","","","","","","","","","","","","","","","","","","","","","","","","","","","","","","","","","","","","","","","","","","",""
"USW00023272","2023-08-22T00:00:00","37.7705","-122.4269","45.7","SAN FRANCISCO DOWNTOWN, CA US","SOD","","","","","","","","","","","","","","","","","","0530","1855","","19.5","","","","","","1.2","2.78","0","22.8","16.1","","","0.0","0.0","","","","","","","","","","","","","","","","","","","","","","","","","","","","","","","","","","","","","","","","","","","","","","","","","","","","","","","","","","","","","","","","","","","","","","","","","","","","","","","","","","",""
"USW00023272","2023-08-23T00:00:00","37.7705","-122.4269","45.7","SAN FRANCISCO DOWNTOWN, CA US","SOD","","","","","","","","","","","","","","","","","","0531","1853","","22.8","","","","","","4.5","6.08","0","30.0","15.6","","","0.0","0.0","","","","","","","","","","","","","","","","","","","","","","","","","","","","","","","","","","","","","","","","","","","","","","","","","","","","","","","","","","","","","","","","","","","","","","","","","","","","","","","","","","",""
"USW00023272","2023-08-24T00:00:00","37.7705","-122.4269","45.7","SAN FRANCISCO DOWNTOWN, CA US","SOD","","","","","","","","","","","","","","","","","","0532","1852","","20.6","","","","","","2.3","3.82","0","24.4","16.7","","","0.0","0.0","","","","","","","","","","","","","","","","","","","","","","","","","","","","","","","","","","","","","","","","","","","","","","","","","","","","","","","","","","","","","","","","","","","","","","","","","","","","","","","","","","",""
"USW00023272","2023-08-25T00:00:00","37.7705","-122.4269","45.7","SAN FRANCISCO DOWNTOWN, CA US","SOD","","","","","","","","","","","","","","","","","","0533","1851","","17.0","","","","","","0","0.17","1.3","18.9","15.0","","","0.0","0.0","","","","","","","","","","","","","","","","","","","","","","","","","","","","","","","","","","","","","","","","","","","","","","","","","","","","","","","","","","","","","","","","","","","","","","","","","","","","","","","","","","",""
"USW00023272","2023-08-26T00:00:00","37.7705","-122.4269","45.7","SAN FRANCISCO DOWNTOWN, CA US","SOD","","","","","","","","","","","","","","","","","","0534","1849","","16.4","","","","","","0","-0.43","1.9","18.3","14.4","","","0.0","0.0","","","","","","","","","","","","","","","","","","","","","","","","","","","","","","","","","","","","","","","","","","","","","","","","","","","","","","","","","","","","","","","","","","","","","","","","","","","","","","","","","","",""
"USW00023272","2023-08-27T00:00:00","37.7705","-122.4269","45.7","SAN FRANCISCO DOWNTOWN, CA US","SOD","","","","","","","","","","","","","","","","","","0535","1848","","16.4","","","","","","0","-0.49","1.9","18.9","13.9","","","0.0","0.0","","","","","","","","","","","","","","","","","","","","","","","","","","","","","","","","","","","","","","","","","","","","","","","","","","","","","","","","","","","","","","","","","","","","","","","","","","","","","","","","","","",""
"USW00023272","2023-08-28T00:00:00","37.7705","-122.4269","45.7","SAN FRANCISCO DOWNTOWN, CA US","SOD","","","","","","","","","","","","","","","","","","0535","1846","","18.9","","","","","","0.6","2.01","0","23.9","13.9","","","0.0","0.0","","","","","","","","","","","","","","","","","","","","","","","","","","","","","","","","","","","","","","","","","","","","","","","","","","","","","","","","","","","","","","","","","","","","","","","","","","","","","","","","","","",""
"USW00023272","2023-08-29T00:00:00","37.7705","-122.4269","45.7","SAN FRANCISCO DOWNTOWN, CA US","SOD","","","","","","","","","","","","","","","","","","0536","1845","","18.6","","","","","","0.3","1.71","0","23.9","13.3","","","0.0","0.0","","","","","","","","","","","","","","","","","","","","","","","","","","","","","","","","","","","","","","","","","","","","","","","","","","","","","","","","","","","","","","","","","","","","","","","","","","","","","","","","","","",""
"USW00023272","2023-08-30T00:00:00","37.7705","-122.4269","45.7","SAN FRANCISCO DOWNTOWN, CA US","SOD","","","","","","","","","","","","","","","","","","0537","1844","","23.4","","","","","","5.1","6.46","0","30.6","16.1","","","0.0","0.0","","","","","","","","","","","","","","","","","","","","","","","","","","","","","","","","","","","","","","","","","","","","","","","","","","","","","","","","","","","","","","","","","","","","","","","","","","","","","","","","","","",""
"USW00023272","2023-08-31T00:00:00","37.7705","-122.4269","45.7","SAN FRANCISCO DOWNTOWN, CA US","SOD","","","","","","","","","","","","","","","","","","0538","1842","","16.1","","","","","","0","-0.84","2.2","18.3","13.9","","","0.0","0.0","","","","","","","","","","","","","","","","","","","","","","","","","","","","","","","","","","","","","","","","","","","","","","","","","","","","","","","","","","","","","","","","","","","","","","","","","","","","","","","","","","",""
"USW00023272","2023-09-01T00:00:00","37.7705","-122.4269","45.7","SAN FRANCISCO DOWNTOWN, CA US","SOD","","","","","","","","","","","","","","","","","","0539","1841","","15.9","","","","","","0","-1.10","2.4","17.8","13.9","","","0.5","0.0","","","","","","","","","","","","","","","","","","","","","","","","","","","","","","","","","","","","","","","","","","","","","","","","","","","","","","","","","","","","","","","","","","","","","","","","","","","","","","","","","","",""
"USW00023272","2023-09-01T00:00:00","37.7705","-122.4269","45.7","SAN FRANCISCO DOWNTOWN, CA US","SOM","","","","","","","","","","","","","","","","","","","","","","","","","","","","","","","","","","","","","","","","","3","0","0","0","0","0","-0.07","-17.84","-15.94","-0.96","0.83","0.3","","1.8","26-26","0","","","","","","","20.26","17.10","","","","13.94","","","2.8","","","","22.0","1.1","","157.0","38.0","","","34.1","97.1","","","","","","","","","","","","","","","","","","","","","","","","","","","","","","","","","","",""
"USW00023272","2023-09-01T05:59:00","37.7705","-122.4269","45.7","SAN FRANCISCO DOWNTOWN, CA US","FM-15","343","","","","0.3","","","","","","","","","","","","","","","","","","","","","","","","","","","","","","","","","","","","","","","","","","","","","","","","","","","","","","","","","","","","","","","","","","","","","","","","","","","","","","","","","","","","","","","","","","","","","","","","","","","","","","","","","","","","","","","","",""
"USW00023272","2023-09-01T07:59:00","37.7705","-122.4269","45.7","SAN FRANCISCO DOWNTOWN, CA US","FM-15","343","","","","0.3","","","","","","","","","","","","","","","","","","","","","","","","","","","","","","","","","","","","","","","","","","","","","","","","","","","","","","","","","","","","","","","","","","","","","","","","","","","","","","","","","","","","","","","","","","","","","","","","","","","","","","","","","","","","","","","","",""
"USW00023272","2023-09-02T00:00:00","37.7705","-122.4269","45.7","SAN FRANCISCO DOWNTOWN, CA US","SOD","","","","","","","","","","","","","","","","","","0540","1839","","18.9","","","","","","0.6","1.90","0","22.2","15.6","","","0.0","0.0","","","","","","","","","","","","","","","","","","","","","","","","","","","","","","","","","","","","","","","","","","","","","","","","","","","","","","","","","","","","","","","","","","","","","","","","","","","","","","","","","","",""
"USW00023272","2023-09-03T00:00:00","37.7705","-122.4269","45.7","SAN FRANCISCO DOWNTOWN, CA US","SOD","","","","","","","","","","","","","","","","","","0540","1838","","17.2","","","","","","0","0.20","1.1","20.0","14.4","","","0.0","0.0","","","","","","","","","","","","","","","","","","","","","","","","","","","","","","","","","","","","","","","","","","","","","","","","","","","","","","","","","","","","","","","","","","","","","","","","","","","","","","","","","","",""
"USW00023272","2023-09-04T00:00:00","37.7705","-122.4269","45.7","SAN FRANCISCO DOWNTOWN, CA US","SOD","","","","","","","","","","","","","","","","","","0541","1836","","16.4","","","","","","0","-0.66","1.9","19.4","13.3","","","0.0","0.0","","","","","","","","","","","","","","","","","","","","","","","","","","","","","","","","","","","","","","","","","","","","","","","","","","","","","","","","","","","","","","","","","","","","","","","","","","","","","","","","","","",""
"USW00023272","2023-09-05T00:00:00","37.7705","-122.4269","45.7","SAN FRANCISCO DOWNTOWN, CA US","SOD","","","","","","","","","","","","","","","","","","0542","1835","","17.5","","","","","","0","0.44","0.8","21.1","13.9","","","0.0","0.0","","","","","","","","","","","","","","","","","","","","","","","","","","","","","","","","","","","","","","","","","","","","","","","","","","","","","","","","","","","","","","","","","","","","","","","","","","","","","","","","","","",""
"USW00023272","2023-09-06T00:00:00","37.7705","-122.4269","45.7","SAN FRANCISCO DOWNTOWN, CA US","SOD","","","","","","","","","","","","","","","","","","0543","1833","","17.3","","","","","","0","0.24","1.0","20.6","13.9","","","0.0","0.0","","","","","","","","","","","","","","","","","","","","","","","","","","","","","","","","","","","","","","","","","","","","","","","","","","","","","","","","","","","","","","","","","","","","","","","","","","","","","","","","","","",""
"USW00023272","2023-09-07T00:00:00","37.7705","-122.4269","45.7","SAN FRANCISCO DOWNTOWN, CA US","SOD","","","","","","","","","","","","","","","","","","0544","1832","","16.1","","","","","","0","-1.01","2.2","18.9","13.3","","","0.0","0.0","","","","","","","","","","","","","","","","","","","","","","","","","","","","","","","","","","","","","","","","","","","","","","","","","","","","","","","","","","","","","","","","","","","","","","","","","","","","","","","","","","",""
"USW00023272","2023-09-08T00:00:00","37.7705","-122.4269","45.7","SAN FRANCISCO DOWNTOWN, CA US","SOD","","","","","","","","","","","","","","","","","","0545","1830","","17.3","","","","","","0","0.19","1.0","21.7","12.8","","","0.0","0.0","","","","","","","","","","","","","","","","","","","","","","","","","","","","","","","","","","","","","","","","","","","","","","","","","","","","","","","","","","","","","","","","","","","","","","","","","","","","","","","","","","",""
"USW00023272","2023-09-09T00:00:00","37.7705","-122.4269","45.7","SAN FRANCISCO DOWNTOWN, CA US","SOD","","","","","","","","","","","","","","","","","","0546","1829","","16.1","","","","","","0","-1.01","2.2","19.4","12.8","","","0.0","0.0","","","","","","","","","","","","","","","","","","","","","","","","","","","","","","","","","","","","","","","","","","","","","","","","","","","","","","","","","","","","","","","","","","","","","","","","","","","","","","","","","","",""
"USW00023272","2023-09-10T00:00:00","37.7705","-122.4269","45.7","SAN FRANCISCO DOWNTOWN, CA US","SOD","","","","","","","","","","","","","","","","","","0546","1827","","16.4","","","","","","0","-0.71","1.9","20.0","12.8","","","0.0","0.0","","","","","","","","","","","","","","","","","","","","","","","","","","","","","","","","","","","","","","","","","","","","","","","","","","","","","","","","","","","","","","","","","","","","","","","","","","","","","","","","","","",""
"USW00023272","2023-09-11T00:00:00","37.7705","-122.4269","45.7","SAN FRANCISCO DOWNTOWN, CA US","SOD","","","","","","","","","","","","","","","","","","0547","1826","","17.5","","","","","","0","0.33","0.8","21.7","13.3","","","0.0","0.0","","","","","","","","","","","","","","","","","","","","","","","","","","","","","","","","","","","","","","","","","","","","","","","","","","","","","","","","","","","","","","","","","","","","","","","","","","","","","","","","","","",""
"USW00023272","2023-09-12T00:00:00","37.7705","-122.4269","45.7","SAN FRANCISCO DOWNTOWN, CA US","SOD","","","","","","","","","","","","","","","","","","0548","1824","","17.0","","","","","","0","-0.17","1.3","20.0","13.9","","","0.0","0.0","","","","","","","","","","","","","","","","","","","","","","","","","","","","","","","","","","","","","","","","","","","","","","","","","","","","","","","","","","","","","","","","","","","","","","","","","","","","","","","","","","",""
"USW00023272","2023-09-13T00:00:00","37.7705","-122.4269","45.7","SAN FRANCISCO DOWNTOWN, CA US","SOD","","","","","","","","","","","","","","","","","","0549","1822","","17.3","","","","","","0","0.13","1.0","20.6","13.9","","","0.0","0.0","","","","","","","","","","","","","","","","","","","","","","","","","","","","","","","","","","","","","","","","","","","","","","","","","","","","","","","","","","","","","","","","","","","","","","","","","","","","","","","","","","",""
"USW00023272","2023-09-14T00:00:00","37.7705","-122.4269","45.7","SAN FRANCISCO DOWNTOWN, CA US","SOD","","","","","","","","","","","","","","","","","","0550","1821","","16.7","","","","","","0","-0.47","1.6","20.0","13.3","","","0.0","0.0","","","","","","","","","","","","","","","","","","","","","","","","","","","","","","","","","","","","","","","","","","","","","","","","","","","","","","","","","","","","","","","","","","","","","","","","","","","","","","","","","","",""
"USW00023272","2023-09-15T00:00:00","37.7705","-122.4269","45.7","SAN FRANCISCO DOWNTOWN, CA US","SOD","","","","","","","","","","","","","","","","","","0551","1819","","17.5","","","","","","0","0.33","0.8","19.4","15.6","","","0.0","0.0","","","","","","","","","","","","","","","","","","","","","","","","","","","","","","","","","","","","","","","","","","","","","","","","","","","","","","","","","","","","","","","","","","","","","","","","","","","","","","","","","","",""
"USW00023272","2023-09-16T00:00:00","37.7705","-122.4269","45.7","SAN FRANCISCO DOWNTOWN, CA US","SOD","","","","","","","","","","","","","","","","","","0551","1818","","17.5","","","","","","0","0.28","0.8","19.4","15.6","","","0.0","0.0","","","","","","","","","","","","","","","","","","","","","","","","","","","","","","","","","","","","","","","","","","","","","","","","","","","","","","","","","","","","","","","","","","","","","","","","","","","","","","","","","","",""
"USW00023272","2023-09-17T00:00:00","37.7705","-122.4269","45.7","SAN FRANCISCO DOWNTOWN, CA US","SOD","","","","","","","","","","","","","","","","","","0552","1816","","17.8","","","","","","0","0.58","0.5","20.6","15.0","","","0.0","0.0","","","","","","","","","","","","","","","","","","","","","","","","","","","","","","","","","","","","","","","","","","","","","","","","","","","","","","","","","","","","","","","","","","","","","","","","","","","","","","","","","","",""
"USW00023272","2023-09-18T00:00:00","37.7705","-122.4269","45.7","SAN FRANCISCO DOWNTOWN, CA US","SOD","","","","","","","","","","","","","","","","","","0553","1815","","17.5","","","","","","0","0.28","0.8","20.0","15.0","","","0.0","0.0","","","","","","","","","","","","","","","","","","","","","","","","","","","","","","","","","","","","","","","","","","","","","","","","","","","","","","","","","","","","","","","","","","","","","","","","","","","","","","","","","","",""
"USW00023272","2023-09-19T00:00:00","37.7705","-122.4269","45.7","SAN FRANCISCO DOWNTOWN, CA US","SOD","","","","","","","","","","","","","","","","","","0554","1813","","17.2","","","","","","0","-0.02","1.1","20.0","14.4","","","0.0","0.0","","","","","","","","","","","","","","","","","","","","","","","","","","","","","","","","","","","","","","","","","","","","","","","","","","","","","","","","","","","","","","","","","","","","","","","","","","","","","","","","","","",""
"USW00023272","2023-09-20T00:00:00","37.7705","-122.4269","45.7","SAN FRANCISCO DOWNTOWN, CA US","SOD","","","","","","","","","","","","","","","","","","0555","1812","","17.2","","","","","","0","-0.02","1.1","20.0","14.4","","","0.0","0.0","","","","","","","","","","","","","","","","","","","","","","","","","","","","","","","","","","","","","","","","","","","","","","","","","","","","","","","","","","","","","","","","","","","","","","","","","","","","","","","","","","",""
"USW00023272","2023-09-21T00:00:00","37.7705","-122.4269","45.7","SAN FRANCISCO DOWNTOWN, CA US","SOD","","","","","","","","","","","","","","","","","","0556","1810","","17.2","","","","","","0","-0.02","1.1","21.1","13.3","","","0.0","0.0","","","","","","","","","","","","","","","","","","","","","","","","","","","","","","","","","","","","","","","","","","","","","","","","","","","","","","","","","","","","","","","","","","","","","","","","","","","","","","","","","","",""
"USW00023272","2023-09-22T00:00:00","37.7705","-122.4269","45.7","SAN FRANCISCO DOWNTOWN, CA US","SOD","","","","","","","","","","","","","","","","","","0557","1808","","17.0","","","","","","0","-0.22","1.3","20.0","13.9","","","0.0","0.0","","","","","","","","","","","","","","","","","","","","","","","","","","","","","","","","","","","","","","","","","","","","","","","","","","","","","","","","","","","","","","","","","","","","","","","","","","","","","","","","","","",""
"USW00023272","2023-09-23T00:00:00","37.7705","-122.4269","45.7","SAN FRANCISCO DOWNTOWN, CA US","SOD","","","","","","","","","","","","","","","","","","0557","1807","","15.9","","","","","","0","-1.32","2.4","18.9","12.8","","","0.0","0.0","","","","","","","","","","","","","","","","","","","","","","","","","","","","","","","","","","","","","","","","","","","","","","","","","","","","","","","","","","","","","","","","","","","","","","","","","","","","","","","","","","",""
"USW00023272","2023-09-24T00:00:00","37.7705","-122.4269","45.7","SAN FRANCISCO DOWNTOWN, CA US","SOD","","","","","","","","","","","","","","","","","","0558","1805","","16.7","","","","","","0","-0.52","1.6","20.0","13.3","","","0.0","0.0","","","","","","","","","","","","","","","","","","","","","","","","","","","","","","","","","","","","","","","","","","","","","","","","","","","","","","","","","","","","","","","","","","","","","","","","","","","","","","","","","","",""
"USW00023272","2023-09-25T00:00:00","37.7705","-122.4269","45.7","SAN FRANCISCO DOWNTOWN, CA US","SOD","","","","","","","","","","","","","","","","","","0559","1804","","18.9","","","","","","0.6","1.68","0","23.3","14.4","","","0.0","0.0","","","","","","","","","","","","","","","","","","","","","","","","","","","","","","","","","","","","","","","","","","","","","","","","","","","","","","","","","","","","","","","","","","","","","","","","","","","","","","","","","","",""
"USW00023272","2023-09-26T00:00:00","37.7705","-122.4269","45.7","SAN FRANCISCO DOWNTOWN, CA US","SOD","","","","","","","","","","","","","","","","","","0600","1802","","18.4","","","","","","0.1","1.18","0","21.1","15.6","","","1.8","0.0","","","","","","","","","","","","","","","","","","","","","","","","","","","","","","","","","","","","","","","","","","","","","","","","","","","","","","","","","","","","","","","","","","","","","","","","","","","","","","","","","","",""
"USW00023272","2023-09-26T02:59:00","37.7705","-122.4269","45.7","SAN FRANCISCO DOWNTOWN, CA US","FM-15","343","","","","0.3","","","","","","","","","","","","","","","","","","","","","","","","","","","","","","","","","","","","","","","","","","","","","","","","","","","","","","","","","","","","","","","","","","","","","","","","","","","","","","","","","","","","","","","","","","","","","","","","","","","","","","","","","","","","","","","","",""
"USW00023272","2023-09-26T03:59:00","37.7705","-122.4269","45.7","SAN FRANCISCO DOWNTOWN, CA US","FM-15","343","","","","0.8","","","","","","","","","","","","","","","","","","","","","","","","","","","","","","","","","","","","","","","","","","","","","","","","","","","","","","","","","","","","","","","","","","","","","","","","","","","","","","","","","","","","","","","","","","","","","","","","","","","","","","","","","","","","","","","","",""
"USW00023272","2023-09-26T04:59:00","37.7705","-122.4269","45.7","SAN FRANCISCO DOWNTOWN, CA US","FM-15","343","","","","0.5","","","","","","","","","","","","","","","","","","","","","","","","","","","","","","","","","","","","","","","","","","","","","","","","","","","","","","","","","","","","","","","","","","","","","","","","","","","","","","","","","","","","","","","","","","","","","","","","","","","","","","","","","","","","","","","","",""
"USW00023272","2023-09-26T05:59:00","37.7705","-122.4269","45.7","SAN FRANCISCO DOWNTOWN, CA US","FM-15","343","","","","0.3","","","","","","","","","","","","","","","","","","","","","","","","","","","","","","","","","","","","","","","","","","","","","","","","","","","","","","","","","","","","","","","","","","","","","","","","","","","","","","","","","","","","","","","","","","","","","","","","","","","","","","","","","","","","","","","","",""
"USW00023272","2023-09-27T00:00:00","37.7705","-122.4269","45.7","SAN FRANCISCO DOWNTOWN, CA US","SOD","","","","","","","","","","","","","","","","","","0601","1801","","17.8","","","","","","0","0.58","0.5","21.7","13.9","","","0.0","0.0","","","","","","","","","","","","","","","","","","","","","","","","","","","","","","","","","","","","","","","","","","","","","","","","","","","","","","","","","","","","","","","","","","","","","","","","","","","","","","","","","","",""
"USW00023272","2023-09-28T00:00:00","37.7705","-122.4269","45.7","SAN FRANCISCO DOWNTOWN, CA US","SOD","","","","","","","","","","","","","","","","","","0602","1759","","17.5","","","","","","0","0.28","0.8","21.7","13.3","","","0.0","0.0","","","","","","","","","","","","","","","","","","","","","","","","","","","","","","","","","","","","","","","","","","","","","","","","","","","","","","","","","","","","","","","","","","","","","","","","","","","","","","","","","","",""
"USW00023272","2023-09-29T00:00:00","37.7705","-122.4269","45.7","SAN FRANCISCO DOWNTOWN, CA US","SOD","","","","","","","","","","","","","","","","","","0603","1758","","16.1","","","","","","0","-1.12","2.2","18.3","13.9","","","0.0","0.0","","","","","","","","","","","","","","","","","","","","","","","","","","","","","","","","","","","","","","","","","","","","","","","","","","","","","","","","","","","","","","","","","","","","","","","","","","","","","","","","","","",""
"USW00023272","2023-09-30T00:00:00","37.7705","-122.4269","45.7","SAN FRANCISCO DOWNTOWN, CA US","SOD","","","","","","","","","","","","","","","","","","0603","1756","","15.9","","","","","","0","-1.32","2.4","18.9","12.8","","","0.5","0.0","","","","","","","","","","","","","","","","","","","","","","","","","","","","","","","","","","","","","","","","","","","","","","","","","","","","","","","","","","","","","","","","","","","","","","","","","","","","","","","","","","",""
"USW00023272","2023-09-30T01:59:00","37.7705","-122.4269","45.7","SAN FRANCISCO DOWNTOWN, CA US","FM-15","343","","","","0.3","","","","","","","","","","","","","","","","","","","","","","","","","","","","","","","","","","","","","","","","","","","","","","","","","","","","","","","","","","","","","","","","","","","","","","","","","","","","","","","","","","","","","","","","","","","","","","","","","","","","","","","","","","","","","","","","",""
"USW00023272","2023-09-30T04:59:00","37.7705","-122.4269","45.7","SAN FRANCISCO DOWNTOWN, CA US","FM-15","343","","","","0.3","","","","","","","","","","","","","","","","","","","","","","","","","","","","","","","","","","","","","","","","","","","","","","","","","","","","","","","","","","","","","","","","","","","","","","","","","","","","","","","","","","","","","","","","","","","","","","","","","","","","","","","","","","","","","","","","",""
"USW00023272","2023-10-01T00:00:00","37.7705","-122.4269","45.7","SAN FRANCISCO DOWNTOWN, CA US","SOD","","","","","","","","","","","","","","","","","","0604","1754","","15.6","","","","","","0","-1.62","2.7","18.9","12.2","","","0.0","0.0","","","","","","","","","","","","","","","","","","","","","","","","","","","","","","","","","","","","","","","","","","","","","","","","","","","","","","","","","","","","","","","","","","","","","","","","","","","","","","","","","","",""
"USW00023272","2023-10-01T00:00:00","37.7705","-122.4269","45.7","SAN FRANCISCO DOWNTOWN, CA US","SOM","","","","","","","","","","","","","","","","","","","","","","","","","","","","","","","","","","","","","","","","","3","1","","","","","","","","","","-18.1","","4.8","22-22","","","","","","","","","","","","","","","","5.8","","","","","","","","","","","33.1","123.1","","","","","","","","","","","","","","","","","","","","","","","","","","","","","","","","","","",""
"USW00023272","2023-10-02T00:00:00","37.7705","-122.4269","45.7","SAN FRANCISCO DOWNTOWN, CA US","SOD","","","","","","","","","","","","","","","","","","0605","1753","","15.0","","","","","","0","-2.22","3.3","18.3","11.7","","","0.0","0.0","","","","","","","","","","","","","","","","","","","","","","","","","","","","","","","","","","","","","","","","","","","","","","","","","","","","","","","","","","","","","","","","","","","","","","","","","","","","","","","","","","",""
"USW00023272","2023-10-03T00:00:00","37.7705","-122.4269","45.7","SAN FRANCISCO DOWNTOWN, CA US","SOD","","","","","","","","","","","","","","","","","","0606","1751","","16.1","","","","","","0","-1.12","2.2","20.0","12.2","","","0.0","0.0","","","","","","","","","","","","","","","","","","","","","","","","","","","","","","","","","","","","","","","","","","","","","","","","","","","","","","","","","","","","","","","","","","","","","","","","","","","","","","","","","","",""
"USW00023272","2023-10-04T00:00:00","37.7705","-122.4269","45.7","SAN FRANCISCO DOWNTOWN, CA US","SOD","","","","","","","","","","","","","","","","","","0607","1750","","22.8","","","","","","4.5","5.58","0","30.0","15.6","","","0.0","0.0","","","","","","","","","","","","","","","","","","","","","","","","","","","","","","","","","","","","","","","","","","","","","","","","","","","","","","","","","","","","","","","","","","","","","","","","","","","","","","","","","","",""
"USW00023272","2023-10-05T00:00:00","37.7705","-122.4269","45.7","SAN FRANCISCO DOWNTOWN, CA US","SOD","","","","","","","","","","","","","","","","","","0608","1748","","","","","","","","","","","","","","","0.0","","","","","","","","","","","","","","","","","","","","","","","","","","","","","","","","","","","","","","","","","","","","","","","","","","","","","","","","","","","","","","","","","","","","","","","","","","","","","","","","","","","",""
"USW00023272","2023-10-06T00:00:00","37.7705","-122.4269","45.7","SAN FRANCISCO DOWNTOWN, CA US","SOD","","","","","","","","","","","","","","","","","","0609","1747","","","","","","","","","","","","","","","0.0","","","","","","","","","","","","","","","","","","","","","","","","","","","","","","","","","","","","","","","","","","","","","","","","","","","","","","","","","","","","","","","","","","","","","","","","","","","","","","","","","","","",""
"USW00023272","2023-10-07T00:00:00","37.7705","-122.4269","45.7","SAN FRANCISCO DOWNTOWN, CA US","SOD","","","","","","","","","","","","","","","","","","0610","1745","","","","","","","","","","","","","","","0.0","","","","","","","","","","","","","","","","","","","","","","","","","","","","","","","","","","","","","","","","","","","","","","","","","","","","","","","","","","","","","","","","","","","","","","","","","","","","","","","","","","","",""
"USW00023272","2023-10-08T00:00:00","37.7705","-122.4269","45.7","SAN FRANCISCO DOWNTOWN, CA US","SOD","","","","","","","","","","","","","","","","","","0611","1744","","","","","","","","","","","","","","","0.0","","","","","","","","","","","","","","","","","","","","","","","","","","","","","","","","","","","","","","","","","","","","","","","","","","","","","","","","","","","","","","","","","","","","","","","","","","","","","","","","","","","",""
"USW00023272","2023-10-09T00:00:00","37.7705","-122.4269","45.7","SAN FRANCISCO DOWNTOWN, CA US","SOD","","","","","","","","","","","","","","","","","","0611","1742","","","","","","","","","","","","","","","0.5","","","","","","","","","","","","","","","","","","","","","","","","","","","","","","","","","","","","","","","","","","","","","","","","","","","","","","","","","","","","","","","","","","","","","","","","","","","","","","","","","","","",""
"USW00023272","2023-10-09T20:59:00","37.7705","-122.4269","45.7","SAN FRANCISCO DOWNTOWN, CA US","FM-15","343","","","","0.5","","","","","","","","","","","","","","","","","","","","","","","","","","","","","","","","","","","","","","","","","","","","","","","","","","","","","","","","","","","","","","","","","","","","","","","","","","","","","","","","","","","","","","","","","","","","","","","","","","","","","","","","","","","","","","","","",""
"USW00023272","2023-10-10T00:00:00","37.7705","-122.4269","45.7","SAN FRANCISCO DOWNTOWN, CA US","SOD","","","","","","","","","","","","","","","","","","0612","1741","","","","","","","","","","","","","","","0.5","","","","","","","","","","","","","","","","","","","","","","","","","","","","","","","","","","","","","","","","","","","","","","","","","","","","","","","","","","","","","","","","","","","","","","","","","","","","","","","","","","","",""
"USW00023272","2023-10-10T02:59:00","37.7705","-122.4269","45.7","SAN FRANCISCO DOWNTOWN, CA US","FM-15","343","","","","0.3","","","","","","","","","","","","","","","","","","","","","","","","","","","","","","","","","","","","","","","","","","","","","","","","","","","","","","","","","","","","","","","","","","","","","","","","","","","","","","","","","","","","","","","","","","","","","","","","","","","","","","","","","","","","","","","","",""
"USW00023272","2023-10-10T06:59:00","37.7705","-122.4269","45.7","SAN FRANCISCO DOWNTOWN, CA US","FM-15","343","","","","0.3","","","","","","","","","","","","","","","","","","","","","","","","","","","","","","","","","","","","","","","","","","","","","","","","","","","","","","","","","","","","","","","","","","","","","","","","","","","","","","","","","","","","","","","","","","","","","","","","","","","","","","","","","","","","","","","","",""
"USW00023272","2023-10-11T00:00:00","37.7705","-122.4269","45.7","SAN FRANCISCO DOWNTOWN, CA US","SOD","","","","","","","","","","","","","","","","","","0613","1740","","","","","","","","","","","","","","","0.0","","","","","","","","","","","","","","","","","","","","","","","","","","","","","","","","","","","","","","","","","","","","","","","","","","","","","","","","","","","","","","","","","","","","","","","","","","","","","","","","","","","",""
"USW00023272","2023-10-12T00:00:00","37.7705","-122.4269","45.7","SAN FRANCISCO DOWNTOWN, CA US","SOD","","","","","","","","","","","","","","","","","","0614","1738","","","","","","","","","","","","","","","0.0","","","","","","","","","","","","","","","","","","","","","","","","","","","","","","","","","","","","","","","","","","","","","","","","","","","","","","","","","","","","","","","","","","","","","","","","","","","","","","","","","","","",""
"USW00023272","2023-10-13T00:00:00","37.7705","-122.4269","45.7","SAN FRANCISCO DOWNTOWN, CA US","SOD","","","","","","","","","","","","","","","","","","0615","1737","","","","","","","","","","","","","","","0.0","","","","","","","","","","","","","","","","","","","","","","","","","","","","","","","","","","","","","","","","","","","","","","","","","","","","","","","","","","","","","","","","","","","","","","","","","","","","","","","","","","","",""
"USW00023272","2023-10-14T00:00:00","37.7705","-122.4269","45.7","SAN FRANCISCO DOWNTOWN, CA US","SOD","","","","","","","","","","","","","","","","","","0616","1735","","","","","","","","","","","","","","","0.0","","","","","","","","","","","","","","","","","","","","","","","","","","","","","","","","","","","","","","","","","","","","","","","","","","","","","","","","","","","","","","","","","","","","","","","","","","","","","","","","","","","",""
"USW00023272","2023-10-15T00:00:00","37.7705","-122.4269","45.7","SAN FRANCISCO DOWNTOWN, CA US","SOD","","","","","","","","","","","","","","","","","","0617","1734","","","","","","","","","","","","","","","0.0","","","","","","","","","","","","","","","","","","","","","","","","","","","","","","","","","","","","","","","","","","","","","","","","","","","","","","","","","","","","","","","","","","","","","","","","","","","","","","","","","","","",""
"USW00023272","2023-10-16T00:00:00","37.7705","-122.4269","45.7","SAN FRANCISCO DOWNTOWN, CA US","SOD","","","","","","","","","","","","","","","","","","0618","1732","","","","","","","","","","","","","","","0.0","","","","","","","","","","","","","","","","","","","","","","","","","","","","","","","","","","","","","","","","","","","","","","","","","","","","","","","","","","","","","","","","","","","","","","","","","","","","","","","","","","","",""
"USW00023272","2023-10-17T00:00:00","37.7705","-122.4269","45.7","SAN FRANCISCO DOWNTOWN, CA US","SOD","","","","","","","","","","","","","","","","","","0619","1731","","","","","","","","","","","","","","","0.0","","","","","","","","","","","","","","","","","","","","","","","","","","","","","","","","","","","","","","","","","","","","","","","","","","","","","","","","","","","","","","","","","","","","","","","","","","","","","","","","","","","",""
"USW00023272","2023-10-18T00:00:00","37.7705","-122.4269","45.7","SAN FRANCISCO DOWNTOWN, CA US","SOD","","","","","","","","","","","","","","","","","","0620","1730","","","","","","","","","","","28.9","","","","0.0","0.0","","","","","","","","","","","","","","","","","","","","","","","","","","","","","","","","","","","","","","","","","","","","","","","","","","","","","","","","","","","","","","","","","","","","","","","","","","","","","","","","","","",""
"USW00023272","2023-10-19T00:00:00","37.7705","-122.4269","45.7","SAN FRANCISCO DOWNTOWN, CA US","SOD","","","","","","","","","","","","","","","","","","0621","1728","","22.5","","","","","","4.2","5.78","0","30.6","14.4","","","0.0","0.0","","","","","","","","","","","","","","","","","","","","","","","","","","","","","","","","","","","","","","","","","","","","","","","","","","","","","","","","","","","","","","","","","","","","","","","","","","","","","","","","","","",""
"USW00023272","2023-10-20T00:00:00","37.7705","-122.4269","45.7","SAN FRANCISCO DOWNTOWN, CA US","SOD","","","","","","","","","","","","","","","","","","0622","1727","","16.4","","","","","","0","-0.27","1.9","18.9","13.9","","","0.0","0.0","","","","","","","","","","","","","","","","","","","","","","","","","","","","","","","","","","","","","","","","","","","","","","","","","","","","","","","","","","","","","","","","","","","","","","","","","","","","","","","","","","",""
"USW00023272","2023-10-21T00:00:00","37.7705","-122.4269","45.7","SAN FRANCISCO DOWNTOWN, CA US","SOD","","","","","","","","","","","","","","","","","","0623","1726","","16.4","","","","","","0","-0.16","1.9","20.0","12.8","","","0.0","0.0","","","","","","","","","","","","","","","","","","","","","","","","","","","","","","","","","","","","","","","","","","","","","","","","","","","","","","","","","","","","","","","","","","","","","","","","","","","","","","","","","","",""
"USW00023272","2023-10-22T00:00:00","37.7705","-122.4269","45.7","SAN FRANCISCO DOWNTOWN, CA US","SOD","","","","","","","","","","","","","","","","","","0624","1724","","16.7","","","","","","0","0.20","1.6","18.3","15.0","","","4.8","0.0","","","","","","","","","","","","","","","","","","","","","","","","","","","","","","","","","","","","","","","","","","","","","","","","","","","","","","","","","","","","","","","","","","","","","","","","","","","","","","","","","","",""
"USW00023272","2023-10-22T03:59:00","37.7705","-122.4269","45.7","SAN FRANCISCO DOWNTOWN, CA US","FM-15","343","","","","0.3","","","","","","","","","","","","","","","","","","","","","","","","","","","","","","","","","","","","","","","","","","","","","","","","","","","","","","","","","","","","","","","","","","","","","","","","","","","","","","","","","","","","","","","","","","","","","","","","","","","","","","","","","","","","","","","","",""
"USW00023272","2023-10-22T04:59:00","37.7705","-122.4269","45.7","SAN FRANCISCO DOWNTOWN, CA US","FM-15","343","","","","0.3","","","","","","","","","","","","","","","","","","","","","","","","","","","","","","","","","","","","","","","","","","","","","","","","","","","","","","","","","","","","","","","","","","","","","","","","","","","","","","","","","","","","","","","","","","","","","","","","","","","","","","","","","","","","","","","","",""
"USW00023272","2023-10-22T05:59:00","37.7705","-122.4269","45.7","SAN FRANCISCO DOWNTOWN, CA US","FM-15","343","","","","0.3","","","","","","","","","","","","","","","","","","","","","","","","","","","","","","","","","","","","","","","","","","","","","","","","","","","","","","","","","","","","","","","","","","","","","","","","","","","","","","","","","","","","","","","","","","","","","","","","","","","","","","","","","","","","","","","","",""
"USW00023272","2023-10-22T07:59:00","37.7705","-122.4269","45.7","SAN FRANCISCO DOWNTOWN, CA US","FM-15","343","","","","0.5","","","","","","","","","","","","","","","","","","","","","","","","","","","","","","","","","","","","","","","","","","","","","","","","","","","","","","","","","","","","","","","","","","","","","","","","","","","","","","","","","","","","","","","","","","","","","","","","","","","","","","","","","","","","","","","","",""
"USW00023272","2023-10-22T08:59:00","37.7705","-122.4269","45.7","SAN FRANCISCO DOWNTOWN, CA US","FM-15","343","","","","0.3","","","","","","","","","","","","","","","","","","","","","","","","","","","","","","","","","","","","","","","","","","","","","","","","","","","","","","","","","","","","","","","","","","","","","","","","","","","","","","","","","","","","","","","","","","","","","","","","","","","","","","","","","","","","","","","","",""
"USW00023272","2023-10-22T09:59:00","37.7705","-122.4269","45.7","SAN FRANCISCO DOWNTOWN, CA US","FM-15","343","","","","1.3","","","","","","","","","","","","","","","","","","","","","","","","","","","","","","","","","","","","","","","","","","","","","","","","","","","","","","","","","","","","","","","","","","","","","","","","","","","","","","","","","","","","","","","","","","","","","","","","","","","","","","","","","","","","","","","","",""
"USW00023272","2023-10-22T10:59:00","37.7705","-122.4269","45.7","SAN FRANCISCO DOWNTOWN, CA US","FM-15","343","","","","0.5","","","","","","","","","","","","","","","","","","","","","","","","","","","","","","","","","","","","","","","","","","","","","","","","","","","","","","","","","","","","","","","","","","","","","","","","","","","","","","","","","","","","","","","","","","","","","","","","","","","","","","","","","","","","","","","","",""
"USW00023272","2023-10-22T12:59:00","37.7705","-122.4269","45.7","SAN FRANCISCO DOWNTOWN, CA US","FM-15","343","","","","0.3","","","","","","","","","","","","","","","","","","","","","","","","","","","","","","","","","","","","","","","","","","","","","","","","","","","","","","","","","","","","","","","","","","","","","","","","","","","","","","","","","","","","","","","","","","","","","","","","","","","","","","","","","","","","","","","","",""
"USW00023272","2023-10-22T13:59:00","37.7705","-122.4269","45.7","SAN FRANCISCO DOWNTOWN, CA US","FM-15","343","","","","0.8","","","","","","","","","","","","","","","","","","","","","","","","","","","","","","","","","","","","","","","","","","","","","","","","","","","","","","","","","","","","","","","","","","","","","","","","","","","","","","","","","","","","","","","","","","","","","","","","","","","","","","","","","","","","","","","","",""
"USW00023272","2023-10-22T19:59:00","37.7705","-122.4269","45.7","SAN FRANCISCO DOWNTOWN, CA US","FM-15","343","","","","0.3","","","","","","","","","","","","","","","","","","","","","","","","","","","","","","","","","","","","","","","","","","","","","","","","","","","","","","","","","","","","","","","","","","","","","","","","","","","","","","","","","","","","","","","","","","","","","","","","","","","","","","","","","","","","","","","","",""
"USW00023272","2023-10-22T20:59:00","37.7705","-122.4269","45.7","SAN FRANCISCO DOWNTOWN, CA US","FM-15","343","","","","0.3","","","","","","","","","","","","","","","","","","","","","","","","","","","","","","","","","","","","","","","","","","","","","","","","","","","","","","","","","","","","","","","","","","","","","","","","","","","","","","","","","","","","","","","","","","","","","","","","","","","","","","","","","","","","","","","","",""
"USW00023272","2023-10-23T00:00:00","37.7705","-122.4269","45.7","SAN FRANCISCO DOWNTOWN, CA US","SOD","","","","","","","","","","","","","","","","","","0625","1723","","17.3","","","","","","0","0.86","1.0","20.6","13.9","","","0.0","0.0","","","","","","","","","","","","","","","","","","","","","","","","","","","","","","","","","","","","","","","","","","","","","","","","","","","","","","","","","","","","","","","","","","","","","","","","","","","","","","","","","","",""
"USW00023272","2023-10-24T00:00:00","37.7705","-122.4269","45.7","SAN FRANCISCO DOWNTOWN, CA US","SOD","","","","","","","","","","","","","","","","","","0626","1722","","16.1","","","","","","0","-0.29","2.2","19.4","12.8","","","0.0","0.0","","","","","","","","","","","","","","","","","","","","","","","","","","","","","","","","","","","","","","","","","","","","","","","","","","","","","","","","","","","","","","","","","","","","","","","","","","","","","","","","","","",""
"USW00023272","2023-10-25T00:00:00","37.7705","-122.4269","45.7","SAN FRANCISCO DOWNTOWN, CA US","SOD","","","","","","","","","","","","","","","","","","0627","1721","","14.5","","","","","","0","-1.78","3.8","16.7","12.2","","","0.0","0.0","","","","","","","","","","","","","","","","","","","","","","","","","","","","","","","","","","","","","","","","","","","","","","","","","","","","","","","","","","","","","","","","","","","","","","","","","","","","","","","","","","",""
"USW00023272","2023-10-26T00:00:00","37.7705","-122.4269","45.7","SAN FRANCISCO DOWNTOWN, CA US","SOD","","","","","","","","","","","","","","","","","","0628","1719","","13.3","","","","","","0","-2.92","5.0","17.2","9.4","","","0.0","0.0","","","","","","","","","","","","","","","","","","","","","","","","","","","","","","","","","","","","","","","","","","","","","","","","","","","","","","","","","","","","","","","","","","","","","","","","","","","","","","","","","","",""
"USW00023272","2023-10-27T00:00:00","37.7705","-122.4269","45.7","SAN FRANCISCO DOWNTOWN, CA US","SOD","","","","","","","","","","","","","","","","","","0629","1718","","12.8","","","","","","0","-3.31","5.5","16.7","8.9","","","0.0","0.0","","","","","","","","","","","","","","","","","","","","","","","","","","","","","","","","","","","","","","","","","","","","","","","","","","","","","","","","","","","","","","","","","","","","","","","","","","","","","","","","","","",""
"USW00023272","2023-10-28T00:00:00","37.7705","-122.4269","45.7","SAN FRANCISCO DOWNTOWN, CA US","SOD","","","","","","","","","","","","","","","","","","0630","1717","","13.9","","","","","","0","-2.16","4.4","18.3","9.4","","","0.0","0.0","","","","","","","","","","","","","","","","","","","","","","","","","","","","","","","","","","","","","","","","","","","","","","","","","","","","","","","","","","","","","","","","","","","","","","","","","","","","","","","","","","",""
"USW00023272","2023-10-29T00:00:00","37.7705","-122.4269","45.7","SAN FRANCISCO DOWNTOWN, CA US","SOD","","","","","","","","","","","","","","","","","","0631","1716","","17.2","","","","","","0","1.26","1.1","22.2","12.2","","","0.0","0.0","","","","","","","","","","","","","","","","","","","","","","","","","","","","","","","","","","","","","","","","","","","","","","","","","","","","","","","","","","","","","","","","","","","","","","","","","","","","","","","","","","",""
"USW00023272","2023-10-30T00:00:00","37.7705","-122.4269","45.7","SAN FRANCISCO DOWNTOWN, CA US","SOD","","","","","","","","","","","","","","","","","","0632","1715","","16.4","","","","","","0","0.57","1.9","22.2","10.6","","","0.0","0.0","","","","","","","","","","","","","","","","","","","","","","","","","","","","","","","","","","","","","","","","","","","","","","","","","","","","","","","","","","","","","","","","","","","","","","","","","","","","","","","","","","",""
"USW00023272","2023-10-31T00:00:00","37.7705","-122.4269","45.7","SAN FRANCISCO DOWNTOWN, CA US","SOD","","","","","","","","","","","","","","","","","","0633","1713","","","","","","","","","","","","11.1","","","0.0","0.0","","","","","","","","","","","","","","","","","","","","","","","","","","","","","","","","","","","","","","","","","","","","","","","","","","","","","","","","","","","","","","","","","","","","","","","","","","","","","","","","","","",""
"USW00023272","2023-11-01T00:00:00","37.7705","-122.4269","45.7","SAN FRANCISCO DOWNTOWN, CA US","SOD","","","","","","","","","","","","","","","","","","0634","1712","","","","","","","","","","","","","","","0.0","0.0","","","","","","","","","","","","","","","","","","","","","","","","","","","","","","","","","","","","","","","","","","","","","","","","","","","","","","","","","","","","","","","","","","","","","","","","","","","","","","","","","","",""
"USW00023272","2023-11-01T00:00:00","37.7705","-122.4269","45.7","SAN FRANCISCO DOWNTOWN, CA US","SOM","","","","","","","","","","","","","","","","","","","","","","","","","","","","","","","","","","","","","","","","","8","3","0","0","0","0","0.62","-2.00","-38.20","0.61","0.62","-20.2","","29.0","17-18","0","","","","","","","18.22","14.62","","","","11.01","","","45.8","","","","","0.0","","","93.8","","","3.6","237.6","","","","","","","","","","","","","","","","","","","","","","","","","","","","","","","","","","",""
"USW00023272","2023-11-02T00:00:00","37.7705","-122.4269","45.7","SAN FRANCISCO DOWNTOWN, CA US","SOD","","","","","","","","","","","","","","","","","","0635","1711","","","","","","","","","","","","12.8","","","0.0","0.0","","","","","","","","","","","","","","","","","","","","","","","","","","","","","","","","","","","","","","","","","","","","","","","","","","","","","","","","","","","","","","","","","","","","","","","","","","","","","","","","","","",""
"USW00023272","2023-11-03T00:00:00","37.7705","-122.4269","45.7","SAN FRANCISCO DOWNTOWN, CA US","SOD","","","","","","","","","","","","","","","","","","0636","1710","","","","","","","","","","","","","","","0.0","0.0","","","","","","","","","","","","","","","","","","","","","","","","","","","","","","","","","","","","","","","","","","","","","","","","","","","","","","","","","","","","","","","","","","","","","","","","","","","","","","","","","","",""
"USW00023272","2023-11-04T00:00:00","37.7705","-122.4269","45.7","SAN FRANCISCO DOWNTOWN, CA US","SOD","","","","","","","","","","","","","","","","","","0637","1709","","17.3","","","","","","0","1.97","1.0","20.6","13.9","","","0.0","0.0","","","","","","","","","","","","","","","","","","","","","","","","","","","","","","","","","","","","","","","","","","","","","","","","","","","","","","","","","","","","","","","","","","","","","","","","","","","","","","","","","","",""
"USW00023272","2023-11-05T00:00:00","37.7705","-122.4269","45.7","SAN FRANCISCO DOWNTOWN, CA US","SOD","","","","","","","","","","","","","","","","","","0638","1708","","17.8","","","","","","0","2.58","0.5","20.6","15.0","","","1.0","0.0","","","","","","","","","","","","","","","","","","","","","","","","","","","","","","","","","","","","","","","","","","","","","","","","","","","","","","","","","","","","","","","","","","","","","","","","","","","","","","","","","","",""
"USW00023272","2023-11-05T19:59:00","37.7705","-122.4269","45.7","SAN FRANCISCO DOWNTOWN, CA US","FM-15","343","","","","0.5","","","","","","","","","","","","","","","","","","","","","","","","","","","","","","","","","","","","","","","","","","","","","","","","","","","","","","","","","","","","","","","","","","","","","","","","","","","","","","","","","","","","","","","","","","","","","","","","","","","","","","","","","","","","","","","","",""
"USW00023272","2023-11-05T20:59:00","37.7705","-122.4269","45.7","SAN FRANCISCO DOWNTOWN, CA US","FM-15","343","","","","0.5","","","","","","","","","","","","","","","","","","","","","","","","","","","","","","","","","","","","","","","","","","","","","","","","","","","","","","","","","","","","","","","","","","","","","","","","","","","","","","","","","","","","","","","","","","","","","","","","","","","","","","","","","","","","","","","","",""
"USW00023272","2023-11-06T00:00:00","37.7705","-122.4269","45.7","SAN FRANCISCO DOWNTOWN, CA US","SOD","","","","","","","","","","","","","","","","","","0639","1707","","","","","","","","","","","","","","","0.3","0.0","","","","","","","","","","","","","","","","","","","","","","","","","","","","","","","","","","","","","","","","","","","","","","","","","","","","","","","","","","","","","","","","","","","","","","","","","","","","","","","","","","",""
"USW00023272","2023-11-06T06:59:00","37.7705","-122.4269","45.7","SAN FRANCISCO DOWNTOWN, CA US","FM-15","343","","","","0.3","","","","","","","","","","","","","","","","","","","","","","","","","","","","","","","","","","","","","","","","","","","","","","","","","","","","","","","","","","","","","","","","","","","","","","","","","","","","","","","","","","","","","","","","","","","","","","","","","","","","","","","","","","","","","","","","",""
"USW00023272","2023-11-07T00:00:00","37.7705","-122.4269","45.7","SAN FRANCISCO DOWNTOWN, CA US","SOD","","","","","","","","","","","","","","","","","","0640","1706","","","","","","","","","","","","","","","0.0","0.0","","","","","","","","","","","","","","","","","","","","","","","","","","","","","","","","","","","","","","","","","","","","","","","","","","","","","","","","","","","","","","","","","","","","","","","","","","","","","","","","","","",""
"USW00023272","2023-11-08T00:00:00","37.7705","-122.4269","45.7","SAN FRANCISCO DOWNTOWN, CA US","SOD","","","","","","","","","","","","","","","","","","0641","1705","","15.0","","","","","","0","0.11","3.3","20.0","10.0","","","0.0","0.0","","","","","","","","","","","","","","","","","","","","","","","","","","","","","","","","","","","","","","","","","","","","","","","","","","","","","","","","","","","","","","","","","","","","","","","","","","","","","","","","","","",""
"USW00023272","2023-11-09T00:00:00","37.7705","-122.4269","45.7","SAN FRANCISCO DOWNTOWN, CA US","SOD","","","","","","","","","","","","","","","","","","0642","1704","","14.2","","","","","","0","-0.58","4.1","18.9","9.4","","","0.0","0.0","","","","","","","","","","","","","","","","","","","","","","","","","","","","","","","","","","","","","","","","","","","","","","","","","","","","","","","","","","","","","","","","","","","","","","","","","","","","","","","","","","",""
"USW00023272","2023-11-10T00:00:00","37.7705","-122.4269","45.7","SAN FRANCISCO DOWNTOWN, CA US","SOD","","","","","","","","","","","","","","","","","","0643","1703","","14.5","","","","","","0","-0.17","3.8","18.9","10.0","","","0.0","0.0","","","","","","","","","","","","","","","","","","","","","","","","","","","","","","","","","","","","","","","","","","","","","","","","","","","","","","","","","","","","","","","","","","","","","","","","","","","","","","","","","","",""
"USW00023272","2023-11-11T00:00:00","37.7705","-122.4269","45.7","SAN FRANCISCO DOWNTOWN, CA US","SOD","","","","","","","","","","","","","","","","","","0645","1702","","16.1","","","","","","0","1.54","2.2","21.1","11.1","","","0.0","0.0","","","","","","","","","","","","","","","","","","","","","","","","","","","","","","","","","","","","","","","","","","","","","","","","","","","","","","","","","","","","","","","","","","","","","","","","","","","","","","","","","","",""
"USW00023272","2023-11-12T00:00:00","37.7705","-122.4269","45.7","SAN FRANCISCO DOWNTOWN, CA US","SOD","","","","","","","","","","","","","","","","","","0646","1702","","16.2","","","","","","0","1.76","2.1","20.6","11.7","","","0.0","0.0","","","","","","","","","","","","","","","","","","","","","","","","","","","","","","","","","","","","","","","","","","","","","","","","","","","","","","","","","","","","","","","","","","","","","","","","","","","","","","","","","","",""
"USW00023272","2023-11-13T00:00:00","37.7705","-122.4269","45.7","SAN FRANCISCO DOWNTOWN, CA US","SOD","","","","","","","","","","","","","","","","","","0647","1701","","15.0","","","","","","0","0.72","3.3","18.3","11.7","","","0.0","0.0","","","","","","","","","","","","","","","","","","","","","","","","","","","","","","","","","","","","","","","","","","","","","","","","","","","","","","","","","","","","","","","","","","","","","","","","","","","","","","","","","","",""
"USW00023272","2023-11-14T00:00:00","37.7705","-122.4269","45.7","SAN FRANCISCO DOWNTOWN, CA US","SOD","","","","","","","","","","","","","","","","","","0648","1700","","16.4","","","","","","0","2.23","1.9","20.0","12.8","","","0.0","0.0","","","","","","","","","","","","","","","","","","","","","","","","","","","","","","","","","","","","","","","","","","","","","","","","","","","","","","","","","","","","","","","","","","","","","","","","","","","","","","","","","","",""
"USW00023272","2023-11-15T00:00:00","37.7705","-122.4269","45.7","SAN FRANCISCO DOWNTOWN, CA US","SOD","","","","","","","","","","","","","","","","","","0649","1659","","16.4","","","","","","0","2.34","1.9","18.9","13.9","","","1.8","0.0","","","","","","","","","","","","","","","","","","","","","","","","","","","","","","","","","","","","","","","","","","","","","","","","","","","","","","","","","","","","","","","","","","","","","","","","","","","","","","","","","","",""
"USW00023272","2023-11-15T18:59:00","37.7705","-122.4269","45.7","SAN FRANCISCO DOWNTOWN, CA US","FM-15","343","","","","1.8","","","","","","","","","","","","","","","","","","","","","","","","","","","","","","","","","","","","","","","","","","","","","","","","","","","","","","","","","","","","","","","","","","","","","","","","","","","","","","","","","","","","","","","","","","","","","","","","","","","","","","","","","","","","","","","","",""
"USW00023272","2023-11-16T00:00:00","37.7705","-122.4269","45.7","SAN FRANCISCO DOWNTOWN, CA US","SOD","","","","","","","","","","","","","","","","","","0650","1658","","15.8","","","","","","0","1.86","2.5","18.3","13.3","","","0.8","0.0","","","","","","","","","","","","","","","","","","","","","","","","","","","","","","","","","","","","","","","","","","","","","","","","","","","","","","","","","","","","","","","","","","","","","","","","","","","","","","","","","","",""
"USW00023272","2023-11-16T19:59:00","37.7705","-122.4269","45.7","SAN FRANCISCO DOWNTOWN, CA US","FM-15","343","","","","0.3","","","","","","","","","","","","","","","","","","","","","","","","","","","","","","","","","","","","","","","","","","","","","","","","","","","","","","","","","","","","","","","","","","","","","","","","","","","","","","","","","","","","","","","","","","","","","","","","","","","","","","","","","","","","","","","","",""
"USW00023272","2023-11-16T23:59:00","37.7705","-122.4269","45.7","SAN FRANCISCO DOWNTOWN, CA US","FM-15","343","","","","0.5","","","","","","","","","","","","","","","","","","","","","","","","","","","","","","","","","","","","","","","","","","","","","","","","","","","","","","","","","","","","","","","","","","","","","","","","","","","","","","","","","","","","","","","","","","","","","","","","","","","","","","","","","","","","","","","","",""
"USW00023272","2023-11-17T00:00:00","37.7705","-122.4269","45.7","SAN FRANCISCO DOWNTOWN, CA US","SOD","","","","","","","","","","","","","","","","","","0651","1658","","16.4","","","","","","0","2.57","1.9","19.4","13.3","","","9.1","0.0","","","","","","","","","","","","","","","","","","","","","","","","","","","","","","","","","","","","","","","","","","","","","","","","","","","","","","","","","","","","","","","","","","","","","","","","","","","","","","","","","","",""
"USW00023272","2023-11-17T14:59:00","37.7705","-122.4269","45.7","SAN FRANCISCO DOWNTOWN, CA US","FM-15","343","","","","0.8","","","","","","","","","","","","","","","","","","","","","","","","","","","","","","","","","","","","","","","","","","","","","","","","","","","","","","","","","","","","","","","","","","","","","","","","","","","","","","","","","","","","","","","","","","","","","","","","","","","","","","","","","","","","","","","","",""
"USW00023272","2023-11-17T15:59:00","37.7705","-122.4269","45.7","SAN FRANCISCO DOWNTOWN, CA US","FM-15","343","","","","0.8","","","","","","","","","","","","","","","","","","","","","","","","","","","","","","","","","","","","","","","","","","","","","","","","","","","","","","","","","","","","","","","","","","","","","","","","","","","","","","","","","","","","","","","","","","","","","","","","","","","","","","","","","","","","","","","","",""
"USW00023272","2023-11-17T16:59:00","37.7705","-122.4269","45.7","SAN FRANCISCO DOWNTOWN, CA US","FM-15","343","","","","0.8","","","","","","","","","","","","","","","","","","","","","","","","","","","","","","","","","","","","","","","","","","","","","","","","","","","","","","","","","","","","","","","","","","","","","","","","","","","","","","","","","","","","","","","","","","","","","","","","","","","","","","","","","","","","","","","","",""
"USW00023272","2023-11-17T17:59:00","37.7705","-122.4269","45.7","SAN FRANCISCO DOWNTOWN, CA US","FM-15","343","","","","2.8","","","","","","","","","","","","","","","","","","","","","","","","","","","","","","","","","","","","","","","","","","","","","","","","","","","","","","","","","","","","","","","","","","","","","","","","","","","","","","","","","","","","","","","","","","","","","","","","","","","","","","","","","","","","","","","","",""
"USW00023272","2023-11-17T18:59:00","37.7705","-122.4269","45.7","SAN FRANCISCO DOWNTOWN, CA US","FM-15","343","","","","3.3","","","","","","","","","","","","","","","","","","","","","","","","","","","","","","","","","","","","","","","","","","","","","","","","","","","","","","","","","","","","","","","","","","","","","","","","","","","","","","","","","","","","","","","","","","","","","","","","","","","","","","","","","","","","","","","","",""
"USW00023272","2023-11-17T19:59:00","37.7705","-122.4269","45.7","SAN FRANCISCO DOWNTOWN, CA US","FM-15","343","","","","0.5","","","","","","","","","","","","","","","","","","","","","","","","","","","","","","","","","","","","","","","","","","","","","","","","","","","","","","","","","","","","","","","","","","","","","","","","","","","","","","","","","","","","","","","","","","","","","","","","","","","","","","","","","","","","","","","","",""
"USW00023272","2023-11-17T20:59:00","37.7705","-122.4269","45.7","SAN FRANCISCO DOWNTOWN, CA US","FM-15","343","","","","0.3","","","","","","","","","","","","","","","","","","","","","","","","","","","","","","","","","","","","","","","","","","","","","","","","","","","","","","","","","","","","","","","","","","","","","","","","","","","","","","","","","","","","","","","","","","","","","","","","","","","","","","","","","","","","","","","","",""
"USW00023272","2023-11-18T00:00:00","37.7705","-122.4269","45.7","SAN FRANCISCO DOWNTOWN, CA US","SOD","","","","","","","","","","","","","","","","","","0652","1657","","14.8","","","","","","0","1.13","3.5","16.7","12.8","","","20.6","0.0","","","","","","","","","","","","","","","","","","","","","","","","","","","","","","","","","","","","","","","","","","","","","","","","","","","","","","","","","","","","","","","","","","","","","","","","","","","","","","","","","","",""
"USW00023272","2023-11-18T01:59:00","37.7705","-122.4269","45.7","SAN FRANCISCO DOWNTOWN, CA US","FM-15","343","","","","1.0","","","","","","","","","","","","","","","","","","","","","","","","","","","","","","","","","","","","","","","","","","","","","","","","","","","","","","","","","","","","","","","","","","","","","","","","","","","","","","","","","","","","","","","","","","","","","","","","","","","","","","","","","","","","","","","","",""
"USW00023272","2023-11-18T02:59:00","37.7705","-122.4269","45.7","SAN FRANCISCO DOWNTOWN, CA US","FM-15","343","","","","2.3","","","","","","","","","","","","","","","","","","","","","","","","","","","","","","","","","","","","","","","","","","","","","","","","","","","","","","","","","","","","","","","","","","","","","","","","","","","","","","","","","","","","","","","","","","","","","","","","","","","","","","","","","","","","","","","","",""
"USW00023272","2023-11-18T03:59:00","37.7705","-122.4269","45.7","SAN FRANCISCO DOWNTOWN, CA US","FM-15","343","","","","6.1","","","","","","","","","","","","","","","","","","","","","","","","","","","","","","","","","","","","","","","","","","","","","","","","","","","","","","","","","","","","","","","","","","","","","","","","","","","","","","","","","","","","","","","","","","","","","","","","","","","","","","","","","","","","","","","","",""
"USW00023272","2023-11-18T04:59:00","37.7705","-122.4269","45.7","SAN FRANCISCO DOWNTOWN, CA US","FM-15","343","","","","4.8","","","","","","","","","","","","","","","","","","","","","","","","","","","","","","","","","","","","","","","","","","","","","","","","","","","","","","","","","","","","","","","","","","","","","","","","","","","","","","","","","","","","","","","","","","","","","","","","","","","","","","","","","","","","","","","","",""
"USW00023272","2023-11-18T05:59:00","37.7705","-122.4269","45.7","SAN FRANCISCO DOWNTOWN, CA US","FM-15","343","","","","2.5","","","","","","","","","","","","","","","","","","","","","","","","","","","","","","","","","","","","","","","","","","","","","","","","","","","","","","","","","","","","","","","","","","","","","","","","","","","","","","","","","","","","","","","","","","","","","","","","","","","","","","","","","","","","","","","","",""
"USW00023272","2023-11-18T09:59:00","37.7705","-122.4269","45.7","SAN FRANCISCO DOWNTOWN, CA US","FM-15","343","","","","0.8","","","","","","","","","","","","","","","","","","","","","","","","","","","","","","","","","","","","","","","","","","","","","","","","","","","","","","","","","","","","","","","","","","","","","","","","","","","","","","","","","","","","","","","","","","","","","","","","","","","","","","","","","","","","","","","","",""
"USW00023272","2023-11-18T10:59:00","37.7705","-122.4269","45.7","SAN FRANCISCO DOWNTOWN, CA US","FM-15","343","","","","2.0","","","","","","","","","","","","","","","","","","","","","","","","","","","","","","","","","","","","","","","","","","","","","","","","","","","","","","","","","","","","","","","","","","","","","","","","","","","","","","","","","","","","","","","","","","","","","","","","","","","","","","","","","","","","","","","","",""
"USW00023272","2023-11-18T13:59:00","37.7705","-122.4269","45.7","SAN FRANCISCO DOWNTOWN, CA US","FM-15","343","","","","0.3","","","","","","","","","","","","","","","","","","","","","","","","","","","","","","","","","","","","","","","","","","","","","","","","","","","","","","","","","","","","","","","","","","","","","","","","","","","","","","","","","","","","","","","","","","","","","","","","","","","","","","","","","","","","","","","","",""
"USW00023272","2023-11-18T14:59:00","37.7705","-122.4269","45.7","SAN FRANCISCO DOWNTOWN, CA US","FM-15","343","","","","0.3","","","","","","","","","","","","","","","","","","","","","","","","","","","","","","","","","","","","","","","","","","","","","","","","","","","","","","","","","","","","","","","","","","","","","","","","","","","","","","","","","","","","","","","","","","","","","","","","","","","","","","","","","","","","","","","","",""
"USW00023272","2023-11-18T15:59:00","37.7705","-122.4269","45.7","SAN FRANCISCO DOWNTOWN, CA US","FM-15","343","","","","0.3","","","","","","","","","","","","","","","","","","","","","","","","","","","","","","","","","","","","","","","","","","","","","","","","","","","","","","","","","","","","","","","","","","","","","","","","","","","","","","","","","","","","","","","","","","","","","","","","","","","","","","","","","","","","","","","","",""
"USW00023272","2023-11-18T20:59:00","37.7705","-122.4269","45.7","SAN FRANCISCO DOWNTOWN, CA US","FM-15","343","","","","0.3","","","","","","","","","","","","","","","","","","","","","","","","","","","","","","","","","","","","","","","","","","","","","","","","","","","","","","","","","","","","","","","","","","","","","","","","","","","","","","","","","","","","","","","","","","","","","","","","","","","","","","","","","","","","","","","","",""
"USW00023272","2023-11-19T00:00:00","37.7705","-122.4269","45.7","SAN FRANCISCO DOWNTOWN, CA US","SOD","","","","","","","","","","","","","","","","","","0653","1656","","13.1","","","","","","0","-0.46","5.2","15.6","10.6","","","0.0","0.0","","","","","","","","","","","","","","","","","","","","","","","","","","","","","","","","","","","","","","","","","","","","","","","","","","","","","","","","","","","","","","","","","","","","","","","","","","","","","","","","","","",""
"USW00023272","2023-11-20T00:00:00","37.7705","-122.4269","45.7","SAN FRANCISCO DOWNTOWN, CA US","SOD","","","","","","","","","","","","","","","","","","0654","1656","","14.5","","","","","","0","1.06","3.8","18.3","10.6","","","0.0","0.0","","","","","","","","","","","","","","","","","","","","","","","","","","","","","","","","","","","","","","","","","","","","","","","","","","","","","","","","","","","","","","","","","","","","","","","","","","","","","","","","","","",""
"USW00023272","2023-11-21T00:00:00","37.7705","-122.4269","45.7","SAN FRANCISCO DOWNTOWN, CA US","SOD","","","","","","","","","","","","","","","","","","0655","1655","","14.2","","","","","","0","0.87","4.1","17.8","10.6","","","0.0","0.0","","","","","","","","","","","","","","","","","","","","","","","","","","","","","","","","","","","","","","","","","","","","","","","","","","","","","","","","","","","","","","","","","","","","","","","","","","","","","","","","","","",""
"USW00023272","2023-11-22T00:00:00","37.7705","-122.4269","45.7","SAN FRANCISCO DOWNTOWN, CA US","SOD","","","","","","","","","","","","","","","","","","0656","1655","","14.2","","","","","","0","0.98","4.1","18.9","9.4","","","0.0","0.0","","","","","","","","","","","","","","","","","","","","","","","","","","","","","","","","","","","","","","","","","","","","","","","","","","","","","","","","","","","","","","","","","","","","","","","","","","","","","","","","","","",""
"USW00023272","2023-11-23T00:00:00","37.7705","-122.4269","45.7","SAN FRANCISCO DOWNTOWN, CA US","SOD","","","","","","","","","","","","","","","","","","0657","1654","","15.0","","","","","","0","1.89","3.3","19.4","10.6","","","0.0","0.0","","","","","","","","","","","","","","","","","","","","","","","","","","","","","","","","","","","","","","","","","","","","","","","","","","","","","","","","","","","","","","","","","","","","","","","","","","","","","","","","","","",""
"USW00023272","2023-11-24T00:00:00","37.7705","-122.4269","45.7","SAN FRANCISCO DOWNTOWN, CA US","SOD","","","","","","","","","","","","","","","","","","0658","1654","","12.8","","","","","","0","-0.20","5.5","16.1","9.4","","","0.0","0.0","","","","","","","","","","","","","","","","","","","","","","","","","","","","","","","","","","","","","","","","","","","","","","","","","","","","","","","","","","","","","","","","","","","","","","","","","","","","","","","","","","",""
"USW00023272","2023-11-25T00:00:00","37.7705","-122.4269","45.7","SAN FRANCISCO DOWNTOWN, CA US","SOD","","","","","","","","","","","","","","","","","","0659","1653","","12.0","","","","","","0","-0.89","6.3","16.1","7.8","","","0.0","0.0","","","","","","","","","","","","","","","","","","","","","","","","","","","","","","","","","","","","","","","","","","","","","","","","","","","","","","","","","","","","","","","","","","","","","","","","","","","","","","","","","","",""
"USW00023272","2023-11-26T00:00:00","37.7705","-122.4269","45.7","SAN FRANCISCO DOWNTOWN, CA US","SOD","","","","","","","","","","","","","","","","","","0700","1653","","12.5","","","","","","0","-0.28","5.8","16.1","8.9","","","0.0","0.0","","","","","","","","","","","","","","","","","","","","","","","","","","","","","","","","","","","","","","","","","","","","","","","","","","","","","","","","","","","","","","","","","","","","","","","","","","","","","","","","","","",""
"USW00023272","2023-11-27T00:00:00","37.7705","-122.4269","45.7","SAN FRANCISCO DOWNTOWN, CA US","SOD","","","","","","","","","","","","","","","","","","0701","1652","","12.3","","","","","","0","-0.37","6.0","16.7","7.8","","","0.0","0.0","","","","","","","","","","","","","","","","","","","","","","","","","","","","","","","","","","","","","","","","","","","","","","","","","","","","","","","","","","","","","","","","","","","","","","","","","","","","","","","","","","",""
"USW00023272","2023-11-28T00:00:00","37.7705","-122.4269","45.7","SAN FRANCISCO DOWNTOWN, CA US","SOD","","","","","","","","","","","","","","","","","","0702","1652","","12.8","","","","","","0","0.24","5.5","17.2","8.3","","","1.0","0.0","","","","","","","","","","","","","","","","","","","","","","","","","","","","","","","","","","","","","","","","","","","","","","","","","","","","","","","","","","","","","","","","","","","","","","","","","","","","","","","","","","",""
"USW00023272","2023-11-28T22:59:00","37.7705","-122.4269","45.7","SAN FRANCISCO DOWNTOWN, CA US","FM-15","343","","","","0.5","","","","","","","","","","","","","","","","","","","","","","","","","","","","","","","","","","","","","","","","","","","","","","","","","","","","","","","","","","","","","","","","","","","","","","","","","","","","","","","","","","","","","","","","","","","","","","","","","","","","","","","","","","","","","","","","",""
"USW00023272","2023-11-28T23:59:00","37.7705","-122.4269","45.7","SAN FRANCISCO DOWNTOWN, CA US","FM-15","343","","","","0.5","","","","","","","","","","","","","","","","","","","","","","","","","","","","","","","","","","","","","","","","","","","","","","","","","","","","","","","","","","","","","","","","","","","","","","","","","","","","","","","","","","","","","","","","","","","","","","","","","","","","","","","","","","","","","","","","",""
"USW00023272","2023-11-29T00:00:00","37.7705","-122.4269","45.7","SAN FRANCISCO DOWNTOWN, CA US","SOD","","","","","","","","","","","","","","","","","","0703","1652","","13.1","","","","","","0","0.66","5.2","16.1","10.0","","","11.2","0.0","","","","","","","","","","","","","","","","","","","","","","","","","","","","","","","","","","","","","","","","","","","","","","","","","","","","","","","","","","","","","","","","","","","","","","","","","","","","","","","","","","",""
"USW00023272","2023-11-29T00:59:00","37.7705","-122.4269","45.7","SAN FRANCISCO DOWNTOWN, CA US","FM-15","343","","","","0.8","","","","","","","","","","","","","","","","","","","","","","","","","","","","","","","","","","","","","","","","","","","","","","","","","","","","","","","","","","","","","","","","","","","","","","","","","","","","","","","","","","","","","","","","","","","","","","","","","","","","","","","","","","","","","","","","",""
"USW00023272","2023-11-29T01:59:00","37.7705","-122.4269","45.7","SAN FRANCISCO DOWNTOWN, CA US","FM-15","343","","","","0.8","","","","","","","","","","","","","","","","","","","","","","","","","","","","","","","","","","","","","","","","","","","","","","","","","","","","","","","","","","","","","","","","","","","","","","","","","","","","","","","","","","","","","","","","","","","","","","","","","","","","","","","","","","","","","","","","",""
"USW00023272","2023-11-29T02:59:00","37.7705","-122.4269","45.7","SAN FRANCISCO DOWNTOWN, CA US","FM-15","343","","","","1.8","","","","","","","","","","","","","","","","","","","","","","","","","","","","","","","","","","","","","","","","","","","","","","","","","","","","","","","","","","","","","","","","","","","","","","","","","","","","","","","","","","","","","","","","","","","","","","","","","","","","","","","","","","","","","","","","",""
"USW00023272","2023-11-29T03:59:00","37.7705","-122.4269","45.7","SAN FRANCISCO DOWNTOWN, CA US","FM-15","343","","","","3.3","","","","","","","","","","","","","","","","","","","","","","","","","","","","","","","","","","","","","","","","","","","","","","","","","","","","","","","","","","","","","","","","","","","","","","","","","","","","","","","","","","","","","","","","","","","","","","","","","","","","","","","","","","","","","","","","",""
"USW00023272","2023-11-29T04:59:00","37.7705","-122.4269","45.7","SAN FRANCISCO DOWNTOWN, CA US","FM-15","343","","","","2.0","","","","","","","","","","","","","","","","","","","","","","","","","","","","","","","","","","","","","","","","","","","","","","","","","","","","","","","","","","","","","","","","","","","","","","","","","","","","","","","","","","","","","","","","","","","","","","","","","","","","","","","","","","","","","","","","",""
"USW00023272","2023-11-29T05:59:00","37.7705","-122.4269","45.7","SAN FRANCISCO DOWNTOWN, CA US","FM-15","343","","","","0.8","","","","","","","","","","","","","","","","","","","","","","","","","","","","","","","","","","","","","","","","","","","","","","","","","","","","","","","","","","","","","","","","","","","","","","","","","","","","","","","","","","","","","","","","","","","","","","","","","","","","","","","","","","","","","","","","",""
"USW00023272","2023-11-29T06:59:00","37.7705","-122.4269","45.7","SAN FRANCISCO DOWNTOWN, CA US","FM-15","343","","","","1.5","","","","","","","","","","","","","","","","","","","","","","","","","","","","","","","","","","","","","","","","","","","","","","","","","","","","","","","","","","","","","","","","","","","","","","","","","","","","","","","","","","","","","","","","","","","","","","","","","","","","","","","","","","","","","","","","",""
"USW00023272","2023-11-29T07:59:00","37.7705","-122.4269","45.7","SAN FRANCISCO DOWNTOWN, CA US","FM-15","343","","","","0.3","","","","","","","","","","","","","","","","","","","","","","","","","","","","","","","","","","","","","","","","","","","","","","","","","","","","","","","","","","","","","","","","","","","","","","","","","","","","","","","","","","","","","","","","","","","","","","","","","","","","","","","","","","","","","","","","",""
"USW00023272","2023-11-30T00:00:00","37.7705","-122.4269","45.7","SAN FRANCISCO DOWNTOWN, CA US","SOD","","","","","","","","","","","","","","","","","","0704","1652","","12.8","","","","","","0","0.41","5.5","15.0","10.6","","","0.0","0.0","","","","","","","","","","","","","","","","","","","","","","","","","","","","","","","","","","","","","","","","","","","","","","","","","","","","","","","","","","","","","","","","","","","","","","","","","","","","","","","","","","",""
"USW00023272","2023-12-01T00:00:00","37.7705","-122.4269","45.7","SAN FRANCISCO DOWNTOWN, CA US","SOD","","","","","","","","","","","","","","","","","","0705","1651","","12.2","","","","","","0","-0.08","6.1","15.0","9.4","","","0.5","0.0","","","","","","","","","","","","","","","","","","","","","","","","","","","","","","","","","","","","","","","","","","","","","","","","","","","","","","","","","","","","","","","","","","","","","","","","","","","","","","","","","","",""
"USW00023272","2023-12-01T00:00:00","37.7705","-122.4269","45.7","SAN FRANCISCO DOWNTOWN, CA US","SOM","","","","","","","","","","","","","","","","","","","","","","","","","","","","","","","","","","","","","","","","","11","8","0","0","0","0","1.49","0.00","-46.91","1.29","1.74","-2.9","","43.2","18-19","0","","","","","","","15.68","12.88","","","","10.07","","","118.0","","","","","0.0","","","169.2","","","0.0","389.0","","","","","","","","","","","","","","","","","","","","","","","","","","","","","","","","","","",""
"USW00023272","2023-12-02T00:00:00","37.7705","-122.4269","45.7","SAN FRANCISCO DOWNTOWN, CA US","SOD","","","","","","","","","","","","","","","","","","0706","1651","","13.4","","","","","","0","1.23","4.9","15.0","11.7","","","2.0","0.0","","","","","","","","","","","","","","","","","","","","","","","","","","","","","","","","","","","","","","","","","","","","","","","","","","","","","","","","","","","","","","","","","","","","","","","","","","","","","","","","","","",""
"USW00023272","2023-12-03T00:00:00","37.7705","-122.4269","45.7","SAN FRANCISCO DOWNTOWN, CA US","SOD","","","","","","","","","","","","","","","","","","0707","1651","","14.7","","","","","","0","2.59","3.6","17.2","12.2","","","0.0","0.0","","","","","","","","","","","","","","","","","","","","","","","","","","","","","","","","","","","","","","","","","","","","","","","","","","","","","","","","","","","","","","","","","","","","","","","","","","","","","","","","","","",""
"USW00023272","2023-12-04T00:00:00","37.7705","-122.4269","45.7","SAN FRANCISCO DOWNTOWN, CA US","SOD","","","","","","","","","","","","","","","","","","0708","1651","","14.2","","","","","","0","2.20","4.1","17.2","11.1","","","0.0","0.0","","","","","","","","","","","","","","","","","","","","","","","","","","","","","","","","","","","","","","","","","","","","","","","","","","","","","","","","","","","","","","","","","","","","","","","","","","","","","","","","","","",""
"USW00023272","2023-12-05T00:00:00","37.7705","-122.4269","45.7","SAN FRANCISCO DOWNTOWN, CA US","SOD","","","","","","","","","","","","","","","","","","0709","1651","","14.2","","","","","","0","2.26","4.1","17.2","11.1","","","0.0","0.0","","","","","","","","","","","","","","","","","","","","","","","","","","","","","","","","","","","","","","","","","","","","","","","","","","","","","","","","","","","","","","","","","","","","","","","","","","","","","","","","","","",""
"USW00023272","2023-12-06T00:00:00","37.7705","-122.4269","45.7","SAN FRANCISCO DOWNTOWN, CA US","SOD","","","","","","","","","","","","","","","","","","0710","1651","","13.7","","","","","","0","1.87","4.6","16.7","10.6","","","4.8","0.0","","","","","","","","","","","","","","","","","","","","","","","","","","","","","","","","","","","","","","","","","","","","","","","","","","","","","","","","","","","","","","","","","","","","","","","","","","","","","","","","","","",""
"USW00023272","2023-12-07T00:00:00","37.7705","-122.4269","45.7","SAN FRANCISCO DOWNTOWN, CA US","SOD","","","","","","","","","","","","","","","","","","0711","1651","","12.5","","","","","","0","0.72","5.8","15.6","9.4","","","2.5","0.0","","","","","","","","","","","","","","","","","","","","","","","","","","","","","","","","","","","","","","","","","","","","","","","","","","","","","","","","","","","","","","","","","","","","","","","","","","","","","","","","","","",""
"USW00023272","2023-12-08T00:00:00","37.7705","-122.4269","45.7","SAN FRANCISCO DOWNTOWN, CA US","SOD","","","","","","","","","","","","","","","","","","0712","1651","","11.1","","","","","","0","-0.57","7.2","13.9","8.3","","","0.0","0.0","","","","","","","","","","","","","","","","","","","","","","","","","","","","","","","","","","","","","","","","","","","","","","","","","","","","","","","","","","","","","","","","","","","","","","","","","","","","","","","","","","",""
"USW00023272","2023-12-09T00:00:00","37.7705","-122.4269","45.7","SAN FRANCISCO DOWNTOWN, CA US","SOD","","","","","","","","","","","","","","","","","","0713","1651","","11.1","","","","","","0","-0.51","7.2","14.4","7.8","","","0.0","0.0","","","","","","","","","","","","","","","","","","","","","","","","","","","","","","","","","","","","","","","","","","","","","","","","","","","","","","","","","","","","","","","","","","","","","","","","","","","","","","","","","","",""
"USW00023272","2023-12-10T00:00:00","37.7705","-122.4269","45.7","SAN FRANCISCO DOWNTOWN, CA US","SOD","","","","","","","","","","","","","","","","","","0713","1651","","10.8","","","","","","0","-0.76","7.5","13.3","8.3","","","0.0","0.0","","","","","","","","","","","","","","","","","","","","","","","","","","","","","","","","","","","","","","","","","","","","","","","","","","","","","","","","","","","","","","","","","","","","","","","","","","","","","","","","","","",""
"USW00023272","2023-12-11T00:00:00","37.7705","-122.4269","45.7","SAN FRANCISCO DOWNTOWN, CA US","SOD","","","","","","","","","","","","","","","","","","0714","1651","","12.5","","","","","","0","1.00","5.8","17.2","7.8","","","0.0","0.0","","","","","","","","","","","","","","","","","","","","","","","","","","","","","","","","","","","","","","","","","","","","","","","","","","","","","","","","","","","","","","","","","","","","","","","","","","","","","","","","","","",""
"USW00023272","2023-12-12T00:00:00","37.7705","-122.4269","45.7","SAN FRANCISCO DOWNTOWN, CA US","SOD","","","","","","","","","","","","","","","","","","0715","1651","","13.1","","","","","","0","1.66","5.2","16.7","9.4","","","0.0","0.0","","","","","","","","","","","","","","","","","","","","","","","","","","","","","","","","","","","","","","","","","","","","","","","","","","","","","","","","","","","","","","","","","","","","","","","","","","","","","","","","","","",""
"USW00023272","2023-12-13T00:00:00","37.7705","-122.4269","45.7","SAN FRANCISCO DOWNTOWN, CA US","SOD","","","","","","","","","","","","","","","","","","0716","1651","","12.5","","","","","","0","1.11","5.8","16.7","8.3","","","0.0","0.0","","","","","","","","","","","","","","","","","","","","","","","","","","","","","","","","","","","","","","","","","","","","","","","","","","","","","","","","","","","","","","","","","","","","","","","","","","","","","","","","","","",""
"USW00023272","2023-12-14T00:00:00","37.7705","-122.4269","45.7","SAN FRANCISCO DOWNTOWN, CA US","SOD","","","","","","","","","","","","","","","","","","0716","1651","","11.7","","","","","","0","0.37","6.6","15.0","8.3","","","0.0","0.0","","","","","","","","","","","","","","","","","","","","","","","","","","","","","","","","","","","","","","","","","","","","","","","","","","","","","","","","","","","","","","","","","","","","","","","","","","","","","","","","","","",""
"USW00023272","2023-12-15T00:00:00","37.7705","-122.4269","45.7","SAN FRANCISCO DOWNTOWN, CA US","SOD","","","","","","","","","","","","","","","","","","0717","1652","","13.1","","","","","","0","1.82","5.2","16.7","9.4","","","0.0","0.0","","","","","","","","","","","","","","","","","","","","","","","","","","","","","","","","","","","","","","","","","","","","","","","","","","","","","","","","","","","","","","","","","","","","","","","","","","","","","","","","","","",""
"USW00023272","2023-12-16T00:00:00","37.7705","-122.4269","45.7","SAN FRANCISCO DOWNTOWN, CA US","SOD","","","","","","","","","","","","","","","","","","0718","1652","","13.6","","","","","","0","2.38","4.7","18.3","8.9","","","0.0","0.0","","","","","","","","","","","","","","","","","","","","","","","","","","","","","","","","","","","","","","","","","","","","","","","","","","","","","","","","","","","","","","","","","","","","","","","","","","","","","","","","","","",""
"USW00023272","2023-12-17T00:00:00","37.7705","-122.4269","45.7","SAN FRANCISCO DOWNTOWN, CA US","SOD","","","","","","","","","","","","","","","","","","0718","1652","","12.8","","","","","","0","1.63","5.5","13.9","11.7","","","1.8","0.0","","","","","","","","","","","","","","","","","","","","","","","","","","","","","","","","","","","","","","","","","","","","","","","","","","","","","","","","","","","","","","","","","","","","","","","","","","","","","","","","","","",""
"USW00023272","2023-12-18T00:00:00","37.7705","-122.4269","45.7","SAN FRANCISCO DOWNTOWN, CA US","SOD","","","","","","","","","","","","","","","","","","0719","1653","","13.4","","","","","","0","2.23","4.9","16.7","10.0","","","35.6","0.0","","","","","","","","","","","","","","","","","","","","","","","","","","","","","","","","","","","","","","","","","","","","","","","","","","","","","","","","","","","","","","","","","","","","","","","","","","","","","","","","","","",""
"USW00023272","2023-12-19T00:00:00","37.7705","-122.4269","45.7","SAN FRANCISCO DOWNTOWN, CA US","SOD","","","","","","","","","","","","","","","","","","0720","1653","","15.3","","","","","","0","4.19","3.0","16.7","13.9","","","10.2","0.0","","","","","","","","","","","","","","","","","","","","","","","","","","","","","","","","","","","","","","","","","","","","","","","","","","","","","","","","","","","","","","","","","","","","","","","","","","","","","","","","","","",""
"USW00023272","2023-12-20T00:00:00","37.7705","-122.4269","45.7","SAN FRANCISCO DOWNTOWN, CA US","SOD","","","","","","","","","","","","","","","","","","0720","1653","","13.4","","","","","","0","2.34","4.9","15.0","11.7","","","30.7","0.0","","","","","","","","","","","","","","","","","","","","","","","","","","","","","","","","","","","","","","","","","","","","","","","","","","","","","","","","","","","","","","","","","","","","","","","","","","","","","","","","","","",""
"USW00023272","2023-12-21T00:00:00","37.7705","-122.4269","45.7","SAN FRANCISCO DOWNTOWN, CA US","SOD","","","","","","","","","","","","","","","","","","0721","1654","","14.2","","","","","","0","3.14","4.1","16.7","11.7","","","0.0","0.0","","","","","","","","","","","","","","","","","","","","","","","","","","","","","","","","","","","","","","","","","","","","","","","","","","","","","","","","","","","","","","","","","","","","","","","","","","","","","","","","","","",""
"USW00023272","2023-12-22T00:00:00","37.7705","-122.4269","45.7","SAN FRANCISCO DOWNTOWN, CA US","SOD","","","","","","","","","","","","","","","","","","0721","1654","","13.6","","","","","","0","2.60","4.7","16.1","11.1","","","0.0","0.0","","","","","","","","","","","","","","","","","","","","","","","","","","","","","","","","","","","","","","","","","","","","","","","","","","","","","","","","","","","","","","","","","","","","","","","","","","","","","","","","","","",""
"USW00023272","2023-12-23T00:00:00","37.7705","-122.4269","45.7","SAN FRANCISCO DOWNTOWN, CA US","SOD","","","","","","","","","","","","","","","","","","0722","1655","","12.0","","","","","","0","1.00","6.3","15.0","8.9","","","0.0","0.0","","","","","","","","","","","","","","","","","","","","","","","","","","","","","","","","","","","","","","","","","","","","","","","","","","","","","","","","","","","","","","","","","","","","","","","","","","","","","","","","","","",""
"USW00023272","2023-12-24T00:00:00","37.7705","-122.4269","45.7","SAN FRANCISCO DOWNTOWN, CA US","SOD","","","","","","","","","","","","","","","","","","0722","1655","","10.3","","","","","","0","-0.70","8.0","12.8","7.8","","","0.0","0.0","","","","","","","","","","","","","","","","","","","","","","","","","","","","","","","","","","","","","","","","","","","","","","","","","","","","","","","","","","","","","","","","","","","","","","","","","","","","","","","","","","",""
"USW00023272","2023-12-25T00:00:00","37.7705","-122.4269","45.7","SAN FRANCISCO DOWNTOWN, CA US","SOD","","","","","","","","","","","","","","","","","","0723","1656","","11.1","","","","","","0","0.16","7.2","14.4","7.8","","","0.0","0.0","","","","","","","","","","","","","","","","","","","","","","","","","","","","","","","","","","","","","","","","","","","","","","","","","","","","","","","","","","","","","","","","","","","","","","","","","","","","","","","","","","",""
"USW00023272","2023-12-26T00:00:00","37.7705","-122.4269","45.7","SAN FRANCISCO DOWNTOWN, CA US","SOD","","","","","","","","","","","","","","","","","","0723","1657","","12.2","","","","","","0","1.26","6.1","14.4","10.0","","","0.0","0.0","","","","","","","","","","","","","","","","","","","","","","","","","","","","","","","","","","","","","","","","","","","","","","","","","","","","","","","","","","","","","","","","","","","","","","","","","","","","","","","","","","",""
"USW00023272","2023-12-27T00:00:00","37.7705","-122.4269","45.7","SAN FRANCISCO DOWNTOWN, CA US","SOD","","","","","","","","","","","","","","","","","","0724","1657","","12.8","","","","","","0","1.86","5.5","15.0","10.6","","","4.3","0.0","","","","","","","","","","","","","","","","","","","","","","","","","","","","","","","","","","","","","","","","","","","","","","","","","","","","","","","","","","","","","","","","","","","","","","","","","","","","","","","","","","",""
"USW00023272","2023-12-28T00:00:00","37.7705","-122.4269","45.7","SAN FRANCISCO DOWNTOWN, CA US","SOD","","","","","","","","","","","","","","","","","","0724","1658","","15.3","","","","","","0","4.36","3.0","17.2","13.3","","","0.0","0.0","","","","","","","","","","","","","","","","","","","","","","","","","","","","","","","","","","","","","","","","","","","","","","","","","","","","","","","","","","","","","","","","","","","","","","","","","","","","","","","","","","",""
"USW00023272","2023-12-29T00:00:00","37.7705","-122.4269","45.7","SAN FRANCISCO DOWNTOWN, CA US","SOD","","","","","","","","","","","","","","","","","","0724","1658","","14.5","","","","","","0","3.56","3.8","16.7","12.2","","","21.8","0.0","","","","","","","","","","","","","","","","","","","","","","","","","","","","","","","","","","","","","","","","","","","","","","","","","","","","","","","","","","","","","","","","","","","","","","","","","","","","","","","","","","",""
"USW00023272","2023-12-30T00:00:00","37.7705","-122.4269","45.7","SAN FRANCISCO DOWNTOWN, CA US","SOD","","","","","","","","","","","","","","","","","","0725","1659","","12.8","","","","","","0","1.91","5.5","15.6","10.0","","","3.8","0.0","","","","","","","","","","","","","","","","","","","","","","","","","","","","","","","","","","","","","","","","","","","","","","","","","","","","","","","","","","","","","","","","","","","","","","","","","","","","","","","","","","",""
"USW00023272","2023-12-31T00:00:00","37.7705","-122.4269","45.7","SAN FRANCISCO DOWNTOWN, CA US","SOD","","","","","","","","","","","","","","","","","","0725","1700","","11.7","","","","","","0","0.81","6.6","13.9","9.4","","","0.0","","","","","","","","","","","","","","","","","","","","","","","","","","","","","","","","","","","","","","","","","","","","","","","","","","","","","","","","","","","","","","","","","","","","","","","","","","","","","","","","","","","",""
