"STATION","DATE","LATITUDE","LONGITUDE","ELEVATION","NAME","REPORT_TYPE","SOURCE","HourlyAltimeterSetting","HourlyDewPointTemperature","HourlyDryBulbTemperature","HourlyPrecipitation","HourlyPresentWeatherType","HourlyPressureChange","HourlyPressureTendency","HourlyRelativeHumidity","HourlySkyConditions","HourlySeaLevelPressure","HourlyStationPressure","HourlyVisibility","HourlyWetBulbTemperature","HourlyWindDirection","HourlyWindGustSpeed","HourlyWindSpeed","Sunrise","Sunset","DailyAverageDewPointTemperature","DailyAverageDryBulbTemperature","DailyAverageRelativeHumidity","DailyAverageSeaLevelPressure","DailyAverageStationPressure","DailyAverageWetBulbTemperature","DailyAverageWindSpeed","DailyCoolingDegreeDays","DailyDepartureFromNormalAverageTemperature","DailyHeatingDegreeDays","DailyMaximumDryBulbTemperature","DailyMinimumDryBulbTemperature","DailyPeakWindDirection","DailyPeakWindSpeed","DailyPrecipitation","DailySnowDepth","DailySnowfall","DailySustainedWindDirection","DailySustainedWindSpeed","DailyWeather","MonthlyAverageRH","MonthlyDaysWithGT001Precip","MonthlyDaysWithGT010Precip","MonthlyDaysWithGT32Temp","MonthlyDaysWithGT90Temp","MonthlyDaysWithLT0Temp","MonthlyDaysWithLT32Temp","MonthlyDepartureFromNormalAverageTemperature","MonthlyDepartureFromNormalCoolingDegreeDays","MonthlyDepartureFromNormalHeatingDegreeDays","MonthlyDepartureFromNormalMaximumTemperature","MonthlyDepartureFromNormalMinimumTemperature","MonthlyDepartureFromNormalPrecipitation","MonthlyDewpointTemperature","MonthlyGreatestPrecip","MonthlyGreatestPrecipDate","MonthlyGreatestSnowDepth","MonthlyGreatestSnowDepthDate","MonthlyGreatestSnowfall","MonthlyGreatestSnowfallDate","MonthlyMaxSeaLevelPressureValue","MonthlyMaxSeaLevelPressureValueDate","MonthlyMaxSeaLevelPressureValueTime","MonthlyMaximumTemperature","MonthlyMeanTemperature","MonthlyMinSeaLevelPressureValue","MonthlyMinSeaLevelPressureValueDate","MonthlyMinSeaLevelPressureValueTime","MonthlyMinimumTemperature","MonthlySeaLevelPressure","MonthlyStationPressure","MonthlyTotalLiquidPrecipitation","MonthlyTotalSnowfall","MonthlyWetBulb","MonthlyAverageWindSpeed","CoolingDegreeDaysSeasonToDate","MonthlyCoolingDegreeDays","MonthlyNumberDaysWithSnowfall","HeatingDegreeDaysSeasonToDate","MonthlyHeatingDegreeDays","MonthlyNumberDaysWithThunderstorms","MonthlyNumberDaysWithHeavyFog","NormalsCoolingDegreeDay","NormalsHeatingDegreeDay","ShortDurationEndDate005","ShortDurationEndDate010","ShortDurationEndDate015","ShortDurationEndDate020","ShortDurationEndDate030","ShortDurationEndDate045","ShortDurationEndDate060","ShortDurationEndDate080","ShortDurationEndDate100","ShortDurationEndDate120","ShortDurationEndDate150","ShortDurationEndDate180","ShortDurationPrecipitationValue005","ShortDurationPrecipitationValue010","ShortDurationPrecipitationValue015","ShortDurationPrecipitationValue020","ShortDurationPrecipitationValue030","ShortDurationPrecipitationValue045","ShortDurationPrecipitationValue060","ShortDurationPrecipitationValue080","ShortDurationPrecipitationValue100","ShortDurationPrecipitationValue120","ShortDurationPrecipitationValue150","ShortDurationPrecipitationValue180","REM","BackupDirection","BackupDistance","BackupDistanceUnit","BackupElements","BackupElevation","BackupEquipment","BackupLatitude","BackupLongitude","BackupName","WindEquipmentChangeDate"
"USW00023272","2024-01-01T00:00:00","37.7705","-122.4269","45.7","SAN FRANCISCO DOWNTOWN, CA US","SOD","","","","","","","","","","","","","","","","","","0725","1701","","12.0","","","","","","0","1.11","6.3","15.0","8.9","","","0.0","0.0","","","","","","","","","","","","","","","","","","","","","","","","","","","","","","","","","","","","","","","","","","","","","","","","","","","","","","","","","","","","","","","","","","","","","","","","","","","","","","","","","","",""
"USW00023272","2024-01-01T00:00:00","37.7705","-122.4269","45.7","SAN FRANCISCO DOWNTOWN, CA US","SOM","","","","","","","","","","","","","","","","","","","","","","","","","","","","","","","","","","","","","","","","","15","12","0","0","0","0","1.22","0.00","-37.74","0.85","1.59","55.1","","42.4","31-31","0","","","","","","","15.18","12.44","","","","9.70","","","166.9","","","","0.0","0.0","","","182.7","","","0.0","396.8","","","","","","","","","","","","","","","","","","","","","","","","","","","","","","","","","","",""
"USW00023272","2024-01-02T00:00:00","37.7705","-122.4269","45.7","SAN FRANCISCO DOWNTOWN, CA US","SOD","","","","","","","","","","","","","","","","","","0725","1702","","12.5","","","","","","0","1.56","5.8","16.1","8.9","","","7.9","0.0","","","","","","","","","","","","","","","","","","","","","","","","","","","","","","","","","","","","","","","","","","","","","","","","","","","","","","","","","","","","","","","","","","","","","","","","","","","","","","","","","","",""
"USW00023272","2024-01-02T14:59:00","37.7705","-122.4269","45.7","SAN FRANCISCO DOWNTOWN, CA US","FM-15","343","","","","2.0","","","","","","","","","","","","","","","","","","","","","","","","","","","","","","","","","","","","","","","","","","","","","","","","","","","","","","","","","","","","","","","","","","","","","","","","","","","","","","","","","","","","","","","","","","","","","","","","","","","","","","","","","","","","","","","","",""
"USW00023272","2024-01-02T15:59:00","37.7705","-122.4269","45.7","SAN FRANCISCO DOWNTOWN, CA US","FM-15","343","","","","0.3","","","","","","","","","","","","","","","","","","","","","","","","","","","","","","","","","","","","","","","","","","","","","","","","","","","","","","","","","","","","","","","","","","","","","","","","","","","","","","","","","","","","","","","","","","","","","","","","","","","","","","","","","","","","","","","","",""
"USW00023272","2024-01-02T16:59:00","37.7705","-122.4269","45.7","SAN FRANCISCO DOWNTOWN, CA US","FM-15","343","","","","1.3","","","","","","","","","","","","","","","","","","","","","","","","","","","","","","","","","","","","","","","","","","","","","","","","","","","","","","","","","","","","","","","","","","","","","","","","","","","","","","","","","","","","","","","","","","","","","","","","","","","","","","","","","","","","","","","","",""
"USW00023272","2024-01-02T17:59:00","37.7705","-122.4269","45.7","SAN FRANCISCO DOWNTOWN, CA US","FM-15","343","","","","2.0","","","","","","","","","","","","","","","","","","","","","","","","","","","","","","","","","","","","","","","","","","","","","","","","","","","","","","","","","","","","","","","","","","","","","","","","","","","","","","","","","","","","","","","","","","","","","","","","","","","","","","","","","","","","","","","","",""
"USW00023272","2024-01-02T19:59:00","37.7705","-122.4269","45.7","SAN FRANCISCO DOWNTOWN, CA US","FM-15","343","","","","1.8","","","","","","","","","","","","","","","","","","","","","","","","","","","","","","","","","","","","","","","","","","","","","","","","","","","","","","","","","","","","","","","","","","","","","","","","","","","","","","","","","","","","","","","","","","","","","","","","","","","","","","","","","","","","","","","","",""
"USW00023272","2024-01-02T20:59:00","37.7705","-122.4269","45.7","SAN FRANCISCO DOWNTOWN, CA US","FM-15","343","","","","0.3","","","","","","","","","","","","","","","","","","","","","","","","","","","","","","","","","","","","","","","","","","","","","","","","","","","","","","","","","","","","","","","","","","","","","","","","","","","","","","","","","","","","","","","","","","","","","","","","","","","","","","","","","","","","","","","","",""
"USW00023272","2024-01-02T23:59:00","37.7705","-122.4269","45.7","SAN FRANCISCO DOWNTOWN, CA US","FM-15","343","","","","0.3","","","","","","","","","","","","","","","","","","","","","","","","","","","","","","","","","","","","","","","","","","","","","","","","","","","","","","","","","","","","","","","","","","","","","","","","","","","","","","","","","","","","","","","","","","","","","","","","","","","","","","","","","","","","","","","","",""
"USW00023272","2024-01-03T00:00:00","37.7705","-122.4269","45.7","SAN FRANCISCO DOWNTOWN, CA US","SOD","","","","","","","","","","","","","","","","","","0725","1703","","11.1","","","","","","0","0.16","7.2","13.3","8.9","","","1.3","0.0","","","","","","","","","","","","","","","","","","","","","","","","","","","","","","","","","","","","","","","","","","","","","","","","","","","","","","","","","","","","","","","","","","","","","","","","","","","","","","","","","","",""
"USW00023272","2024-01-03T01:59:00","37.7705","-122.4269","45.7","SAN FRANCISCO DOWNTOWN, CA US","FM-15","343","","","","0.5","","","","","","","","","","","","","","","","","","","","","","","","","","","","","","","","","","","","","","","","","","","","","","","","","","","","","","","","","","","","","","","","","","","","","","","","","","","","","","","","","","","","","","","","","","","","","","","","","","","","","","","","","","","","","","","","",""
"USW00023272","2024-01-03T03:59:00","37.7705","-122.4269","45.7","SAN FRANCISCO DOWNTOWN, CA US","FM-15","343","","","","0.3","","","","","","","","","","","","","","","","","","","","","","","","","","","","","","","","","","","","","","","","","","","","","","","","","","","","","","","","","","","","","","","","","","","","","","","","","","","","","","","","","","","","","","","","","","","","","","","","","","","","","","","","","","","","","","","","",""
"USW00023272","2024-01-03T05:59:00","37.7705","-122.4269","45.7","SAN FRANCISCO DOWNTOWN, CA US","FM-15","343","","","","0.3","","","","","","","","","","","","","","","","","","","","","","","","","","","","","","","","","","","","","","","","","","","","","","","","","","","","","","","","","","","","","","","","","","","","","","","","","","","","","","","","","","","","","","","","","","","","","","","","","","","","","","","","","","","","","","","","",""
"USW00023272","2024-01-03T06:59:00","37.7705","-122.4269","45.7","SAN FRANCISCO DOWNTOWN, CA US","FM-15","343","","","","0.3","","","","","","","","","","","","","","","","","","","","","","","","","","","","","","","","","","","","","","","","","","","","","","","","","","","","","","","","","","","","","","","","","","","","","","","","","","","","","","","","","","","","","","","","","","","","","","","","","","","","","","","","","","","","","","","","",""
"USW00023272","2024-01-04T00:00:00","37.7705","-122.4269","45.7","SAN FRANCISCO DOWNTOWN, CA US","SOD","","","","","","","","","","","","","","","","","","0726","1703","","12.2","","","","","","0","1.26","6.1","16.1","8.3","","","0.0","0.0","","","","","","","","","","","","","","","","","","","","","","","","","","","","","","","","","","","","","","","","","","","","","","","","","","","","","","","","","","","","","","","","","","","","","","","","","","","","","","","","","","",""
"USW00023272","2024-01-05T00:00:00","37.7705","-122.4269","45.7","SAN FRANCISCO DOWNTOWN, CA US","SOD","","","","","","","","","","","","","","","","","","0726","1704","","13.4","","","","","","0","2.46","4.9","16.7","10.0","","","0.0","0.0","","","","","","","","","","","","","","","","","","","","","","","","","","","","","","","","","","","","","","","","","","","","","","","","","","","","","","","","","","","","","","","","","","","","","","","","","","","","","","","","","","",""
"USW00023272","2024-01-06T00:00:00","37.7705","-122.4269","45.7","SAN FRANCISCO DOWNTOWN, CA US","SOD","","","","","","","","","","","","","","","","","","0726","1705","","10.6","","","","","","0","-0.34","7.7","12.8","8.3","","","2.5","0.0","","","","","","","","","","","","","","","","","","","","","","","","","","","","","","","","","","","","","","","","","","","","","","","","","","","","","","","","","","","","","","","","","","","","","","","","","","","","","","","","","","",""
"USW00023272","2024-01-06T12:59:00","37.7705","-122.4269","45.7","SAN FRANCISCO DOWNTOWN, CA US","FM-15","343","","","","0.3","","","","","","","","","","","","","","","","","","","","","","","","","","","","","","","","","","","","","","","","","","","","","","","","","","","","","","","","","","","","","","","","","","","","","","","","","","","","","","","","","","","","","","","","","","","","","","","","","","","","","","","","","","","","","","","","",""
"USW00023272","2024-01-06T13:59:00","37.7705","-122.4269","45.7","SAN FRANCISCO DOWNTOWN, CA US","FM-15","343","","","","2.3","","","","","","","","","","","","","","","","","","","","","","","","","","","","","","","","","","","","","","","","","","","","","","","","","","","","","","","","","","","","","","","","","","","","","","","","","","","","","","","","","","","","","","","","","","","","","","","","","","","","","","","","","","","","","","","","",""
"USW00023272","2024-01-07T00:00:00","37.7705","-122.4269","45.7","SAN FRANCISCO DOWNTOWN, CA US","SOD","","","","","","","","","","","","","","","","","","0726","1706","","9.2","","","","","","0","-1.74","9.1","12.8","5.6","","","0.0","0.0","","","","","","","","","","","","","","","","","","","","","","","","","","","","","","","","","","","","","","","","","","","","","","","","","","","","","","","","","","","","","","","","","","","","","","","","","","","","","","","","","","",""
"USW00023272","2024-01-08T00:00:00","37.7705","-122.4269","45.7","SAN FRANCISCO DOWNTOWN, CA US","SOD","","","","","","","","","","","","","","","","","","0726","1707","","10.0","","","","","","0","-1.00","8.3","13.3","6.7","","","0.0","0.0","","","","","","","","","","","","","","","","","","","","","","","","","","","","","","","","","","","","","","","","","","","","","","","","","","","","","","","","","","","","","","","","","","","","","","","","","","","","","","","","","","",""
"USW00023272","2024-01-09T00:00:00","37.7705","-122.4269","45.7","SAN FRANCISCO DOWNTOWN, CA US","SOD","","","","","","","","","","","","","","","","","","0726","1708","","11.4","","","","","","0","0.40","6.9","13.9","8.9","","","6.4","0.0","","","","","","","","","","","","","","","","","","","","","","","","","","","","","","","","","","","","","","","","","","","","","","","","","","","","","","","","","","","","","","","","","","","","","","","","","","","","","","","","","","",""
"USW00023272","2024-01-09T06:59:00","37.7705","-122.4269","45.7","SAN FRANCISCO DOWNTOWN, CA US","FM-15","343","","","","0.3","","","","","","","","","","","","","","","","","","","","","","","","","","","","","","","","","","","","","","","","","","","","","","","","","","","","","","","","","","","","","","","","","","","","","","","","","","","","","","","","","","","","","","","","","","","","","","","","","","","","","","","","","","","","","","","","",""
"USW00023272","2024-01-09T07:59:00","37.7705","-122.4269","45.7","SAN FRANCISCO DOWNTOWN, CA US","FM-15","343","","","","0.8","","","","","","","","","","","","","","","","","","","","","","","","","","","","","","","","","","","","","","","","","","","","","","","","","","","","","","","","","","","","","","","","","","","","","","","","","","","","","","","","","","","","","","","","","","","","","","","","","","","","","","","","","","","","","","","","",""
"USW00023272","2024-01-09T08:59:00","37.7705","-122.4269","45.7","SAN FRANCISCO DOWNTOWN, CA US","FM-15","343","","","","1.3","","","","","","","","","","","","","","","","","","","","","","","","","","","","","","","","","","","","","","","","","","","","","","","","","","","","","","","","","","","","","","","","","","","","","","","","","","","","","","","","","","","","","","","","","","","","","","","","","","","","","","","","","","","","","","","","",""
"USW00023272","2024-01-09T09:59:00","37.7705","-122.4269","45.7","SAN FRANCISCO DOWNTOWN, CA US","FM-15","343","","","","1.5","","","","","","","","","","","","","","","","","","","","","","","","","","","","","","","","","","","","","","","","","","","","","","","","","","","","","","","","","","","","","","","","","","","","","","","","","","","","","","","","","","","","","","","","","","","","","","","","","","","","","","","","","","","","","","","","",""
"USW00023272","2024-01-09T10:59:00","37.7705","-122.4269","45.7","SAN FRANCISCO DOWNTOWN, CA US","FM-15","343","","","","1.5","","","","","","","","","","","","","","","","","","","","","","","","","","","","","","","","","","","","","","","","","","","","","","","","","","","","","","","","","","","","","","","","","","","","","","","","","","","","","","","","","","","","","","","","","","","","","","","","","","","","","","","","","","","","","","","","",""
"USW00023272","2024-01-09T11:59:00","37.7705","-122.4269","45.7","SAN FRANCISCO DOWNTOWN, CA US","FM-15","343","","","","1.0","","","","","","","","","","","","","","","","","","","","","","","","","","","","","","","","","","","","","","","","","","","","","","","","","","","","","","","","","","","","","","","","","","","","","","","","","","","","","","","","","","","","","","","","","","","","","","","","","","","","","","","","","","","","","","","","",""
"USW00023272","2024-01-10T00:00:00","37.7705","-122.4269","45.7","SAN FRANCISCO DOWNTOWN, CA US","SOD","","","","","","","","","","","","","","","","","","0725","1709","","10.3","","","","","","0","-0.70","8.0","13.3","7.2","","","8.1","0.0","","","","","","","","","","","","","","","","","","","","","","","","","","","","","","","","","","","","","","","","","","","","","","","","","","","","","","","","","","","","","","","","","","","","","","","","","","","","","","","","","","",""
"USW00023272","2024-01-10T06:59:00","37.7705","-122.4269","45.7","SAN FRANCISCO DOWNTOWN, CA US","FM-15","343","","","","0.8","","","","","","","","","","","","","","","","","","","","","","","","","","","","","","","","","","","","","","","","","","","","","","","","","","","","","","","","","","","","","","","","","","","","","","","","","","","","","","","","","","","","","","","","","","","","","","","","","","","","","","","","","","","","","","","","",""
"USW00023272","2024-01-10T08:59:00","37.7705","-122.4269","45.7","SAN FRANCISCO DOWNTOWN, CA US","FM-15","343","","","","0.3","","","","","","","","","","","","","","","","","","","","","","","","","","","","","","","","","","","","","","","","","","","","","","","","","","","","","","","","","","","","","","","","","","","","","","","","","","","","","","","","","","","","","","","","","","","","","","","","","","","","","","","","","","","","","","","","",""
"USW00023272","2024-01-10T09:59:00","37.7705","-122.4269","45.7","SAN FRANCISCO DOWNTOWN, CA US","FM-15","343","","","","0.5","","","","","","","","","","","","","","","","","","","","","","","","","","","","","","","","","","","","","","","","","","","","","","","","","","","","","","","","","","","","","","","","","","","","","","","","","","","","","","","","","","","","","","","","","","","","","","","","","","","","","","","","","","","","","","","","",""
"USW00023272","2024-01-10T12:59:00","37.7705","-122.4269","45.7","SAN FRANCISCO DOWNTOWN, CA US","FM-15","343","","","","1.3","","","","","","","","","","","","","","","","","","","","","","","","","","","","","","","","","","","","","","","","","","","","","","","","","","","","","","","","","","","","","","","","","","","","","","","","","","","","","","","","","","","","","","","","","","","","","","","","","","","","","","","","","","","","","","","","",""
"USW00023272","2024-01-10T13:59:00","37.7705","-122.4269","45.7","SAN FRANCISCO DOWNTOWN, CA US","FM-15","343","","","","1.3","","","","","","","","","","","","","","","","","","","","","","","","","","","","","","","","","","","","","","","","","","","","","","","","","","","","","","","","","","","","","","","","","","","","","","","","","","","","","","","","","","","","","","","","","","","","","","","","","","","","","","","","","","","","","","","","",""
"USW00023272","2024-01-10T14:59:00","37.7705","-122.4269","45.7","SAN FRANCISCO DOWNTOWN, CA US","FM-15","343","","","","3.0","","","","","","","","","","","","","","","","","","","","","","","","","","","","","","","","","","","","","","","","","","","","","","","","","","","","","","","","","","","","","","","","","","","","","","","","","","","","","","","","","","","","","","","","","","","","","","","","","","","","","","","","","","","","","","","","",""
"USW00023272","2024-01-10T19:59:00","37.7705","-122.4269","45.7","SAN FRANCISCO DOWNTOWN, CA US","FM-15","343","","","","1.0","","","","","","","","","","","","","","","","","","","","","","","","","","","","","","","","","","","","","","","","","","","","","","","","","","","","","","","","","","","","","","","","","","","","","","","","","","","","","","","","","","","","","","","","","","","","","","","","","","","","","","","","","","","","","","","","",""
"USW00023272","2024-01-11T00:00:00","37.7705","-122.4269","45.7","SAN FRANCISCO DOWNTOWN, CA US","SOD","","","","","","","","","","","","","","","","","","0725","1710","","9.5","","","","","","0","-1.56","8.8","12.8","6.1","","","0.0","0.0","","","","","","","","","","","","","","","","","","","","","","","","","","","","","","","","","","","","","","","","","","","","","","","","","","","","","","","","","","","","","","","","","","","","","","","","","","","","","","","","","","",""
"USW00023272","2024-01-12T00:00:00","37.7705","-122.4269","45.7","SAN FRANCISCO DOWNTOWN, CA US","SOD","","","","","","","","","","","","","","","","","","0725","1711","","9.5","","","","","","0","-1.56","8.8","12.2","6.7","","","0.0","0.0","","","","","","","","","","","","","","","","","","","","","","","","","","","","","","","","","","","","","","","","","","","","","","","","","","","","","","","","","","","","","","","","","","","","","","","","","","","","","","","","","","",""
"USW00023272","2024-01-13T00:00:00","37.7705","-122.4269","45.7","SAN FRANCISCO DOWNTOWN, CA US","SOD","","","","","","","","","","","","","","","","","","0725","1712","","10.9","","","","","","0","-0.21","7.4","12.8","8.9","","","22.9","0.0","","","","","","","","","","","","","","","","","","","","","","","","","","","","","","","","","","","","","","","","","","","","","","","","","","","","","","","","","","","","","","","","","","","","","","","","","","","","","","","","","","",""
"USW00023272","2024-01-13T07:59:00","37.7705","-122.4269","45.7","SAN FRANCISCO DOWNTOWN, CA US","FM-15","343","","","","0.3","","","","","","","","","","","","","","","","","","","","","","","","","","","","","","","","","","","","","","","","","","","","","","","","","","","","","","","","","","","","","","","","","","","","","","","","","","","","","","","","","","","","","","","","","","","","","","","","","","","","","","","","","","","","","","","","",""
"USW00023272","2024-01-13T08:59:00","37.7705","-122.4269","45.7","SAN FRANCISCO DOWNTOWN, CA US","FM-15","343","","","","1.0","","","","","","","","","","","","","","","","","","","","","","","","","","","","","","","","","","","","","","","","","","","","","","","","","","","","","","","","","","","","","","","","","","","","","","","","","","","","","","","","","","","","","","","","","","","","","","","","","","","","","","","","","","","","","","","","",""
"USW00023272","2024-01-13T09:59:00","37.7705","-122.4269","45.7","SAN FRANCISCO DOWNTOWN, CA US","FM-15","343","","","","0.5","","","","","","","","","","","","","","","","","","","","","","","","","","","","","","","","","","","","","","","","","","","","","","","","","","","","","","","","","","","","","","","","","","","","","","","","","","","","","","","","","","","","","","","","","","","","","","","","","","","","","","","","","","","","","","","","",""
"USW00023272","2024-01-13T12:59:00","37.7705","-122.4269","45.7","SAN FRANCISCO DOWNTOWN, CA US","FM-15","343","","","","0.5","","","","","","","","","","","","","","","","","","","","","","","","","","","","","","","","","","","","","","","","","","","","","","","","","","","","","","","","","","","","","","","","","","","","","","","","","","","","","","","","","","","","","","","","","","","","","","","","","","","","","","","","","","","","","","","","",""
"USW00023272","2024-01-13T13:59:00","37.7705","-122.4269","45.7","SAN FRANCISCO DOWNTOWN, CA US","FM-15","343","","","","0.5","","","","","","","","","","","","","","","","","","","","","","","","","","","","","","","","","","","","","","","","","","","","","","","","","","","","","","","","","","","","","","","","","","","","","","","","","","","","","","","","","","","","","","","","","","","","","","","","","","","","","","","","","","","","","","","","",""
"USW00023272","2024-01-13T14:59:00","37.7705","-122.4269","45.7","SAN FRANCISCO DOWNTOWN, CA US","FM-15","343","","","","0.8","","","","","","","","","","","","","","","","","","","","","","","","","","","","","","","","","","","","","","","","","","","","","","","","","","","","","","","","","","","","","","","","","","","","","","","","","","","","","","","","","","","","","","","","","","","","","","","","","","","","","","","","","","","","","","","","",""
"USW00023272","2024-01-13T15:59:00","37.7705","-122.4269","45.7","SAN FRANCISCO DOWNTOWN, CA US","FM-15","343","","","","0.8","","","","","","","","","","","","","","","","","","","","","","","","","","","","","","","","","","","","","","","","","","","","","","","","","","","","","","","","","","","","","","","","","","","","","","","","","","","","","","","","","","","","","","","","","","","","","","","","","","","","","","","","","","","","","","","","",""
"USW00023272","2024-01-13T16:59:00","37.7705","-122.4269","45.7","SAN FRANCISCO DOWNTOWN, CA US","FM-15","343","","","","1.0","","","","","","","","","","","","","","","","","","","","","","","","","","","","","","","","","","","","","","","","","","","","","","","","","","","","","","","","","","","","","","","","","","","","","","","","","","","","","","","","","","","","","","","","","","","","","","","","","","","","","","","","","","","","","","","","",""
"USW00023272","2024-01-13T17:59:00","37.7705","-122.4269","45.7","SAN FRANCISCO DOWNTOWN, CA US","FM-15","343","","","","0.8","","","","","","","","","","","","","","","","","","","","","","","","","","","","","","","","","","","","","","","","","","","","","","","","","","","","","","","","","","","","","","","","","","","","","","","","","","","","","","","","","","","","","","","","","","","","","","","","","","","","","","","","","","","","","","","","",""
"USW00023272","2024-01-13T18:59:00","37.7705","-122.4269","45.7","SAN FRANCISCO DOWNTOWN, CA US","FM-15","343","","","","1.3","","","","","","","","","","","","","","","","","","","","","","","","","","","","","","","","","","","","","","","","","","","","","","","","","","","","","","","","","","","","","","","","","","","","","","","","","","","","","","","","","","","","","","","","","","","","","","","","","","","","","","","","","","","","","","","","",""
"USW00023272","2024-01-13T19:59:00","37.7705","-122.4269","45.7","SAN FRANCISCO DOWNTOWN, CA US","FM-15","343","","","","4.1","","","","","","","","","","","","","","","","","","","","","","","","","","","","","","","","","","","","","","","","","","","","","","","","","","","","","","","","","","","","","","","","","","","","","","","","","","","","","","","","","","","","","","","","","","","","","","","","","","","","","","","","","","","","","","","","",""
"USW00023272","2024-01-13T20:59:00","37.7705","-122.4269","45.7","SAN FRANCISCO DOWNTOWN, CA US","FM-15","343","","","","5.3","","","","","","","","","","","","","","","","","","","","","","","","","","","","","","","","","","","","","","","","","","","","","","","","","","","","","","","","","","","","","","","","","","","","","","","","","","","","","","","","","","","","","","","","","","","","","","","","","","","","","","","","","","","","","","","","",""
"USW00023272","2024-01-13T21:59:00","37.7705","-122.4269","45.7","SAN FRANCISCO DOWNTOWN, CA US","FM-15","343","","","","3.6","","","","","","","","","","","","","","","","","","","","","","","","","","","","","","","","","","","","","","","","","","","","","","","","","","","","","","","","","","","","","","","","","","","","","","","","","","","","","","","","","","","","","","","","","","","","","","","","","","","","","","","","","","","","","","","","",""
"USW00023272","2024-01-13T22:59:00","37.7705","-122.4269","45.7","SAN FRANCISCO DOWNTOWN, CA US","FM-15","343","","","","1.3","","","","","","","","","","","","","","","","","","","","","","","","","","","","","","","","","","","","","","","","","","","","","","","","","","","","","","","","","","","","","","","","","","","","","","","","","","","","","","","","","","","","","","","","","","","","","","","","","","","","","","","","","","","","","","","","",""
"USW00023272","2024-01-13T23:59:00","37.7705","-122.4269","45.7","SAN FRANCISCO DOWNTOWN, CA US","FM-15","343","","","","1.3","","","","","","","","","","","","","","","","","","","","","","","","","","","","","","","","","","","","","","","","","","","","","","","","","","","","","","","","","","","","","","","","","","","","","","","","","","","","","","","","","","","","","","","","","","","","","","","","","","","","","","","","","","","","","","","","",""
"USW00023272","2024-01-14T00:00:00","37.7705","-122.4269","45.7","SAN FRANCISCO DOWNTOWN, CA US","SOD","","","","","","","","","","","","","","","","","","0725","1713","","12.2","","","","","","0","1.09","6.1","15.0","9.4","","","0.5","0.0","","","","","","","","","","","","","","","","","","","","","","","","","","","","","","","","","","","","","","","","","","","","","","","","","","","","","","","","","","","","","","","","","","","","","","","","","","","","","","","","","","",""
"USW00023272","2024-01-14T00:59:00","37.7705","-122.4269","45.7","SAN FRANCISCO DOWNTOWN, CA US","FM-15","343","","","","0.3","","","","","","","","","","","","","","","","","","","","","","","","","","","","","","","","","","","","","","","","","","","","","","","","","","","","","","","","","","","","","","","","","","","","","","","","","","","","","","","","","","","","","","","","","","","","","","","","","","","","","","","","","","","","","","","","",""
"USW00023272","2024-01-14T01:59:00","37.7705","-122.4269","45.7","SAN FRANCISCO DOWNTOWN, CA US","FM-15","343","","","","0.3","","","","","","","","","","","","","","","","","","","","","","","","","","","","","","","","","","","","","","","","","","","","","","","","","","","","","","","","","","","","","","","","","","","","","","","","","","","","","","","","","","","","","","","","","","","","","","","","","","","","","","","","","","","","","","","","",""
"USW00023272","2024-01-15T00:00:00","37.7705","-122.4269","45.7","SAN FRANCISCO DOWNTOWN, CA US","SOD","","","","","","","","","","","","","","","","","","0724","1714","","12.2","","","","","","0","1.09","6.1","15.0","9.4","","","0.0","0.0","","","","","","","","","","","","","","","","","","","","","","","","","","","","","","","","","","","","","","","","","","","","","","","","","","","","","","","","","","","","","","","","","","","","","","","","","","","","","","","","","","",""
"USW00023272","2024-01-16T00:00:00","37.7705","-122.4269","45.7","SAN FRANCISCO DOWNTOWN, CA US","SOD","","","","","","","","","","","","","","","","","","0724","1715","","11.7","","","","","","0","0.53","6.6","13.9","9.4","","","15.2","0.0","","","","","","","","","","","","","","","","","","","","","","","","","","","","","","","","","","","","","","","","","","","","","","","","","","","","","","","","","","","","","","","","","","","","","","","","","","","","","","","","","","",""
"USW00023272","2024-01-16T08:59:00","37.7705","-122.4269","45.7","SAN FRANCISCO DOWNTOWN, CA US","FM-15","343","","","","0.3","","","","","","","","","","","","","","","","","","","","","","","","","","","","","","","","","","","","","","","","","","","","","","","","","","","","","","","","","","","","","","","","","","","","","","","","","","","","","","","","","","","","","","","","","","","","","","","","","","","","","","","","","","","","","","","","",""
"USW00023272","2024-01-16T14:59:00","37.7705","-122.4269","45.7","SAN FRANCISCO DOWNTOWN, CA US","FM-15","343","","","","0.8","","","","","","","","","","","","","","","","","","","","","","","","","","","","","","","","","","","","","","","","","","","","","","","","","","","","","","","","","","","","","","","","","","","","","","","","","","","","","","","","","","","","","","","","","","","","","","","","","","","","","","","","","","","","","","","","",""
"USW00023272","2024-01-16T15:59:00","37.7705","-122.4269","45.7","SAN FRANCISCO DOWNTOWN, CA US","FM-15","343","","","","0.5","","","","","","","","","","","","","","","","","","","","","","","","","","","","","","","","","","","","","","","","","","","","","","","","","","","","","","","","","","","","","","","","","","","","","","","","","","","","","","","","","","","","","","","","","","","","","","","","","","","","","","","","","","","","","","","","",""
"USW00023272","2024-01-16T16:59:00","37.7705","-122.4269","45.7","SAN FRANCISCO DOWNTOWN, CA US","FM-15","343","","","","0.3","","","","","","","","","","","","","","","","","","","","","","","","","","","","","","","","","","","","","","","","","","","","","","","","","","","","","","","","","","","","","","","","","","","","","","","","","","","","","","","","","","","","","","","","","","","","","","","","","","","","","","","","","","","","","","","","",""
"USW00023272","2024-01-16T17:59:00","37.7705","-122.4269","45.7","SAN FRANCISCO DOWNTOWN, CA US","FM-15","343","","","","3.0","","","","","","","","","","","","","","","","","","","","","","","","","","","","","","","","","","","","","","","","","","","","","","","","","","","","","","","","","","","","","","","","","","","","","","","","","","","","","","","","","","","","","","","","","","","","","","","","","","","","","","","","","","","","","","","","",""
"USW00023272","2024-01-16T18:59:00","37.7705","-122.4269","45.7","SAN FRANCISCO DOWNTOWN, CA US","FM-15","343","","","","4.6","","","","","","","","","","","","","","","","","","","","","","","","","","","","","","","","","","","","","","","","","","","","","","","","","","","","","","","","","","","","","","","","","","","","","","","","","","","","","","","","","","","","","","","","","","","","","","","","","","","","","","","","","","","","","","","","",""
"USW00023272","2024-01-16T19:59:00","37.7705","-122.4269","45.7","SAN FRANCISCO DOWNTOWN, CA US","FM-15","343","","","","2.8","","","","","","","","","","","","","","","","","","","","","","","","","","","","","","","","","","","","","","","","","","","","","","","","","","","","","","","","","","","","","","","","","","","","","","","","","","","","","","","","","","","","","","","","","","","","","","","","","","","","","","","","","","","","","","","","",""
"USW00023272","2024-01-16T20:59:00","37.7705","-122.4269","45.7","SAN FRANCISCO DOWNTOWN, CA US","FM-15","343","","","","1.5","","","","","","","","","","","","","","","","","","","","","","","","","","","","","","","","","","","","","","","","","","","","","","","","","","","","","","","","","","","","","","","","","","","","","","","","","","","","","","","","","","","","","","","","","","","","","","","","","","","","","","","","","","","","","","","","",""
"USW00023272","2024-01-16T21:59:00","37.7705","-122.4269","45.7","SAN FRANCISCO DOWNTOWN, CA US","FM-15","343","","","","1.0","","","","","","","","","","","","","","","","","","","","","","","","","","","","","","","","","","","","","","","","","","","","","","","","","","","","","","","","","","","","","","","","","","","","","","","","","","","","","","","","","","","","","","","","","","","","","","","","","","","","","","","","","","","","","","","","",""
"USW00023272","2024-01-16T23:59:00","37.7705","-122.4269","45.7","SAN FRANCISCO DOWNTOWN, CA US","FM-15","343","","","","0.5","","","","","","","","","","","","","","","","","","","","","","","","","","","","","","","","","","","","","","","","","","","","","","","","","","","","","","","","","","","","","","","","","","","","","","","","","","","","","","","","","","","","","","","","","","","","","","","","","","","","","","","","","","","","","","","","",""
"USW00023272","2024-01-17T00:00:00","37.7705","-122.4269","45.7","SAN FRANCISCO DOWNTOWN, CA US","SOD","","","","","","","","","","","","","","","","","","0724","1716","","12.8","","","","","","0","1.58","5.5","15.0","10.6","","","0.5","0.0","","","","","","","","","","","","","","","","","","","","","","","","","","","","","","","","","","","","","","","","","","","","","","","","","","","","","","","","","","","","","","","","","","","","","","","","","","","","","","","","","","",""
"USW00023272","2024-01-17T00:59:00","37.7705","-122.4269","45.7","SAN FRANCISCO DOWNTOWN, CA US","FM-15","343","","","","0.5","","","","","","","","","","","","","","","","","","","","","","","","","","","","","","","","","","","","","","","","","","","","","","","","","","","","","","","","","","","","","","","","","","","","","","","","","","","","","","","","","","","","","","","","","","","","","","","","","","","","","","","","","","","","","","","","",""
"USW00023272","2024-01-18T00:00:00","37.7705","-122.4269","45.7","SAN FRANCISCO DOWNTOWN, CA US","SOD","","","","","","","","","","","","","","","","","","0723","1717","","11.9","","","","","","0","0.68","6.4","14.4","9.4","","","0.0","0.0","","","","","","","","","","","","","","","","","","","","","","","","","","","","","","","","","","","","","","","","","","","","","","","","","","","","","","","","","","","","","","","","","","","","","","","","","","","","","","","","","","",""
"USW00023272","2024-01-19T00:00:00","37.7705","-122.4269","45.7","SAN FRANCISCO DOWNTOWN, CA US","SOD","","","","","","","","","","","","","","","","","","0723","1718","","12.0","","","","","","0","0.72","6.3","13.3","10.6","","","6.1","0.0","","","","","","","","","","","","","","","","","","","","","","","","","","","","","","","","","","","","","","","","","","","","","","","","","","","","","","","","","","","","","","","","","","","","","","","","","","","","","","","","","","",""
"USW00023272","2024-01-19T14:59:00","37.7705","-122.4269","45.7","SAN FRANCISCO DOWNTOWN, CA US","FM-15","343","","","","0.5","","","","","","","","","","","","","","","","","","","","","","","","","","","","","","","","","","","","","","","","","","","","","","","","","","","","","","","","","","","","","","","","","","","","","","","","","","","","","","","","","","","","","","","","","","","","","","","","","","","","","","","","","","","","","","","","",""
"USW00023272","2024-01-19T15:59:00","37.7705","-122.4269","45.7","SAN FRANCISCO DOWNTOWN, CA US","FM-15","343","","","","2.0","","","","","","","","","","","","","","","","","","","","","","","","","","","","","","","","","","","","","","","","","","","","","","","","","","","","","","","","","","","","","","","","","","","","","","","","","","","","","","","","","","","","","","","","","","","","","","","","","","","","","","","","","","","","","","","","",""
"USW00023272","2024-01-19T16:59:00","37.7705","-122.4269","45.7","SAN FRANCISCO DOWNTOWN, CA US","FM-15","343","","","","1.3","","","","","","","","","","","","","","","","","","","","","","","","","","","","","","","","","","","","","","","","","","","","","","","","","","","","","","","","","","","","","","","","","","","","","","","","","","","","","","","","","","","","","","","","","","","","","","","","","","","","","","","","","","","","","","","","",""
"USW00023272","2024-01-19T17:59:00","37.7705","-122.4269","45.7","SAN FRANCISCO DOWNTOWN, CA US","FM-15","343","","","","1.3","","","","","","","","","","","","","","","","","","","","","","","","","","","","","","","","","","","","","","","","","","","","","","","","","","","","","","","","","","","","","","","","","","","","","","","","","","","","","","","","","","","","","","","","","","","","","","","","","","","","","","","","","","","","","","","","",""
"USW00023272","2024-01-19T18:59:00","37.7705","-122.4269","45.7","SAN FRANCISCO DOWNTOWN, CA US","FM-15","343","","","","0.3","","","","","","","","","","","","","","","","","","","","","","","","","","","","","","","","","","","","","","","","","","","","","","","","","","","","","","","","","","","","","","","","","","","","","","","","","","","","","","","","","","","","","","","","","","","","","","","","","","","","","","","","","","","","","","","","",""
"USW00023272","2024-01-19T21:59:00","37.7705","-122.4269","45.7","SAN FRANCISCO DOWNTOWN, CA US","FM-15","343","","","","0.3","","","","","","","","","","","","","","","","","","","","","","","","","","","","","","","","","","","","","","","","","","","","","","","","","","","","","","","","","","","","","","","","","","","","","","","","","","","","","","","","","","","","","","","","","","","","","","","","","","","","","","","","","","","","","","","","",""
"USW00023272","2024-01-19T22:59:00","37.7705","-122.4269","45.7","SAN FRANCISCO DOWNTOWN, CA US","FM-15","343","","","","0.5","","","","","","","","","","","","","","","","","","","","","","","","","","","","","","","","","","","","","","","","","","","","","","","","","","","","","","","","","","","","","","","","","","","","","","","","","","","","","","","","","","","","","","","","","","","","","","","","","","","","","","","","","","","","","","","","",""
"USW00023272","2024-01-20T00:00:00","37.7705","-122.4269","45.7","SAN FRANCISCO DOWNTOWN, CA US","SOD","","","","","","","","","","","","","","","","","","0723","1719","","13.1","","","","","","0","1.82","5.2","14.4","11.7","","","4.8","0.0","","","","","","","","","","","","","","","","","","","","","","","","","","","","","","","","","","","","","","","","","","","","","","","","","","","","","","","","","","","","","","","","","","","","","","","","","","","","","","","","","","",""
"USW00023272","2024-01-20T06:59:00","37.7705","-122.4269","45.7","SAN FRANCISCO DOWNTOWN, CA US","FM-15","343","","","","0.3","","","","","","","","","","","","","","","","","","","","","","","","","","","","","","","","","","","","","","","","","","","","","","","","","","","","","","","","","","","","","","","","","","","","","","","","","","","","","","","","","","","","","","","","","","","","","","","","","","","","","","","","","","","","","","","","",""
"USW00023272","2024-01-20T07:59:00","37.7705","-122.4269","45.7","SAN FRANCISCO DOWNTOWN, CA US","FM-15","343","","","","0.5","","","","","","","","","","","","","","","","","","","","","","","","","","","","","","","","","","","","","","","","","","","","","","","","","","","","","","","","","","","","","","","","","","","","","","","","","","","","","","","","","","","","","","","","","","","","","","","","","","","","","","","","","","","","","","","","",""
"USW00023272","2024-01-20T08:59:00","37.7705","-122.4269","45.7","SAN FRANCISCO DOWNTOWN, CA US","FM-15","343","","","","1.0","","","","","","","","","","","","","","","","","","","","","","","","","","","","","","","","","","","","","","","","","","","","","","","","","","","","","","","","","","","","","","","","","","","","","","","","","","","","","","","","","","","","","","","","","","","","","","","","","","","","","","","","","","","","","","","","",""
"USW00023272","2024-01-20T09:59:00","37.7705","-122.4269","45.7","SAN FRANCISCO DOWNTOWN, CA US","FM-15","343","","","","0.3","","","","","","","","","","","","","","","","","","","","","","","","","","","","","","","","","","","","","","","","","","","","","","","","","","","","","","","","","","","","","","","","","","","","","","","","","","","","","","","","","","","","","","","","","","","","","","","","","","","","","","","","","","","","","","","","",""
"USW00023272","2024-01-20T10:59:00","37.7705","-122.4269","45.7","SAN FRANCISCO DOWNTOWN, CA US","FM-15","343","","","","0.5","","","","","","","","","","","","","","","","","","","","","","","","","","","","","","","","","","","","","","","","","","","","","","","","","","","","","","","","","","","","","","","","","","","","","","","","","","","","","","","","","","","","","","","","","","","","","","","","","","","","","","","","","","","","","","","","",""
"USW00023272","2024-01-20T11:59:00","37.7705","-122.4269","45.7","SAN FRANCISCO DOWNTOWN, CA US","FM-15","343","","","","0.3","","","","","","","","","","","","","","","","","","","","","","","","","","","","","","","","","","","","","","","","","","","","","","","","","","","","","","","","","","","","","","","","","","","","","","","","","","","","","","","","","","","","","","","","","","","","","","","","","","","","","","","","","","","","","","","","",""
"USW00023272","2024-01-20T12:59:00","37.7705","-122.4269","45.7","SAN FRANCISCO DOWNTOWN, CA US","FM-15","343","","","","0.5","","","","","","","","","","","","","","","","","","","","","","","","","","","","","","","","","","","","","","","","","","","","","","","","","","","","","","","","","","","","","","","","","","","","","","","","","","","","","","","","","","","","","","","","","","","","","","","","","","","","","","","","","","","","","","","","",""
"USW00023272","2024-01-20T16:59:00","37.7705","-122.4269","45.7","SAN FRANCISCO DOWNTOWN, CA US","FM-15","343","","","","0.3","","","","","","","","","","","","","","","","","","","","","","","","","","","","","","","","","","","","","","","","","","","","","","","","","","","","","","","","","","","","","","","","","","","","","","","","","","","","","","","","","","","","","","","","","","","","","","","","","","","","","","","","","","","","","","","","",""
"USW00023272","2024-01-20T17:59:00","37.7705","-122.4269","45.7","SAN FRANCISCO DOWNTOWN, CA US","FM-15","343","","","","0.5","","","","","","","","","","","","","","","","","","","","","","","","","","","","","","","","","","","","","","","","","","","","","","","","","","","","","","","","","","","","","","","","","","","","","","","","","","","","","","","","","","","","","","","","","","","","","","","","","","","","","","","","","","","","","","","","",""
"USW00023272","2024-01-20T18:59:00","37.7705","-122.4269","45.7","SAN FRANCISCO DOWNTOWN, CA US","FM-15","343","","","","0.5","","","","","","","","","","","","","","","","","","","","","","","","","","","","","","","","","","","","","","","","","","","","","","","","","","","","","","","","","","","","","","","","","","","","","","","","","","","","","","","","","","","","","","","","","","","","","","","","","","","","","","","","","","","","","","","","",""
"USW00023272","2024-01-20T23:59:00","37.7705","-122.4269","45.7","SAN FRANCISCO DOWNTOWN, CA US","FM-15","343","","","","0.3","","","","","","","","","","","","","","","","","","","","","","","","","","","","","","","","","","","","","","","","","","","","","","","","","","","","","","","","","","","","","","","","","","","","","","","","","","","","","","","","","","","","","","","","","","","","","","","","","","","","","","","","","","","","","","","","",""
"USW00023272","2024-01-21T00:00:00","37.7705","-122.4269","45.7","SAN FRANCISCO DOWNTOWN, CA US","SOD","","","","","","","","","","","","","","","","","","0722","1720","","13.9","","","","","","0","2.57","4.4","16.1","11.7","","","13.7","0.0","","","","","","","","","","","","","","","","","","","","","","","","","","","","","","","","","","","","","","","","","","","","","","","","","","","","","","","","","","","","","","","","","","","","","","","","","","","","","","","","","","",""
"USW00023272","2024-01-21T00:59:00","37.7705","-122.4269","45.7","SAN FRANCISCO DOWNTOWN, CA US","FM-15","343","","","","0.3","","","","","","","","","","","","","","","","","","","","","","","","","","","","","","","","","","","","","","","","","","","","","","","","","","","","","","","","","","","","","","","","","","","","","","","","","","","","","","","","","","","","","","","","","","","","","","","","","","","","","","","","","","","","","","","","",""
"USW00023272","2024-01-21T02:59:00","37.7705","-122.4269","45.7","SAN FRANCISCO DOWNTOWN, CA US","FM-15","343","","","","0.3","","","","","","","","","","","","","","","","","","","","","","","","","","","","","","","","","","","","","","","","","","","","","","","","","","","","","","","","","","","","","","","","","","","","","","","","","","","","","","","","","","","","","","","","","","","","","","","","","","","","","","","","","","","","","","","","",""
"USW00023272","2024-01-21T03:59:00","37.7705","-122.4269","45.7","SAN FRANCISCO DOWNTOWN, CA US","FM-15","343","","","","0.3","","","","","","","","","","","","","","","","","","","","","","","","","","","","","","","","","","","","","","","","","","","","","","","","","","","","","","","","","","","","","","","","","","","","","","","","","","","","","","","","","","","","","","","","","","","","","","","","","","","","","","","","","","","","","","","","",""
"USW00023272","2024-01-21T18:59:00","37.7705","-122.4269","45.7","SAN FRANCISCO DOWNTOWN, CA US","FM-15","343","","","","1.3","","","","","","","","","","","","","","","","","","","","","","","","","","","","","","","","","","","","","","","","","","","","","","","","","","","","","","","","","","","","","","","","","","","","","","","","","","","","","","","","","","","","","","","","","","","","","","","","","","","","","","","","","","","","","","","","",""
"USW00023272","2024-01-21T19:59:00","37.7705","-122.4269","45.7","SAN FRANCISCO DOWNTOWN, CA US","FM-15","343","","","","0.8","","","","","","","","","","","","","","","","","","","","","","","","","","","","","","","","","","","","","","","","","","","","","","","","","","","","","","","","","","","","","","","","","","","","","","","","","","","","","","","","","","","","","","","","","","","","","","","","","","","","","","","","","","","","","","","","",""
"USW00023272","2024-01-21T20:59:00","37.7705","-122.4269","45.7","SAN FRANCISCO DOWNTOWN, CA US","FM-15","343","","","","2.5","","","","","","","","","","","","","","","","","","","","","","","","","","","","","","","","","","","","","","","","","","","","","","","","","","","","","","","","","","","","","","","","","","","","","","","","","","","","","","","","","","","","","","","","","","","","","","","","","","","","","","","","","","","","","","","","",""
"USW00023272","2024-01-21T21:59:00","37.7705","-122.4269","45.7","SAN FRANCISCO DOWNTOWN, CA US","FM-15","343","","","","2.5","","","","","","","","","","","","","","","","","","","","","","","","","","","","","","","","","","","","","","","","","","","","","","","","","","","","","","","","","","","","","","","","","","","","","","","","","","","","","","","","","","","","","","","","","","","","","","","","","","","","","","","","","","","","","","","","",""
"USW00023272","2024-01-21T22:59:00","37.7705","-122.4269","45.7","SAN FRANCISCO DOWNTOWN, CA US","FM-15","343","","","","2.8","","","","","","","","","","","","","","","","","","","","","","","","","","","","","","","","","","","","","","","","","","","","","","","","","","","","","","","","","","","","","","","","","","","","","","","","","","","","","","","","","","","","","","","","","","","","","","","","","","","","","","","","","","","","","","","","",""
"USW00023272","2024-01-21T23:59:00","37.7705","-122.4269","45.7","SAN FRANCISCO DOWNTOWN, CA US","FM-15","343","","","","3.0","","","","","","","","","","","","","","","","","","","","","","","","","","","","","","","","","","","","","","","","","","","","","","","","","","","","","","","","","","","","","","","","","","","","","","","","","","","","","","","","","","","","","","","","","","","","","","","","","","","","","","","","","","","","","","","","",""
"USW00023272","2024-01-22T00:00:00","37.7705","-122.4269","45.7","SAN FRANCISCO DOWNTOWN, CA US","SOD","","","","","","","","","","","","","","","","","","0722","1721","","13.4","","","","","","0","2.01","4.9","15.0","11.7","","","19.6","0.0","","","","","","","","","","","","","","","","","","","","","","","","","","","","","","","","","","","","","","","","","","","","","","","","","","","","","","","","","","","","","","","","","","","","","","","","","","","","","","","","","","",""
"USW00023272","2024-01-22T00:59:00","37.7705","-122.4269","45.7","SAN FRANCISCO DOWNTOWN, CA US","FM-15","343","","","","2.3","","","","","","","","","","","","","","","","","","","","","","","","","","","","","","","","","","","","","","","","","","","","","","","","","","","","","","","","","","","","","","","","","","","","","","","","","","","","","","","","","","","","","","","","","","","","","","","","","","","","","","","","","","","","","","","","",""
"USW00023272","2024-01-22T01:59:00","37.7705","-122.4269","45.7","SAN FRANCISCO DOWNTOWN, CA US","FM-15","343","","","","3.8","","","","","","","","","","","","","","","","","","","","","","","","","","","","","","","","","","","","","","","","","","","","","","","","","","","","","","","","","","","","","","","","","","","","","","","","","","","","","","","","","","","","","","","","","","","","","","","","","","","","","","","","","","","","","","","","",""
"USW00023272","2024-01-22T02:59:00","37.7705","-122.4269","45.7","SAN FRANCISCO DOWNTOWN, CA US","FM-15","343","","","","4.1","","","","","","","","","","","","","","","","","","","","","","","","","","","","","","","","","","","","","","","","","","","","","","","","","","","","","","","","","","","","","","","","","","","","","","","","","","","","","","","","","","","","","","","","","","","","","","","","","","","","","","","","","","","","","","","","",""
"USW00023272","2024-01-22T03:59:00","37.7705","-122.4269","45.7","SAN FRANCISCO DOWNTOWN, CA US","FM-15","343","","","","0.3","","","","","","","","","","","","","","","","","","","","","","","","","","","","","","","","","","","","","","","","","","","","","","","","","","","","","","","","","","","","","","","","","","","","","","","","","","","","","","","","","","","","","","","","","","","","","","","","","","","","","","","","","","","","","","","","",""
"USW00023272","2024-01-22T06:59:00","37.7705","-122.4269","45.7","SAN FRANCISCO DOWNTOWN, CA US","FM-15","343","","","","0.5","","","","","","","","","","","","","","","","","","","","","","","","","","","","","","","","","","","","","","","","","","","","","","","","","","","","","","","","","","","","","","","","","","","","","","","","","","","","","","","","","","","","","","","","","","","","","","","","","","","","","","","","","","","","","","","","",""
"USW00023272","2024-01-22T07:59:00","37.7705","-122.4269","45.7","SAN FRANCISCO DOWNTOWN, CA US","FM-15","343","","","","1.0","","","","","","","","","","","","","","","","","","","","","","","","","","","","","","","","","","","","","","","","","","","","","","","","","","","","","","","","","","","","","","","","","","","","","","","","","","","","","","","","","","","","","","","","","","","","","","","","","","","","","","","","","","","","","","","","",""
"USW00023272","2024-01-22T08:59:00","37.7705","-122.4269","45.7","SAN FRANCISCO DOWNTOWN, CA US","FM-15","343","","","","6.1","","","","","","","","","","","","","","","","","","","","","","","","","","","","","","","","","","","","","","","","","","","","","","","","","","","","","","","","","","","","","","","","","","","","","","","","","","","","","","","","","","","","","","","","","","","","","","","","","","","","","","","","","","","","","","","","",""
"USW00023272","2024-01-22T09:59:00","37.7705","-122.4269","45.7","SAN FRANCISCO DOWNTOWN, CA US","FM-15","343","","","","1.3","","","","","","","","","","","","","","","","","","","","","","","","","","","","","","","","","","","","","","","","","","","","","","","","","","","","","","","","","","","","","","","","","","","","","","","","","","","","","","","","","","","","","","","","","","","","","","","","","","","","","","","","","","","","","","","","",""
"USW00023272","2024-01-22T10:59:00","37.7705","-122.4269","45.7","SAN FRANCISCO DOWNTOWN, CA US","FM-15","343","","","","0.3","","","","","","","","","","","","","","","","","","","","","","","","","","","","","","","","","","","","","","","","","","","","","","","","","","","","","","","","","","","","","","","","","","","","","","","","","","","","","","","","","","","","","","","","","","","","","","","","","","","","","","","","","","","","","","","","",""
"USW00023272","2024-01-23T00:00:00","37.7705","-122.4269","45.7","SAN FRANCISCO DOWNTOWN, CA US","SOD","","","","","","","","","","","","","","","","","","0721","1722","","13.4","","","","","","0","2.01","4.9","15.6","11.1","","","0.0","0.0","","","","","","","","","","","","","","","","","","","","","","","","","","","","","","","","","","","","","","","","","","","","","","","","","","","","","","","","","","","","","","","","","","","","","","","","","","","","","","","","","","",""
"USW00023272","2024-01-24T00:00:00","37.7705","-122.4269","45.7","SAN FRANCISCO DOWNTOWN, CA US","SOD","","","","","","","","","","","","","","","","","","0720","1723","","13.1","","","","","","0","1.66","5.2","15.0","11.1","","","15.0","0.0","","","","","","","","","","","","","","","","","","","","","","","","","","","","","","","","","","","","","","","","","","","","","","","","","","","","","","","","","","","","","","","","","","","","","","","","","","","","","","","","","","",""
"USW00023272","2024-01-24T00:59:00","37.7705","-122.4269","45.7","SAN FRANCISCO DOWNTOWN, CA US","FM-15","343","","","","0.8","","","","","","","","","","","","","","","","","","","","","","","","","","","","","","","","","","","","","","","","","","","","","","","","","","","","","","","","","","","","","","","","","","","","","","","","","","","","","","","","","","","","","","","","","","","","","","","","","","","","","","","","","","","","","","","","",""
"USW00023272","2024-01-24T01:59:00","37.7705","-122.4269","45.7","SAN FRANCISCO DOWNTOWN, CA US","FM-15","343","","","","0.3","","","","","","","","","","","","","","","","","","","","","","","","","","","","","","","","","","","","","","","","","","","","","","","","","","","","","","","","","","","","","","","","","","","","","","","","","","","","","","","","","","","","","","","","","","","","","","","","","","","","","","","","","","","","","","","","",""
"USW00023272","2024-01-24T02:59:00","37.7705","-122.4269","45.7","SAN FRANCISCO DOWNTOWN, CA US","FM-15","343","","","","0.3","","","","","","","","","","","","","","","","","","","","","","","","","","","","","","","","","","","","","","","","","","","","","","","","","","","","","","","","","","","","","","","","","","","","","","","","","","","","","","","","","","","","","","","","","","","","","","","","","","","","","","","","","","","","","","","","",""
"USW00023272","2024-01-24T03:59:00","37.7705","-122.4269","45.7","SAN FRANCISCO DOWNTOWN, CA US","FM-15","343","","","","1.0","","","","","","","","","","","","","","","","","","","","","","","","","","","","","","","","","","","","","","","","","","","","","","","","","","","","","","","","","","","","","","","","","","","","","","","","","","","","","","","","","","","","","","","","","","","","","","","","","","","","","","","","","","","","","","","","",""
"USW00023272","2024-01-24T04:59:00","37.7705","-122.4269","45.7","SAN FRANCISCO DOWNTOWN, CA US","FM-15","343","","","","1.0","","","","","","","","","","","","","","","","","","","","","","","","","","","","","","","","","","","","","","","","","","","","","","","","","","","","","","","","","","","","","","","","","","","","","","","","","","","","","","","","","","","","","","","","","","","","","","","","","","","","","","","","","","","","","","","","",""
"USW00023272","2024-01-24T06:59:00","37.7705","-122.4269","45.7","SAN FRANCISCO DOWNTOWN, CA US","FM-15","343","","","","3.3","","","","","","","","","","","","","","","","","","","","","","","","","","","","","","","","","","","","","","","","","","","","","","","","","","","","","","","","","","","","","","","","","","","","","","","","","","","","","","","","","","","","","","","","","","","","","","","","","","","","","","","","","","","","","","","","",""
"USW00023272","2024-01-24T07:59:00","37.7705","-122.4269","45.7","SAN FRANCISCO DOWNTOWN, CA US","FM-15","343","","","","4.6","","","","","","","","","","","","","","","","","","","","","","","","","","","","","","","","","","","","","","","","","","","","","","","","","","","","","","","","","","","","","","","","","","","","","","","","","","","","","","","","","","","","","","","","","","","","","","","","","","","","","","","","","","","","","","","","",""
"USW00023272","2024-01-24T08:59:00","37.7705","-122.4269","45.7","SAN FRANCISCO DOWNTOWN, CA US","FM-15","343","","","","0.5","","","","","","","","","","","","","","","","","","","","","","","","","","","","","","","","","","","","","","","","","","","","","","","","","","","","","","","","","","","","","","","","","","","","","","","","","","","","","","","","","","","","","","","","","","","","","","","","","","","","","","","","","","","","","","","","",""
"USW00023272","2024-01-24T09:59:00","37.7705","-122.4269","45.7","SAN FRANCISCO DOWNTOWN, CA US","FM-15","343","","","","1.0","","","","","","","","","","","","","","","","","","","","","","","","","","","","","","","","","","","","","","","","","","","","","","","","","","","","","","","","","","","","","","","","","","","","","","","","","","","","","","","","","","","","","","","","","","","","","","","","","","","","","","","","","","","","","","","","",""
"USW00023272","2024-01-24T12:59:00","37.7705","-122.4269","45.7","SAN FRANCISCO DOWNTOWN, CA US","FM-15","343","","","","0.8","","","","","","","","","","","","","","","","","","","","","","","","","","","","","","","","","","","","","","","","","","","","","","","","","","","","","","","","","","","","","","","","","","","","","","","","","","","","","","","","","","","","","","","","","","","","","","","","","","","","","","","","","","","","","","","","",""
"USW00023272","2024-01-24T13:59:00","37.7705","-122.4269","45.7","SAN FRANCISCO DOWNTOWN, CA US","FM-15","343","","","","0.8","","","","","","","","","","","","","","","","","","","","","","","","","","","","","","","","","","","","","","","","","","","","","","","","","","","","","","","","","","","","","","","","","","","","","","","","","","","","","","","","","","","","","","","","","","","","","","","","","","","","","","","","","","","","","","","","",""
"USW00023272","2024-01-24T14:59:00","37.7705","-122.4269","45.7","SAN FRANCISCO DOWNTOWN, CA US","FM-15","343","","","","0.8","","","","","","","","","","","","","","","","","","","","","","","","","","","","","","","","","","","","","","","","","","","","","","","","","","","","","","","","","","","","","","","","","","","","","","","","","","","","","","","","","","","","","","","","","","","","","","","","","","","","","","","","","","","","","","","","",""
"USW00023272","2024-01-25T00:00:00","37.7705","-122.4269","45.7","SAN FRANCISCO DOWNTOWN, CA US","SOD","","","","","","","","","","","","","","","","","","0720","1724","","12.8","","","","","","0","1.30","5.5","15.6","10.0","","","0.0","0.0","","","","","","","","","","","","","","","","","","","","","","","","","","","","","","","","","","","","","","","","","","","","","","","","","","","","","","","","","","","","","","","","","","","","","","","","","","","","","","","","","","",""
"USW00023272","2024-01-26T00:00:00","37.7705","-122.4269","45.7","SAN FRANCISCO DOWNTOWN, CA US","SOD","","","","","","","","","","","","","","","","","","0719","1726","","13.9","","","","","","0","2.40","4.4","16.7","11.1","","","0.0","0.0","","","","","","","","","","","","","","","","","","","","","","","","","","","","","","","","","","","","","","","","","","","","","","","","","","","","","","","","","","","","","","","","","","","","","","","","","","","","","","","","","","",""
"USW00023272","2024-01-27T00:00:00","37.7705","-122.4269","45.7","SAN FRANCISCO DOWNTOWN, CA US","SOD","","","","","","","","","","","","","","","","","","0719","1727","","14.2","","","","","","0","2.64","4.1","17.2","11.1","","","0.0","0.0","","","","","","","","","","","","","","","","","","","","","","","","","","","","","","","","","","","","","","","","","","","","","","","","","","","","","","","","","","","","","","","","","","","","","","","","","","","","","","","","","","",""
"USW00023272","2024-01-28T00:00:00","37.7705","-122.4269","45.7","SAN FRANCISCO DOWNTOWN, CA US","SOD","","","","","","","","","","","","","","","","","","0718","1728","","16.7","","","","","","0","5.09","1.6","20.0","13.3","","","0.0","0.0","","","","","","","","","","","","","","","","","","","","","","","","","","","","","","","","","","","","","","","","","","","","","","","","","","","","","","","","","","","","","","","","","","","","","","","","","","","","","","","","","","",""
"USW00023272","2024-01-29T00:00:00","37.7705","-122.4269","45.7","SAN FRANCISCO DOWNTOWN, CA US","SOD","","","","","","","","","","","","","","","","","","0717","1729","","17.3","","","","","","0","5.63","1.0","22.8","11.7","","","0.0","0.0","","","","","","","","","","","","","","","","","","","","","","","","","","","","","","","","","","","","","","","","","","","","","","","","","","","","","","","","","","","","","","","","","","","","","","","","","","","","","","","","","","",""
"USW00023272","2024-01-30T00:00:00","37.7705","-122.4269","45.7","SAN FRANCISCO DOWNTOWN, CA US","SOD","","","","","","","","","","","","","","","","","","0716","1730","","15.6","","","","","","0","3.93","2.7","18.9","12.2","","","0.0","0.0","","","","","","","","","","","","","","","","","","","","","","","","","","","","","","","","","","","","","","","","","","","","","","","","","","","","","","","","","","","","","","","","","","","","","","","","","","","","","","","","","","",""
"USW00023272","2024-01-31T00:00:00","37.7705","-122.4269","45.7","SAN FRANCISCO DOWNTOWN, CA US","SOD","","","","","","","","","","","","","","","","","","0716","1731","","13.7","","","","","","0","1.98","4.6","15.6","11.7","","","42.4","0.0","","","","","","","","","","","","","","","","","","","","","","","","","","","","","","","","","","","","","","","","","","","","","","","","","","","","","","","","","","","","","","","","","","","","","","","","","","","","","","","","","","",""
"USW00023272","2024-01-31T10:59:00","37.7705","-122.4269","45.7","SAN FRANCISCO DOWNTOWN, CA US","FM-15","343","","","","0.3","","","","","","","","","","","","","","","","","","","","","","","","","","","","","","","","","","","","","","","","","","","","","","","","","","","","","","","","","","","","","","","","","","","","","","","","","","","","","","","","","","","","","","","","","","","","","","","","","","","","","","","","","","","","","","","","",""
"USW00023272","2024-01-31T11:59:00","37.7705","-122.4269","45.7","SAN FRANCISCO DOWNTOWN, CA US","FM-15","343","","","","0.5","","","","","","","","","","","","","","","","","","","","","","","","","","","","","","","","","","","","","","","","","","","","","","","","","","","","","","","","","","","","","","","","","","","","","","","","","","","","","","","","","","","","","","","","","","","","","","","","","","","","","","","","","","","","","","","","",""
"USW00023272","2024-01-31T12:59:00","37.7705","-122.4269","45.7","SAN FRANCISCO DOWNTOWN, CA US","FM-15","343","","","","0.8","","","","","","","","","","","","","","","","","","","","","","","","","","","","","","","","","","","","","","","","","","","","","","","","","","","","","","","","","","","","","","","","","","","","","","","","","","","","","","","","","","","","","","","","","","","","","","","","","","","","","","","","","","","","","","","","",""
"USW00023272","2024-01-31T13:59:00","37.7705","-122.4269","45.7","SAN FRANCISCO DOWNTOWN, CA US","FM-15","343","","","","1.5","","","","","","","","","","","","","","","","","","","","","","","","","","","","","","","","","","","","","","","","","","","","","","","","","","","","","","","","","","","","","","","","","","","","","","","","","","","","","","","","","","","","","","","","","","","","","","","","","","","","","","","","","","","","","","","","",""
"USW00023272","2024-01-31T14:59:00","37.7705","-122.4269","45.7","SAN FRANCISCO DOWNTOWN, CA US","FM-15","343","","","","2.0","","","","","","","","","","","","","","","","","","","","","","","","","","","","","","","","","","","","","","","","","","","","","","","","","","","","","","","","","","","","","","","","","","","","","","","","","","","","","","","","","","","","","","","","","","","","","","","","","","","","","","","","","","","","","","","","",""
"USW00023272","2024-01-31T15:59:00","37.7705","-122.4269","45.7","SAN FRANCISCO DOWNTOWN, CA US","FM-15","343","","","","2.3","","","","","","","","","","","","","","","","","","","","","","","","","","","","","","","","","","","","","","","","","","","","","","","","","","","","","","","","","","","","","","","","","","","","","","","","","","","","","","","","","","","","","","","","","","","","","","","","","","","","","","","","","","","","","","","","",""
"USW00023272","2024-01-31T16:59:00","37.7705","-122.4269","45.7","SAN FRANCISCO DOWNTOWN, CA US","FM-15","343","","","","1.5","","","","","","","","","","","","","","","","","","","","","","","","","","","","","","","","","","","","","","","","","","","","","","","","","","","","","","","","","","","","","","","","","","","","","","","","","","","","","","","","","","","","","","","","","","","","","","","","","","","","","","","","","","","","","","","","",""
"USW00023272","2024-01-31T17:59:00","37.7705","-122.4269","45.7","SAN FRANCISCO DOWNTOWN, CA US","FM-15","343","","","","2.8","","","","","","","","","","","","","","","","","","","","","","","","","","","","","","","","","","","","","","","","","","","","","","","","","","","","","","","","","","","","","","","","","","","","","","","","","","","","","","","","","","","","","","","","","","","","","","","","","","","","","","","","","","","","","","","","",""
"USW00023272","2024-01-31T18:59:00","37.7705","-122.4269","45.7","SAN FRANCISCO DOWNTOWN, CA US","FM-15","343","","","","3.8","","","","","","","","","","","","","","","","","","","","","","","","","","","","","","","","","","","","","","","","","","","","","","","","","","","","","","","","","","","","","","","","","","","","","","","","","","","","","","","","","","","","","","","","","","","","","","","","","","","","","","","","","","","","","","","","",""
"USW00023272","2024-01-31T19:59:00","37.7705","-122.4269","45.7","SAN FRANCISCO DOWNTOWN, CA US","FM-15","343","","","","10.4","","","","","","","","","","","","","","","","","","","","","","","","","","","","","","","","","","","","","","","","","","","","","","","","","","","","","","","","","","","","","","","","","","","","","","","","","","","","","","","","","","","","","","","","","","","","","","","","","","","","","","","","","","","","","","","","",""
"USW00023272","2024-01-31T20:59:00","37.7705","-122.4269","45.7","SAN FRANCISCO DOWNTOWN, CA US","FM-15","343","","","","11.9","","","","","","","","","","","","","","","","","","","","","","","","","","","","","","","","","","","","","","","","","","","","","","","","","","","","","","","","","","","","","","","","","","","","","","","","","","","","","","","","","","","","","","","","","","","","","","","","","","","","","","","","","","","","","","","","",""
"USW00023272","2024-01-31T21:59:00","37.7705","-122.4269","45.7","SAN FRANCISCO DOWNTOWN, CA US","FM-15","343","","","","2.0","","","","","","","","","","","","","","","","","","","","","","","","","","","","","","","","","","","","","","","","","","","","","","","","","","","","","","","","","","","","","","","","","","","","","","","","","","","","","","","","","","","","","","","","","","","","","","","","","","","","","","","","","","","","","","","","",""
"USW00023272","2024-01-31T22:59:00","37.7705","-122.4269","45.7","SAN FRANCISCO DOWNTOWN, CA US","FM-15","343","","","","2.0","","","","","","","","","","","","","","","","","","","","","","","","","","","","","","","","","","","","","","","","","","","","","","","","","","","","","","","","","","","","","","","","","","","","","","","","","","","","","","","","","","","","","","","","","","","","","","","","","","","","","","","","","","","","","","","","",""
"USW00023272","2024-01-31T23:59:00","37.7705","-122.4269","45.7","SAN FRANCISCO DOWNTOWN, CA US","FM-15","343","","","","0.5","","","","","","","","","","","","","","","","","","","","","","","","","","","","","","","","","","","","","","","","","","","","","","","","","","","","","","","","","","","","","","","","","","","","","","","","","","","","","","","","","","","","","","","","","","","","","","","","","","","","","","","","","","","","","","","","",""
"USW00023272","2024-02-01T00:00:00","37.7705","-122.4269","45.7","SAN FRANCISCO DOWNTOWN, CA US","SOD","","","","","","","","","","","","","","","","","","0715","1732","","12.5","","","","","","0","0.72","5.8","15.6","9.4","","","27.2","0.0","","","","","","","","","","","","","","","","","","","","","","","","","","","","","","","","","","","","","","","","","","","","","","","","","","","","","","","","","","","","","","","","","","","","","","","","","","","","","","","","","","",""
"USW00023272","2024-02-01T00:00:00","37.7705","-122.4269","45.7","SAN FRANCISCO DOWNTOWN, CA US","SOM","","","","","","","","","","","","","","","","","","","","","","","","","","","","","","","","","","","","","","","","","13","12","0","0","0","0","0.26","-0.11","-2.44","-0.22","0.79","48.2","","40.6","03-04","0","","","","","","","15.56","12.59","","","","9.62","","","159.2","","","","0.0","0.0","","","166.5","","","0.2","304.1","","","","","","","","","","","","","","","","","","","","","","","","","","","","","","","","","","",""
"USW00023272","2024-02-01T00:59:00","37.7705","-122.4269","45.7","SAN FRANCISCO DOWNTOWN, CA US","FM-15","343","","","","0.5","","","","","","","","","","","","","","","","","","","","","","","","","","","","","","","","","","","","","","","","","","","","","","","","","","","","","","","","","","","","","","","","","","","","","","","","","","","","","","","","","","","","","","","","","","","","","","","","","","","","","","","","","","","","","","","","",""
"USW00023272","2024-02-01T01:59:00","37.7705","-122.4269","45.7","SAN FRANCISCO DOWNTOWN, CA US","FM-15","343","","","","1.0","","","","","","","","","","","","","","","","","","","","","","","","","","","","","","","","","","","","","","","","","","","","","","","","","","","","","","","","","","","","","","","","","","","","","","","","","","","","","","","","","","","","","","","","","","","","","","","","","","","","","","","","","","","","","","","","",""
"USW00023272","2024-02-01T02:59:00","37.7705","-122.4269","45.7","SAN FRANCISCO DOWNTOWN, CA US","FM-15","343","","","","0.3","","","","","","","","","","","","","","","","","","","","","","","","","","","","","","","","","","","","","","","","","","","","","","","","","","","","","","","","","","","","","","","","","","","","","","","","","","","","","","","","","","","","","","","","","","","","","","","","","","","","","","","","","","","","","","","","",""
"USW00023272","2024-02-01T03:59:00","37.7705","-122.4269","45.7","SAN FRANCISCO DOWNTOWN, CA US","FM-15","343","","","","6.1","","","","","","","","","","","","","","","","","","","","","","","","","","","","","","","","","","","","","","","","","","","","","","","","","","","","","","","","","","","","","","","","","","","","","","","","","","","","","","","","","","","","","","","","","","","","","","","","","","","","","","","","","","","","","","","","",""
"USW00023272","2024-02-01T04:59:00","37.7705","-122.4269","45.7","SAN FRANCISCO DOWNTOWN, CA US","FM-15","343","","","","7.6","","","","","","","","","","","","","","","","","","","","","","","","","","","","","","","","","","","","","","","","","","","","","","","","","","","","","","","","","","","","","","","","","","","","","","","","","","","","","","","","","","","","","","","","","","","","","","","","","","","","","","","","","","","","","","","","",""
"USW00023272","2024-02-01T05:59:00","37.7705","-122.4269","45.7","SAN FRANCISCO DOWNTOWN, CA US","FM-15","343","","","","1.8","","","","","","","","","","","","","","","","","","","","","","","","","","","","","","","","","","","","","","","","","","","","","","","","","","","","","","","","","","","","","","","","","","","","","","","","","","","","","","","","","","","","","","","","","","","","","","","","","","","","","","","","","","","","","","","","",""
"USW00023272","2024-02-01T06:59:00","37.7705","-122.4269","45.7","SAN FRANCISCO DOWNTOWN, CA US","FM-15","343","","","","4.8","","","","","","","","","","","","","","","","","","","","","","","","","","","","","","","","","","","","","","","","","","","","","","","","","","","","","","","","","","","","","","","","","","","","","","","","","","","","","","","","","","","","","","","","","","","","","","","","","","","","","","","","","","","","","","","","",""
"USW00023272","2024-02-01T07:59:00","37.7705","-122.4269","45.7","SAN FRANCISCO DOWNTOWN, CA US","FM-15","343","","","","0.5","","","","","","","","","","","","","","","","","","","","","","","","","","","","","","","","","","","","","","","","","","","","","","","","","","","","","","","","","","","","","","","","","","","","","","","","","","","","","","","","","","","","","","","","","","","","","","","","","","","","","","","","","","","","","","","","",""
"USW00023272","2024-02-01T11:59:00","37.7705","-122.4269","45.7","SAN FRANCISCO DOWNTOWN, CA US","FM-15","343","","","","0.8","","","","","","","","","","","","","","","","","","","","","","","","","","","","","","","","","","","","","","","","","","","","","","","","","","","","","","","","","","","","","","","","","","","","","","","","","","","","","","","","","","","","","","","","","","","","","","","","","","","","","","","","","","","","","","","","",""
"USW00023272","2024-02-01T14:59:00","37.7705","-122.4269","45.7","SAN FRANCISCO DOWNTOWN, CA US","FM-15","343","","","","0.3","","","","","","","","","","","","","","","","","","","","","","","","","","","","","","","","","","","","","","","","","","","","","","","","","","","","","","","","","","","","","","","","","","","","","","","","","","","","","","","","","","","","","","","","","","","","","","","","","","","","","","","","","","","","","","","","",""
"USW00023272","2024-02-01T16:59:00","37.7705","-122.4269","45.7","SAN FRANCISCO DOWNTOWN, CA US","FM-15","343","","","","0.3","","","","","","","","","","","","","","","","","","","","","","","","","","","","","","","","","","","","","","","","","","","","","","","","","","","","","","","","","","","","","","","","","","","","","","","","","","","","","","","","","","","","","","","","","","","","","","","","","","","","","","","","","","","","","","","","",""
"USW00023272","2024-02-01T18:59:00","37.7705","-122.4269","45.7","SAN FRANCISCO DOWNTOWN, CA US","FM-15","343","","","","0.3","","","","","","","","","","","","","","","","","","","","","","","","","","","","","","","","","","","","","","","","","","","","","","","","","","","","","","","","","","","","","","","","","","","","","","","","","","","","","","","","","","","","","","","","","","","","","","","","","","","","","","","","","","","","","","","","",""
"USW00023272","2024-02-01T19:59:00","37.7705","-122.4269","45.7","SAN FRANCISCO DOWNTOWN, CA US","FM-15","343","","","","2.8","","","","","","","","","","","","","","","","","","","","","","","","","","","","","","","","","","","","","","","","","","","","","","","","","","","","","","","","","","","","","","","","","","","","","","","","","","","","","","","","","","","","","","","","","","","","","","","","","","","","","","","","","","","","","","","","",""
"USW00023272","2024-02-01T22:59:00","37.7705","-122.4269","45.7","SAN FRANCISCO DOWNTOWN, CA US","FM-15","343","","","","0.3","","","","","","","","","","","","","","","","","","","","","","","","","","","","","","","","","","","","","","","","","","","","","","","","","","","","","","","","","","","","","","","","","","","","","","","","","","","","","","","","","","","","","","","","","","","","","","","","","","","","","","","","","","","","","","","","",""
"USW00023272","2024-02-02T00:00:00","37.7705","-122.4269","45.7","SAN FRANCISCO DOWNTOWN, CA US","SOD","","","","","","","","","","","","","","","","","","0714","1733","","11.9","","","","","","0","0.07","6.4","14.4","9.4","","","5.6","0.0","","","","","","","","","","","","","","","","","","","","","","","","","","","","","","","","","","","","","","","","","","","","","","","","","","","","","","","","","","","","","","","","","","","","","","","","","","","","","","","","","","",""
"USW00023272","2024-02-02T00:59:00","37.7705","-122.4269","45.7","SAN FRANCISCO DOWNTOWN, CA US","FM-15","343","","","","0.3","","","","","","","","","","","","","","","","","","","","","","","","","","","","","","","","","","","","","","","","","","","","","","","","","","","","","","","","","","","","","","","","","","","","","","","","","","","","","","","","","","","","","","","","","","","","","","","","","","","","","","","","","","","","","","","","",""
"USW00023272","2024-02-02T04:59:00","37.7705","-122.4269","45.7","SAN FRANCISCO DOWNTOWN, CA US","FM-15","343","","","","0.5","","","","","","","","","","","","","","","","","","","","","","","","","","","","","","","","","","","","","","","","","","","","","","","","","","","","","","","","","","","","","","","","","","","","","","","","","","","","","","","","","","","","","","","","","","","","","","","","","","","","","","","","","","","","","","","","",""
"USW00023272","2024-02-02T06:59:00","37.7705","-122.4269","45.7","SAN FRANCISCO DOWNTOWN, CA US","FM-15","343","","","","1.3","","","","","","","","","","","","","","","","","","","","","","","","","","","","","","","","","","","","","","","","","","","","","","","","","","","","","","","","","","","","","","","","","","","","","","","","","","","","","","","","","","","","","","","","","","","","","","","","","","","","","","","","","","","","","","","","",""
"USW00023272","2024-02-02T07:59:00","37.7705","-122.4269","45.7","SAN FRANCISCO DOWNTOWN, CA US","FM-15","343","","","","3.6","","","","","","","","","","","","","","","","","","","","","","","","","","","","","","","","","","","","","","","","","","","","","","","","","","","","","","","","","","","","","","","","","","","","","","","","","","","","","","","","","","","","","","","","","","","","","","","","","","","","","","","","","","","","","","","","",""
"USW00023272","2024-02-03T00:00:00","37.7705","-122.4269","45.7","SAN FRANCISCO DOWNTOWN, CA US","SOD","","","","","","","","","","","","","","","","","","0713","1734","","10.9","","","","","","0","-0.93","7.4","12.8","8.9","","","10.4","0.0","","","","","","","","","","","","","","","","","","","","","","","","","","","","","","","","","","","","","","","","","","","","","","","","","","","","","","","","","","","","","","","","","","","","","","","","","","","","","","","","","","",""
"USW00023272","2024-02-03T07:59:00","37.7705","-122.4269","45.7","SAN FRANCISCO DOWNTOWN, CA US","FM-15","343","","","","0.3","","","","","","","","","","","","","","","","","","","","","","","","","","","","","","","","","","","","","","","","","","","","","","","","","","","","","","","","","","","","","","","","","","","","","","","","","","","","","","","","","","","","","","","","","","","","","","","","","","","","","","","","","","","","","","","","",""
"USW00023272","2024-02-03T18:59:00","37.7705","-122.4269","45.7","SAN FRANCISCO DOWNTOWN, CA US","FM-15","343","","","","0.5","","","","","","","","","","","","","","","","","","","","","","","","","","","","","","","","","","","","","","","","","","","","","","","","","","","","","","","","","","","","","","","","","","","","","","","","","","","","","","","","","","","","","","","","","","","","","","","","","","","","","","","","","","","","","","","","",""
"USW00023272","2024-02-03T19:59:00","37.7705","-122.4269","45.7","SAN FRANCISCO DOWNTOWN, CA US","FM-15","343","","","","1.0","","","","","","","","","","","","","","","","","","","","","","","","","","","","","","","","","","","","","","","","","","","","","","","","","","","","","","","","","","","","","","","","","","","","","","","","","","","","","","","","","","","","","","","","","","","","","","","","","","","","","","","","","","","","","","","","",""
"USW00023272","2024-02-03T20:59:00","37.7705","-122.4269","45.7","SAN FRANCISCO DOWNTOWN, CA US","FM-15","343","","","","1.8","","","","","","","","","","","","","","","","","","","","","","","","","","","","","","","","","","","","","","","","","","","","","","","","","","","","","","","","","","","","","","","","","","","","","","","","","","","","","","","","","","","","","","","","","","","","","","","","","","","","","","","","","","","","","","","","",""
"USW00023272","2024-02-03T21:59:00","37.7705","-122.4269","45.7","SAN FRANCISCO DOWNTOWN, CA US","FM-15","343","","","","2.3","","","","","","","","","","","","","","","","","","","","","","","","","","","","","","","","","","","","","","","","","","","","","","","","","","","","","","","","","","","","","","","","","","","","","","","","","","","","","","","","","","","","","","","","","","","","","","","","","","","","","","","","","","","","","","","","",""
"USW00023272","2024-02-03T22:59:00","37.7705","-122.4269","45.7","SAN FRANCISCO DOWNTOWN, CA US","FM-15","343","","","","2.3","","","","","","","","","","","","","","","","","","","","","","","","","","","","","","","","","","","","","","","","","","","","","","","","","","","","","","","","","","","","","","","","","","","","","","","","","","","","","","","","","","","","","","","","","","","","","","","","","","","","","","","","","","","","","","","","",""
"USW00023272","2024-02-03T23:59:00","37.7705","-122.4269","45.7","SAN FRANCISCO DOWNTOWN, CA US","FM-15","343","","","","2.3","","","","","","","","","","","","","","","","","","","","","","","","","","","","","","","","","","","","","","","","","","","","","","","","","","","","","","","","","","","","","","","","","","","","","","","","","","","","","","","","","","","","","","","","","","","","","","","","","","","","","","","","","","","","","","","","",""
"USW00023272","2024-02-04T00:00:00","37.7705","-122.4269","45.7","SAN FRANCISCO DOWNTOWN, CA US","SOD","","","","","","","","","","","","","","","","","","0712","1736","","12.2","","","","","","0","0.31","6.1","16.1","8.3","","","33.3","0.0","","","","","","","","","","","","","","","","","","","","","","","","","","","","","","","","","","","","","","","","","","","","","","","","","","","","","","","","","","","","","","","","","","","","","","","","","","","","","","","","","","",""
"USW00023272","2024-02-04T00:59:00","37.7705","-122.4269","45.7","SAN FRANCISCO DOWNTOWN, CA US","FM-15","343","","","","3.0","","","","","","","","","","","","","","","","","","","","","","","","","","","","","","","","","","","","","","","","","","","","","","","","","","","","","","","","","","","","","","","","","","","","","","","","","","","","","","","","","","","","","","","","","","","","","","","","","","","","","","","","","","","","","","","","",""
"USW00023272","2024-02-04T01:59:00","37.7705","-122.4269","45.7","SAN FRANCISCO DOWNTOWN, CA US","FM-15","343","","","","3.6","","","","","","","","","","","","","","","","","","","","","","","","","","","","","","","","","","","","","","","","","","","","","","","","","","","","","","","","","","","","","","","","","","","","","","","","","","","","","","","","","","","","","","","","","","","","","","","","","","","","","","","","","","","","","","","","",""
"USW00023272","2024-02-04T02:59:00","37.7705","-122.4269","45.7","SAN FRANCISCO DOWNTOWN, CA US","FM-15","343","","","","3.3","","","","","","","","","","","","","","","","","","","","","","","","","","","","","","","","","","","","","","","","","","","","","","","","","","","","","","","","","","","","","","","","","","","","","","","","","","","","","","","","","","","","","","","","","","","","","","","","","","","","","","","","","","","","","","","","",""
"USW00023272","2024-02-04T03:59:00","37.7705","-122.4269","45.7","SAN FRANCISCO DOWNTOWN, CA US","FM-15","343","","","","3.3","","","","","","","","","","","","","","","","","","","","","","","","","","","","","","","","","","","","","","","","","","","","","","","","","","","","","","","","","","","","","","","","","","","","","","","","","","","","","","","","","","","","","","","","","","","","","","","","","","","","","","","","","","","","","","","","",""
"USW00023272","2024-02-04T04:59:00","37.7705","-122.4269","45.7","SAN FRANCISCO DOWNTOWN, CA US","FM-15","343","","","","1.8","","","","","","","","","","","","","","","","","","","","","","","","","","","","","","","","","","","","","","","","","","","","","","","","","","","","","","","","","","","","","","","","","","","","","","","","","","","","","","","","","","","","","","","","","","","","","","","","","","","","","","","","","","","","","","","","",""
"USW00023272","2024-02-04T05:59:00","37.7705","-122.4269","45.7","SAN FRANCISCO DOWNTOWN, CA US","FM-15","343","","","","0.3","","","","","","","","","","","","","","","","","","","","","","","","","","","","","","","","","","","","","","","","","","","","","","","","","","","","","","","","","","","","","","","","","","","","","","","","","","","","","","","","","","","","","","","","","","","","","","","","","","","","","","","","","","","","","","","","",""
"USW00023272","2024-02-04T06:59:00","37.7705","-122.4269","45.7","SAN FRANCISCO DOWNTOWN, CA US","FM-15","343","","","","0.3","","","","","","","","","","","","","","","","","","","","","","","","","","","","","","","","","","","","","","","","","","","","","","","","","","","","","","","","","","","","","","","","","","","","","","","","","","","","","","","","","","","","","","","","","","","","","","","","","","","","","","","","","","","","","","","","",""
"USW00023272","2024-02-04T07:59:00","37.7705","-122.4269","45.7","SAN FRANCISCO DOWNTOWN, CA US","FM-15","343","","","","0.5","","","","","","","","","","","","","","","","","","","","","","","","","","","","","","","","","","","","","","","","","","","","","","","","","","","","","","","","","","","","","","","","","","","","","","","","","","","","","","","","","","","","","","","","","","","","","","","","","","","","","","","","","","","","","","","","",""
"USW00023272","2024-02-04T08:59:00","37.7705","-122.4269","45.7","SAN FRANCISCO DOWNTOWN, CA US","FM-15","343","","","","1.3","","","","","","","","","","","","","","","","","","","","","","","","","","","","","","","","","","","","","","","","","","","","","","","","","","","","","","","","","","","","","","","","","","","","","","","","","","","","","","","","","","","","","","","","","","","","","","","","","","","","","","","","","","","","","","","","",""
"USW00023272","2024-02-04T09:59:00","37.7705","-122.4269","45.7","SAN FRANCISCO DOWNTOWN, CA US","FM-15","343","","","","6.6","","","","","","","","","","","","","","","","","","","","","","","","","","","","","","","","","","","","","","","","","","","","","","","","","","","","","","","","","","","","","","","","","","","","","","","","","","","","","","","","","","","","","","","","","","","","","","","","","","","","","","","","","","","","","","","","",""
"USW00023272","2024-02-04T10:59:00","37.7705","-122.4269","45.7","SAN FRANCISCO DOWNTOWN, CA US","FM-15","343","","","","0.5","","","","","","","","","","","","","","","","","","","","","","","","","","","","","","","","","","","","","","","","","","","","","","","","","","","","","","","","","","","","","","","","","","","","","","","","","","","","","","","","","","","","","","","","","","","","","","","","","","","","","","","","","","","","","","","","",""
"USW00023272","2024-02-04T11:59:00","37.7705","-122.4269","45.7","SAN FRANCISCO DOWNTOWN, CA US","FM-15","343","","","","0.3","","","","","","","","","","","","","","","","","","","","","","","","","","","","","","","","","","","","","","","","","","","","","","","","","","","","","","","","","","","","","","","","","","","","","","","","","","","","","","","","","","","","","","","","","","","","","","","","","","","","","","","","","","","","","","","","",""
"USW00023272","2024-02-04T12:59:00","37.7705","-122.4269","45.7","SAN FRANCISCO DOWNTOWN, CA US","FM-15","343","","","","0.3","","","","","","","","","","","","","","","","","","","","","","","","","","","","","","","","","","","","","","","","","","","","","","","","","","","","","","","","","","","","","","","","","","","","","","","","","","","","","","","","","","","","","","","","","","","","","","","","","","","","","","","","","","","","","","","","",""
"USW00023272","2024-02-04T13:59:00","37.7705","-122.4269","45.7","SAN FRANCISCO DOWNTOWN, CA US","FM-15","343","","","","0.5","","","","","","","","","","","","","","","","","","","","","","","","","","","","","","","","","","","","","","","","","","","","","","","","","","","","","","","","","","","","","","","","","","","","","","","","","","","","","","","","","","","","","","","","","","","","","","","","","","","","","","","","","","","","","","","","",""
"USW00023272","2024-02-04T14:59:00","37.7705","-122.4269","45.7","SAN FRANCISCO DOWNTOWN, CA US","FM-15","343","","","","0.3","","","","","","","","","","","","","","","","","","","","","","","","","","","","","","","","","","","","","","","","","","","","","","","","","","","","","","","","","","","","","","","","","","","","","","","","","","","","","","","","","","","","","","","","","","","","","","","","","","","","","","","","","","","","","","","","",""
"USW00023272","2024-02-04T17:59:00","37.7705","-122.4269","45.7","SAN FRANCISCO DOWNTOWN, CA US","FM-15","343","","","","2.5","","","","","","","","","","","","","","","","","","","","","","","","","","","","","","","","","","","","","","","","","","","","","","","","","","","","","","","","","","","","","","","","","","","","","","","","","","","","","","","","","","","","","","","","","","","","","","","","","","","","","","","","","","","","","","","","",""
"USW00023272","2024-02-04T18:59:00","37.7705","-122.4269","45.7","SAN FRANCISCO DOWNTOWN, CA US","FM-15","343","","","","2.0","","","","","","","","","","","","","","","","","","","","","","","","","","","","","","","","","","","","","","","","","","","","","","","","","","","","","","","","","","","","","","","","","","","","","","","","","","","","","","","","","","","","","","","","","","","","","","","","","","","","","","","","","","","","","","","","",""
"USW00023272","2024-02-04T19:59:00","37.7705","-122.4269","45.7","SAN FRANCISCO DOWNTOWN, CA US","FM-15","343","","","","1.8","","","","","","","","","","","","","","","","","","","","","","","","","","","","","","","","","","","","","","","","","","","","","","","","","","","","","","","","","","","","","","","","","","","","","","","","","","","","","","","","","","","","","","","","","","","","","","","","","","","","","","","","","","","","","","","","",""
"USW00023272","2024-02-04T20:59:00","37.7705","-122.4269","45.7","SAN FRANCISCO DOWNTOWN, CA US","FM-15","343","","","","1.3","","","","","","","","","","","","","","","","","","","","","","","","","","","","","","","","","","","","","","","","","","","","","","","","","","","","","","","","","","","","","","","","","","","","","","","","","","","","","","","","","","","","","","","","","","","","","","","","","","","","","","","","","","","","","","","","",""
"USW00023272","2024-02-05T00:00:00","37.7705","-122.4269","45.7","SAN FRANCISCO DOWNTOWN, CA US","SOD","","","","","","","","","","","","","","","","","","0711","1737","","12.0","","","","","","0","0.06","6.3","13.9","10.0","","","7.6","0.0","","","","","","","","","","","","","","","","","","","","","","","","","","","","","","","","","","","","","","","","","","","","","","","","","","","","","","","","","","","","","","","","","","","","","","","","","","","","","","","","","","",""
"USW00023272","2024-02-05T02:59:00","37.7705","-122.4269","45.7","SAN FRANCISCO DOWNTOWN, CA US","FM-15","343","","","","1.0","","","","","","","","","","","","","","","","","","","","","","","","","","","","","","","","","","","","","","","","","","","","","","","","","","","","","","","","","","","","","","","","","","","","","","","","","","","","","","","","","","","","","","","","","","","","","","","","","","","","","","","","","","","","","","","","",""
"USW00023272","2024-02-05T04:59:00","37.7705","-122.4269","45.7","SAN FRANCISCO DOWNTOWN, CA US","FM-15","343","","","","1.3","","","","","","","","","","","","","","","","","","","","","","","","","","","","","","","","","","","","","","","","","","","","","","","","","","","","","","","","","","","","","","","","","","","","","","","","","","","","","","","","","","","","","","","","","","","","","","","","","","","","","","","","","","","","","","","","",""
"USW00023272","2024-02-05T09:59:00","37.7705","-122.4269","45.7","SAN FRANCISCO DOWNTOWN, CA US","FM-15","343","","","","0.3","","","","","","","","","","","","","","","","","","","","","","","","","","","","","","","","","","","","","","","","","","","","","","","","","","","","","","","","","","","","","","","","","","","","","","","","","","","","","","","","","","","","","","","","","","","","","","","","","","","","","","","","","","","","","","","","",""
"USW00023272","2024-02-05T10:59:00","37.7705","-122.4269","45.7","SAN FRANCISCO DOWNTOWN, CA US","FM-15","343","","","","0.5","","","","","","","","","","","","","","","","","","","","","","","","","","","","","","","","","","","","","","","","","","","","","","","","","","","","","","","","","","","","","","","","","","","","","","","","","","","","","","","","","","","","","","","","","","","","","","","","","","","","","","","","","","","","","","","","",""
"USW00023272","2024-02-05T11:59:00","37.7705","-122.4269","45.7","SAN FRANCISCO DOWNTOWN, CA US","FM-15","343","","","","1.3","","","","","","","","","","","","","","","","","","","","","","","","","","","","","","","","","","","","","","","","","","","","","","","","","","","","","","","","","","","","","","","","","","","","","","","","","","","","","","","","","","","","","","","","","","","","","","","","","","","","","","","","","","","","","","","","",""
"USW00023272","2024-02-05T12:59:00","37.7705","-122.4269","45.7","SAN FRANCISCO DOWNTOWN, CA US","FM-15","343","","","","3.3","","","","","","","","","","","","","","","","","","","","","","","","","","","","","","","","","","","","","","","","","","","","","","","","","","","","","","","","","","","","","","","","","","","","","","","","","","","","","","","","","","","","","","","","","","","","","","","","","","","","","","","","","","","","","","","","",""
"USW00023272","2024-02-06T00:00:00","37.7705","-122.4269","45.7","SAN FRANCISCO DOWNTOWN, CA US","SOD","","","","","","","","","","","","","","","","","","0710","1738","","11.1","","","","","","0","-0.90","7.2","13.9","8.3","","","0.0","0.0","","","","","","","","","","","","","","","","","","","","","","","","","","","","","","","","","","","","","","","","","","","","","","","","","","","","","","","","","","","","","","","","","","","","","","","","","","","","","","","","","","",""
"USW00023272","2024-02-07T00:00:00","37.7705","-122.4269","45.7","SAN FRANCISCO DOWNTOWN, CA US","SOD","","","","","","","","","","","","","","","","","","0709","1739","","10.3","","","","","","0","-1.70","8.0","11.7","8.9","","","11.4","0.0","","","","","","","","","","","","","","","","","","","","","","","","","","","","","","","","","","","","","","","","","","","","","","","","","","","","","","","","","","","","","","","","","","","","","","","","","","","","","","","","","","",""
"USW00023272","2024-02-07T07:59:00","37.7705","-122.4269","45.7","SAN FRANCISCO DOWNTOWN, CA US","FM-15","343","","","","0.3","","","","","","","","","","","","","","","","","","","","","","","","","","","","","","","","","","","","","","","","","","","","","","","","","","","","","","","","","","","","","","","","","","","","","","","","","","","","","","","","","","","","","","","","","","","","","","","","","","","","","","","","","","","","","","","","",""
"USW00023272","2024-02-07T09:59:00","37.7705","-122.4269","45.7","SAN FRANCISCO DOWNTOWN, CA US","FM-15","343","","","","2.5","","","","","","","","","","","","","","","","","","","","","","","","","","","","","","","","","","","","","","","","","","","","","","","","","","","","","","","","","","","","","","","","","","","","","","","","","","","","","","","","","","","","","","","","","","","","","","","","","","","","","","","","","","","","","","","","",""
"USW00023272","2024-02-07T10:59:00","37.7705","-122.4269","45.7","SAN FRANCISCO DOWNTOWN, CA US","FM-15","343","","","","3.6","","","","","","","","","","","","","","","","","","","","","","","","","","","","","","","","","","","","","","","","","","","","","","","","","","","","","","","","","","","","","","","","","","","","","","","","","","","","","","","","","","","","","","","","","","","","","","","","","","","","","","","","","","","","","","","","",""
"USW00023272","2024-02-07T11:59:00","37.7705","-122.4269","45.7","SAN FRANCISCO DOWNTOWN, CA US","FM-15","343","","","","3.6","","","","","","","","","","","","","","","","","","","","","","","","","","","","","","","","","","","","","","","","","","","","","","","","","","","","","","","","","","","","","","","","","","","","","","","","","","","","","","","","","","","","","","","","","","","","","","","","","","","","","","","","","","","","","","","","",""
"USW00023272","2024-02-07T12:59:00","37.7705","-122.4269","45.7","SAN FRANCISCO DOWNTOWN, CA US","FM-15","343","","","","1.5","","","","","","","","","","","","","","","","","","","","","","","","","","","","","","","","","","","","","","","","","","","","","","","","","","","","","","","","","","","","","","","","","","","","","","","","","","","","","","","","","","","","","","","","","","","","","","","","","","","","","","","","","","","","","","","","",""
"USW00023272","2024-02-08T00:00:00","37.7705","-122.4269","45.7","SAN FRANCISCO DOWNTOWN, CA US","SOD","","","","","","","","","","","","","","","","","","0708","1740","","9.5","","","","","","0","-2.56","8.8","12.8","6.1","","","0.0","0.0","","","","","","","","","","","","","","","","","","","","","","","","","","","","","","","","","","","","","","","","","","","","","","","","","","","","","","","","","","","","","","","","","","","","","","","","","","","","","","","","","","",""
"USW00023272","2024-02-09T00:00:00","37.7705","-122.4269","45.7","SAN FRANCISCO DOWNTOWN, CA US","SOD","","","","","","","","","","","","","","","","","","0707","1741","","10.6","","","","","","0","-1.51","7.7","13.9","7.2","","","0.0","0.0","","","","","","","","","","","","","","","","","","","","","","","","","","","","","","","","","","","","","","","","","","","","","","","","","","","","","","","","","","","","","","","","","","","","","","","","","","","","","","","","","","",""
"USW00023272","2024-02-10T00:00:00","37.7705","-122.4269","45.7","SAN FRANCISCO DOWNTOWN, CA US","SOD","","","","","","","","","","","","","","","","","","0706","1742","","12.5","","","","","","0","0.33","5.8","16.7","8.3","","","0.0","0.0","","","","","","","","","","","","","","","","","","","","","","","","","","","","","","","","","","","","","","","","","","","","","","","","","","","","","","","","","","","","","","","","","","","","","","","","","","","","","","","","","","",""
"USW00023272","2024-02-11T00:00:00","37.7705","-122.4269","45.7","SAN FRANCISCO DOWNTOWN, CA US","SOD","","","","","","","","","","","","","","","","","","0705","1743","","12.0","","","","","","0","-0.17","6.3","15.0","8.9","","","0.0","0.0","","","","","","","","","","","","","","","","","","","","","","","","","","","","","","","","","","","","","","","","","","","","","","","","","","","","","","","","","","","","","","","","","","","","","","","","","","","","","","","","","","",""
"USW00023272","2024-02-12T00:00:00","37.7705","-122.4269","45.7","SAN FRANCISCO DOWNTOWN, CA US","SOD","","","","","","","","","","","","","","","","","","0704","1744","","12.0","","","","","","0","-0.22","6.3","15.6","8.3","","","0.0","0.0","","","","","","","","","","","","","","","","","","","","","","","","","","","","","","","","","","","","","","","","","","","","","","","","","","","","","","","","","","","","","","","","","","","","","","","","","","","","","","","","","","",""
"USW00023272","2024-02-13T00:00:00","37.7705","-122.4269","45.7","SAN FRANCISCO DOWNTOWN, CA US","SOD","","","","","","","","","","","","","","","","","","0703","1745","","11.9","","","","","","0","-0.38","6.4","14.4","9.4","","","0.0","0.0","","","","","","","","","","","","","","","","","","","","","","","","","","","","","","","","","","","","","","","","","","","","","","","","","","","","","","","","","","","","","","","","","","","","","","","","","","","","","","","","","","",""
"USW00023272","2024-02-14T00:00:00","37.7705","-122.4269","45.7","SAN FRANCISCO DOWNTOWN, CA US","SOD","","","","","","","","","","","","","","","","","","0702","1747","","12.5","","","","","","0","0.17","5.8","14.4","10.6","","","6.4","0.0","","","","","","","","","","","","","","","","","","","","","","","","","","","","","","","","","","","","","","","","","","","","","","","","","","","","","","","","","","","","","","","","","","","","","","","","","","","","","","","","","","",""
"USW00023272","2024-02-14T12:59:00","37.7705","-122.4269","45.7","SAN FRANCISCO DOWNTOWN, CA US","FM-15","343","","","","0.3","","","","","","","","","","","","","","","","","","","","","","","","","","","","","","","","","","","","","","","","","","","","","","","","","","","","","","","","","","","","","","","","","","","","","","","","","","","","","","","","","","","","","","","","","","","","","","","","","","","","","","","","","","","","","","","","",""
"USW00023272","2024-02-14T13:59:00","37.7705","-122.4269","45.7","SAN FRANCISCO DOWNTOWN, CA US","FM-15","343","","","","0.8","","","","","","","","","","","","","","","","","","","","","","","","","","","","","","","","","","","","","","","","","","","","","","","","","","","","","","","","","","","","","","","","","","","","","","","","","","","","","","","","","","","","","","","","","","","","","","","","","","","","","","","","","","","","","","","","",""
"USW00023272","2024-02-14T14:59:00","37.7705","-122.4269","45.7","SAN FRANCISCO DOWNTOWN, CA US","FM-15","343","","","","0.5","","","","","","","","","","","","","","","","","","","","","","","","","","","","","","","","","","","","","","","","","","","","","","","","","","","","","","","","","","","","","","","","","","","","","","","","","","","","","","","","","","","","","","","","","","","","","","","","","","","","","","","","","","","","","","","","",""
"USW00023272","2024-02-14T15:59:00","37.7705","-122.4269","45.7","SAN FRANCISCO DOWNTOWN, CA US","FM-15","343","","","","0.5","","","","","","","","","","","","","","","","","","","","","","","","","","","","","","","","","","","","","","","","","","","","","","","","","","","","","","","","","","","","","","","","","","","","","","","","","","","","","","","","","","","","","","","","","","","","","","","","","","","","","","","","","","","","","","","","",""
"USW00023272","2024-02-14T17:59:00","37.7705","-122.4269","45.7","SAN FRANCISCO DOWNTOWN, CA US","FM-15","343","","","","3.0","","","","","","","","","","","","","","","","","","","","","","","","","","","","","","","","","","","","","","","","","","","","","","","","","","","","","","","","","","","","","","","","","","","","","","","","","","","","","","","","","","","","","","","","","","","","","","","","","","","","","","","","","","","","","","","","",""
"USW00023272","2024-02-14T18:59:00","37.7705","-122.4269","45.7","SAN FRANCISCO DOWNTOWN, CA US","FM-15","343","","","","0.5","","","","","","","","","","","","","","","","","","","","","","","","","","","","","","","","","","","","","","","","","","","","","","","","","","","","","","","","","","","","","","","","","","","","","","","","","","","","","","","","","","","","","","","","","","","","","","","","","","","","","","","","","","","","","","","","",""
"USW00023272","2024-02-14T21:59:00","37.7705","-122.4269","45.7","SAN FRANCISCO DOWNTOWN, CA US","FM-15","343","","","","0.3","","","","","","","","","","","","","","","","","","","","","","","","","","","","","","","","","","","","","","","","","","","","","","","","","","","","","","","","","","","","","","","","","","","","","","","","","","","","","","","","","","","","","","","","","","","","","","","","","","","","","","","","","","","","","","","","",""
"USW00023272","2024-02-14T22:59:00","37.7705","-122.4269","45.7","SAN FRANCISCO DOWNTOWN, CA US","FM-15","343","","","","0.5","","","","","","","","","","","","","","","","","","","","","","","","","","","","","","","","","","","","","","","","","","","","","","","","","","","","","","","","","","","","","","","","","","","","","","","","","","","","","","","","","","","","","","","","","","","","","","","","","","","","","","","","","","","","","","","","",""
"USW00023272","2024-02-15T00:00:00","37.7705","-122.4269","45.7","SAN FRANCISCO DOWNTOWN, CA US","SOD","","","","","","","","","","","","","","","","","","0701","1748","","12.8","","","","","","0","0.47","5.5","15.0","10.6","","","0.0","0.0","","","","","","","","","","","","","","","","","","","","","","","","","","","","","","","","","","","","","","","","","","","","","","","","","","","","","","","","","","","","","","","","","","","","","","","","","","","","","","","","","","",""
"USW00023272","2024-02-16T00:00:00","37.7705","-122.4269","45.7","SAN FRANCISCO DOWNTOWN, CA US","SOD","","","","","","","","","","","","","","","","","","0700","1749","","13.4","","","","","","0","1.01","4.9","15.6","11.1","","","0.0","0.0","","","","","","","","","","","","","","","","","","","","","","","","","","","","","","","","","","","","","","","","","","","","","","","","","","","","","","","","","","","","","","","","","","","","","","","","","","","","","","","","","","",""
"USW00023272","2024-02-17T00:00:00","37.7705","-122.4269","45.7","SAN FRANCISCO DOWNTOWN, CA US","SOD","","","","","","","","","","","","","","","","","","0658","1750","","13.1","","","","","","0","0.66","5.2","14.4","11.7","","","7.6","0.0","","","","","","","","","","","","","","","","","","","","","","","","","","","","","","","","","","","","","","","","","","","","","","","","","","","","","","","","","","","","","","","","","","","","","","","","","","","","","","","","","","",""
"USW00023272","2024-02-17T07:59:00","37.7705","-122.4269","45.7","SAN FRANCISCO DOWNTOWN, CA US","FM-15","343","","","","0.3","","","","","","","","","","","","","","","","","","","","","","","","","","","","","","","","","","","","","","","","","","","","","","","","","","","","","","","","","","","","","","","","","","","","","","","","","","","","","","","","","","","","","","","","","","","","","","","","","","","","","","","","","","","","","","","","",""
"USW00023272","2024-02-17T08:59:00","37.7705","-122.4269","45.7","SAN FRANCISCO DOWNTOWN, CA US","FM-15","343","","","","0.8","","","","","","","","","","","","","","","","","","","","","","","","","","","","","","","","","","","","","","","","","","","","","","","","","","","","","","","","","","","","","","","","","","","","","","","","","","","","","","","","","","","","","","","","","","","","","","","","","","","","","","","","","","","","","","","","",""
"USW00023272","2024-02-17T09:59:00","37.7705","-122.4269","45.7","SAN FRANCISCO DOWNTOWN, CA US","FM-15","343","","","","1.3","","","","","","","","","","","","","","","","","","","","","","","","","","","","","","","","","","","","","","","","","","","","","","","","","","","","","","","","","","","","","","","","","","","","","","","","","","","","","","","","","","","","","","","","","","","","","","","","","","","","","","","","","","","","","","","","",""
"USW00023272","2024-02-17T10:59:00","37.7705","-122.4269","45.7","SAN FRANCISCO DOWNTOWN, CA US","FM-15","343","","","","1.0","","","","","","","","","","","","","","","","","","","","","","","","","","","","","","","","","","","","","","","","","","","","","","","","","","","","","","","","","","","","","","","","","","","","","","","","","","","","","","","","","","","","","","","","","","","","","","","","","","","","","","","","","","","","","","","","",""
"USW00023272","2024-02-17T11:59:00","37.7705","-122.4269","45.7","SAN FRANCISCO DOWNTOWN, CA US","FM-15","343","","","","0.3","","","","","","","","","","","","","","","","","","","","","","","","","","","","","","","","","","","","","","","","","","","","","","","","","","","","","","","","","","","","","","","","","","","","","","","","","","","","","","","","","","","","","","","","","","","","","","","","","","","","","","","","","","","","","","","","",""
"USW00023272","2024-02-17T16:59:00","37.7705","-122.4269","45.7","SAN FRANCISCO DOWNTOWN, CA US","FM-15","343","","","","0.5","","","","","","","","","","","","","","","","","","","","","","","","","","","","","","","","","","","","","","","","","","","","","","","","","","","","","","","","","","","","","","","","","","","","","","","","","","","","","","","","","","","","","","","","","","","","","","","","","","","","","","","","","","","","","","","","",""
"USW00023272","2024-02-17T17:59:00","37.7705","-122.4269","45.7","SAN FRANCISCO DOWNTOWN, CA US","FM-15","343","","","","1.5","","","","","","","","","","","","","","","","","","","","","","","","","","","","","","","","","","","","","","","","","","","","","","","","","","","","","","","","","","","","","","","","","","","","","","","","","","","","","","","","","","","","","","","","","","","","","","","","","","","","","","","","","","","","","","","","",""
"USW00023272","2024-02-17T18:59:00","37.7705","-122.4269","45.7","SAN FRANCISCO DOWNTOWN, CA US","FM-15","343","","","","1.3","","","","","","","","","","","","","","","","","","","","","","","","","","","","","","","","","","","","","","","","","","","","","","","","","","","","","","","","","","","","","","","","","","","","","","","","","","","","","","","","","","","","","","","","","","","","","","","","","","","","","","","","","","","","","","","","",""
"USW00023272","2024-02-17T19:59:00","37.7705","-122.4269","45.7","SAN FRANCISCO DOWNTOWN, CA US","FM-15","343","","","","0.8","","","","","","","","","","","","","","","","","","","","","","","","","","","","","","","","","","","","","","","","","","","","","","","","","","","","","","","","","","","","","","","","","","","","","","","","","","","","","","","","","","","","","","","","","","","","","","","","","","","","","","","","","","","","","","","","",""
"USW00023272","2024-02-18T00:00:00","37.7705","-122.4269","45.7","SAN FRANCISCO DOWNTOWN, CA US","SOD","","","","","","","","","","","","","","","","","","0657","1751","","14.2","","","","","","0","1.76","4.1","17.8","10.6","","","5.6","0.0","","","","","","","","","","","","","","","","","","","","","","","","","","","","","","","","","","","","","","","","","","","","","","","","","","","","","","","","","","","","","","","","","","","","","","","","","","","","","","","","","","",""
"USW00023272","2024-02-18T14:59:00","37.7705","-122.4269","45.7","SAN FRANCISCO DOWNTOWN, CA US","FM-15","343","","","","0.3","","","","","","","","","","","","","","","","","","","","","","","","","","","","","","","","","","","","","","","","","","","","","","","","","","","","","","","","","","","","","","","","","","","","","","","","","","","","","","","","","","","","","","","","","","","","","","","","","","","","","","","","","","","","","","","","",""
"USW00023272","2024-02-18T16:59:00","37.7705","-122.4269","45.7","SAN FRANCISCO DOWNTOWN, CA US","FM-15","343","","","","0.3","","","","","","","","","","","","","","","","","","","","","","","","","","","","","","","","","","","","","","","","","","","","","","","","","","","","","","","","","","","","","","","","","","","","","","","","","","","","","","","","","","","","","","","","","","","","","","","","","","","","","","","","","","","","","","","","",""
"USW00023272","2024-02-18T17:59:00","37.7705","-122.4269","45.7","SAN FRANCISCO DOWNTOWN, CA US","FM-15","343","","","","0.3","","","","","","","","","","","","","","","","","","","","","","","","","","","","","","","","","","","","","","","","","","","","","","","","","","","","","","","","","","","","","","","","","","","","","","","","","","","","","","","","","","","","","","","","","","","","","","","","","","","","","","","","","","","","","","","","",""
"USW00023272","2024-02-18T18:59:00","37.7705","-122.4269","45.7","SAN FRANCISCO DOWNTOWN, CA US","FM-15","343","","","","0.8","","","","","","","","","","","","","","","","","","","","","","","","","","","","","","","","","","","","","","","","","","","","","","","","","","","","","","","","","","","","","","","","","","","","","","","","","","","","","","","","","","","","","","","","","","","","","","","","","","","","","","","","","","","","","","","","",""
"USW00023272","2024-02-18T19:59:00","37.7705","-122.4269","45.7","SAN FRANCISCO DOWNTOWN, CA US","FM-15","343","","","","2.3","","","","","","","","","","","","","","","","","","","","","","","","","","","","","","","","","","","","","","","","","","","","","","","","","","","","","","","","","","","","","","","","","","","","","","","","","","","","","","","","","","","","","","","","","","","","","","","","","","","","","","","","","","","","","","","","",""
"USW00023272","2024-02-18T20:59:00","37.7705","-122.4269","45.7","SAN FRANCISCO DOWNTOWN, CA US","FM-15","343","","","","0.5","","","","","","","","","","","","","","","","","","","","","","","","","","","","","","","","","","","","","","","","","","","","","","","","","","","","","","","","","","","","","","","","","","","","","","","","","","","","","","","","","","","","","","","","","","","","","","","","","","","","","","","","","","","","","","","","",""
"USW00023272","2024-02-18T21:59:00","37.7705","-122.4269","45.7","SAN FRANCISCO DOWNTOWN, CA US","FM-15","343","","","","1.0","","","","","","","","","","","","","","","","","","","","","","","","","","","","","","","","","","","","","","","","","","","","","","","","","","","","","","","","","","","","","","","","","","","","","","","","","","","","","","","","","","","","","","","","","","","","","","","","","","","","","","","","","","","","","","","","",""
"USW00023272","2024-02-18T23:59:00","37.7705","-122.4269","45.7","SAN FRANCISCO DOWNTOWN, CA US","FM-15","343","","","","0.3","","","","","","","","","","","","","","","","","","","","","","","","","","","","","","","","","","","","","","","","","","","","","","","","","","","","","","","","","","","","","","","","","","","","","","","","","","","","","","","","","","","","","","","","","","","","","","","","","","","","","","","","","","","","","","","","",""
"USW00023272","2024-02-19T00:00:00","37.7705","-122.4269","45.7","SAN FRANCISCO DOWNTOWN, CA US","SOD","","","","","","","","","","","","","","","","","","0656","1752","","14.2","","","","","","0","1.70","4.1","16.7","11.7","","","3.0","0.0","","","","","","","","","","","","","","","","","","","","","","","","","","","","","","","","","","","","","","","","","","","","","","","","","","","","","","","","","","","","","","","","","","","","","","","","","","","","","","","","","","",""
"USW00023272","2024-02-19T00:59:00","37.7705","-122.4269","45.7","SAN FRANCISCO DOWNTOWN, CA US","FM-15","343","","","","0.3","","","","","","","","","","","","","","","","","","","","","","","","","","","","","","","","","","","","","","","","","","","","","","","","","","","","","","","","","","","","","","","","","","","","","","","","","","","","","","","","","","","","","","","","","","","","","","","","","","","","","","","","","","","","","","","","",""
"USW00023272","2024-02-19T01:59:00","37.7705","-122.4269","45.7","SAN FRANCISCO DOWNTOWN, CA US","FM-15","343","","","","0.3","","","","","","","","","","","","","","","","","","","","","","","","","","","","","","","","","","","","","","","","","","","","","","","","","","","","","","","","","","","","","","","","","","","","","","","","","","","","","","","","","","","","","","","","","","","","","","","","","","","","","","","","","","","","","","","","",""
"USW00023272","2024-02-19T08:59:00","37.7705","-122.4269","45.7","SAN FRANCISCO DOWNTOWN, CA US","FM-15","343","","","","0.3","","","","","","","","","","","","","","","","","","","","","","","","","","","","","","","","","","","","","","","","","","","","","","","","","","","","","","","","","","","","","","","","","","","","","","","","","","","","","","","","","","","","","","","","","","","","","","","","","","","","","","","","","","","","","","","","",""
"USW00023272","2024-02-19T10:59:00","37.7705","-122.4269","45.7","SAN FRANCISCO DOWNTOWN, CA US","FM-15","343","","","","0.3","","","","","","","","","","","","","","","","","","","","","","","","","","","","","","","","","","","","","","","","","","","","","","","","","","","","","","","","","","","","","","","","","","","","","","","","","","","","","","","","","","","","","","","","","","","","","","","","","","","","","","","","","","","","","","","","",""
"USW00023272","2024-02-19T15:59:00","37.7705","-122.4269","45.7","SAN FRANCISCO DOWNTOWN, CA US","FM-15","343","","","","0.8","","","","","","","","","","","","","","","","","","","","","","","","","","","","","","","","","","","","","","","","","","","","","","","","","","","","","","","","","","","","","","","","","","","","","","","","","","","","","","","","","","","","","","","","","","","","","","","","","","","","","","","","","","","","","","","","",""
"USW00023272","2024-02-19T16:59:00","37.7705","-122.4269","45.7","SAN FRANCISCO DOWNTOWN, CA US","FM-15","343","","","","1.3","","","","","","","","","","","","","","","","","","","","","","","","","","","","","","","","","","","","","","","","","","","","","","","","","","","","","","","","","","","","","","","","","","","","","","","","","","","","","","","","","","","","","","","","","","","","","","","","","","","","","","","","","","","","","","","","",""
"USW00023272","2024-02-20T00:00:00","37.7705","-122.4269","45.7","SAN FRANCISCO DOWNTOWN, CA US","SOD","","","","","","","","","","","","","","","","","","0655","1753","","12.5","","","","","","0","0.00","5.8","14.4","10.6","","","38.1","0.0","","","","","","","","","","","","","","","","","","","","","","","","","","","","","","","","","","","","","","","","","","","","","","","","","","","","","","","","","","","","","","","","","","","","","","","","","","","","","","","","","","",""
"USW00023272","2024-02-20T02:59:00","37.7705","-122.4269","45.7","SAN FRANCISCO DOWNTOWN, CA US","FM-15","343","","","","0.3","","","","","","","","","","","","","","","","","","","","","","","","","","","","","","","","","","","","","","","","","","","","","","","","","","","","","","","","","","","","","","","","","","","","","","","","","","","","","","","","","","","","","","","","","","","","","","","","","","","","","","","","","","","","","","","","",""
"USW00023272","2024-02-20T05:59:00","37.7705","-122.4269","45.7","SAN FRANCISCO DOWNTOWN, CA US","FM-15","343","","","","0.3","","","","","","","","","","","","","","","","","","","","","","","","","","","","","","","","","","","","","","","","","","","","","","","","","","","","","","","","","","","","","","","","","","","","","","","","","","","","","","","","","","","","","","","","","","","","","","","","","","","","","","","","","","","","","","","","",""
"USW00023272","2024-02-20T06:59:00","37.7705","-122.4269","45.7","SAN FRANCISCO DOWNTOWN, CA US","FM-15","343","","","","0.3","","","","","","","","","","","","","","","","","","","","","","","","","","","","","","","","","","","","","","","","","","","","","","","","","","","","","","","","","","","","","","","","","","","","","","","","","","","","","","","","","","","","","","","","","","","","","","","","","","","","","","","","","","","","","","","","",""
"USW00023272","2024-02-20T08:59:00","37.7705","-122.4269","45.7","SAN FRANCISCO DOWNTOWN, CA US","FM-15","343","","","","0.5","","","","","","","","","","","","","","","","","","","","","","","","","","","","","","","","","","","","","","","","","","","","","","","","","","","","","","","","","","","","","","","","","","","","","","","","","","","","","","","","","","","","","","","","","","","","","","","","","","","","","","","","","","","","","","","","",""
"USW00023272","2024-02-20T12:59:00","37.7705","-122.4269","45.7","SAN FRANCISCO DOWNTOWN, CA US","FM-15","343","","","","1.5","","","","","","","","","","","","","","","","","","","","","","","","","","","","","","","","","","","","","","","","","","","","","","","","","","","","","","","","","","","","","","","","","","","","","","","","","","","","","","","","","","","","","","","","","","","","","","","","","","","","","","","","","","","","","","","","",""
"USW00023272","2024-02-20T13:59:00","37.7705","-122.4269","45.7","SAN FRANCISCO DOWNTOWN, CA US","FM-15","343","","","","22.4","","","","","","","","","","","","","","","","","","","","","","","","","","","","","","","","","","","","","","","","","","","","","","","","","","","","","","","","","","","","","","","","","","","","","","","","","","","","","","","","","","","","","","","","","","","","","","","","","","","","","","","","","","","","","","","","",""
"USW00023272","2024-02-20T14:59:00","37.7705","-122.4269","45.7","SAN FRANCISCO DOWNTOWN, CA US","FM-15","343","","","","5.3","","","","","","","","","","","","","","","","","","","","","","","","","","","","","","","","","","","","","","","","","","","","","","","","","","","","","","","","","","","","","","","","","","","","","","","","","","","","","","","","","","","","","","","","","","","","","","","","","","","","","","","","","","","","","","","","",""
"USW00023272","2024-02-20T15:59:00","37.7705","-122.4269","45.7","SAN FRANCISCO DOWNTOWN, CA US","FM-15","343","","","","2.3","","","","","","","","","","","","","","","","","","","","","","","","","","","","","","","","","","","","","","","","","","","","","","","","","","","","","","","","","","","","","","","","","","","","","","","","","","","","","","","","","","","","","","","","","","","","","","","","","","","","","","","","","","","","","","","","",""
"USW00023272","2024-02-20T18:59:00","37.7705","-122.4269","45.7","SAN FRANCISCO DOWNTOWN, CA US","FM-15","343","","","","0.3","","","","","","","","","","","","","","","","","","","","","","","","","","","","","","","","","","","","","","","","","","","","","","","","","","","","","","","","","","","","","","","","","","","","","","","","","","","","","","","","","","","","","","","","","","","","","","","","","","","","","","","","","","","","","","","","",""
"USW00023272","2024-02-20T19:59:00","37.7705","-122.4269","45.7","SAN FRANCISCO DOWNTOWN, CA US","FM-15","343","","","","1.3","","","","","","","","","","","","","","","","","","","","","","","","","","","","","","","","","","","","","","","","","","","","","","","","","","","","","","","","","","","","","","","","","","","","","","","","","","","","","","","","","","","","","","","","","","","","","","","","","","","","","","","","","","","","","","","","",""
"USW00023272","2024-02-20T21:59:00","37.7705","-122.4269","45.7","SAN FRANCISCO DOWNTOWN, CA US","FM-15","343","","","","3.3","","","","","","","","","","","","","","","","","","","","","","","","","","","","","","","","","","","","","","","","","","","","","","","","","","","","","","","","","","","","","","","","","","","","","","","","","","","","","","","","","","","","","","","","","","","","","","","","","","","","","","","","","","","","","","","","",""
"USW00023272","2024-02-20T22:59:00","37.7705","-122.4269","45.7","SAN FRANCISCO DOWNTOWN, CA US","FM-15","343","","","","0.5","","","","","","","","","","","","","","","","","","","","","","","","","","","","","","","","","","","","","","","","","","","","","","","","","","","","","","","","","","","","","","","","","","","","","","","","","","","","","","","","","","","","","","","","","","","","","","","","","","","","","","","","","","","","","","","","",""
"USW00023272","2024-02-21T00:00:00","37.7705","-122.4269","45.7","SAN FRANCISCO DOWNTOWN, CA US","SOD","","","","","","","","","","","","","","","","","","0654","1754","","12.3","","","","","","0","-0.26","6.0","15.6","8.9","","","0.5","0.0","","","","","","","","","","","","","","","","","","","","","","","","","","","","","","","","","","","","","","","","","","","","","","","","","","","","","","","","","","","","","","","","","","","","","","","","","","","","","","","","","","",""
"USW00023272","2024-02-21T04:59:00","37.7705","-122.4269","45.7","SAN FRANCISCO DOWNTOWN, CA US","FM-15","343","","","","0.3","","","","","","","","","","","","","","","","","","","","","","","","","","","","","","","","","","","","","","","","","","","","","","","","","","","","","","","","","","","","","","","","","","","","","","","","","","","","","","","","","","","","","","","","","","","","","","","","","","","","","","","","","","","","","","","","",""
"USW00023272","2024-02-21T11:59:00","37.7705","-122.4269","45.7","SAN FRANCISCO DOWNTOWN, CA US","FM-15","343","","","","0.3","","","","","","","","","","","","","","","","","","","","","","","","","","","","","","","","","","","","","","","","","","","","","","","","","","","","","","","","","","","","","","","","","","","","","","","","","","","","","","","","","","","","","","","","","","","","","","","","","","","","","","","","","","","","","","","","",""
"USW00023272","2024-02-22T00:00:00","37.7705","-122.4269","45.7","SAN FRANCISCO DOWNTOWN, CA US","SOD","","","","","","","","","","","","","","","","","","0652","1755","","13.1","","","","","","0","0.49","5.2","16.1","10.0","","","0.0","0.0","","","","","","","","","","","","","","","","","","","","","","","","","","","","","","","","","","","","","","","","","","","","","","","","","","","","","","","","","","","","","","","","","","","","","","","","","","","","","","","","","","",""
"USW00023272","2024-02-23T00:00:00","37.7705","-122.4269","45.7","SAN FRANCISCO DOWNTOWN, CA US","SOD","","","","","","","","","","","","","","","","","","0651","1756","","14.5","","","","","","0","1.89","3.8","18.9","10.0","","","0.0","0.0","","","","","","","","","","","","","","","","","","","","","","","","","","","","","","","","","","","","","","","","","","","","","","","","","","","","","","","","","","","","","","","","","","","","","","","","","","","","","","","","","","",""
"USW00023272","2024-02-24T00:00:00","37.7705","-122.4269","45.7","SAN FRANCISCO DOWNTOWN, CA US","SOD","","","","","","","","","","","","","","","","","","0650","1757","","16.7","","","","","","0","4.03","1.6","21.7","11.7","","","0.0","0.0","","","","","","","","","","","","","","","","","","","","","","","","","","","","","","","","","","","","","","","","","","","","","","","","","","","","","","","","","","","","","","","","","","","","","","","","","","","","","","","","","","",""
"USW00023272","2024-02-25T00:00:00","37.7705","-122.4269","45.7","SAN FRANCISCO DOWNTOWN, CA US","SOD","","","","","","","","","","","","","","","","","","0648","1758","","14.5","","","","","","0","1.83","3.8","17.2","11.7","","","0.0","0.0","","","","","","","","","","","","","","","","","","","","","","","","","","","","","","","","","","","","","","","","","","","","","","","","","","","","","","","","","","","","","","","","","","","","","","","","","","","","","","","","","","",""
"USW00023272","2024-02-26T00:00:00","37.7705","-122.4269","45.7","SAN FRANCISCO DOWNTOWN, CA US","SOD","","","","","","","","","","","","","","","","","","0647","1759","","13.7","","","","","","0","0.98","4.6","16.7","10.6","","","0.0","0.0","","","","","","","","","","","","","","","","","","","","","","","","","","","","","","","","","","","","","","","","","","","","","","","","","","","","","","","","","","","","","","","","","","","","","","","","","","","","","","","","","","",""
"USW00023272","2024-02-27T00:00:00","37.7705","-122.4269","45.7","SAN FRANCISCO DOWNTOWN, CA US","SOD","","","","","","","","","","","","","","","","","","0646","1800","","12.2","","","","","","0","-0.52","6.1","16.1","8.3","","","0.0","0.0","","","","","","","","","","","","","","","","","","","","","","","","","","","","","","","","","","","","","","","","","","","","","","","","","","","","","","","","","","","","","","","","","","","","","","","","","","","","","","","","","","",""
"USW00023272","2024-02-28T00:00:00","37.7705","-122.4269","45.7","SAN FRANCISCO DOWNTOWN, CA US","SOD","","","","","","","","","","","","","","","","","","0644","1801","","13.9","","","","","","0","1.12","4.4","18.9","8.9","","","0.0","0.0","","","","","","","","","","","","","","","","","","","","","","","","","","","","","","","","","","","","","","","","","","","","","","","","","","","","","","","","","","","","","","","","","","","","","","","","","","","","","","","","","","",""
"USW00023272","2024-02-29T00:00:00","37.7705","-122.4269","45.7","SAN FRANCISCO DOWNTOWN, CA US","SOD","","","","","","","","","","","","","","","","","","0643","1802","","12.8","","","","","","0","0.02","5.5","15.0","10.6","","","2.5","","","","","","","","","","","","","","","","","","","","","","","","","","","","","","","","","","","","","","","","","","","","","","","","","","","","","","","","","","","","","","","","","","","","","","","","","","","","","","","","","","","",""
"USW00023272","2024-02-29T07:59:00","37.7705","-122.4269","45.7","SAN FRANCISCO DOWNTOWN, CA US","FM-15","343","","","","0.3","","","","","","","","","","","","","","","","","","","","","","","","","","","","","","","","","","","","","","","","","","","","","","","","","","","","","","","","","","","","","","","","","","","","","","","","","","","","","","","","","","","","","","","","","","","","","","","","","","","","","","","","","","","","","","","","",""
"USW00023272","2024-02-29T16:59:00","37.7705","-122.4269","45.7","SAN FRANCISCO DOWNTOWN, CA US","FM-15","343","","","","1.3","","","","","","","","","","","","","","","","","","","","","","","","","","","","","","","","","","","","","","","","","","","","","","","","","","","","","","","","","","","","","","","","","","","","","","","","","","","","","","","","","","","","","","","","","","","","","","","","","","","","","","","","","","","","","","","","",""
"USW00023272","2024-02-29T17:59:00","37.7705","-122.4269","45.7","SAN FRANCISCO DOWNTOWN, CA US","FM-15","343","","","","0.8","","","","","","","","","","","","","","","","","","","","","","","","","","","","","","","","","","","","","","","","","","","","","","","","","","","","","","","","","","","","","","","","","","","","","","","","","","","","","","","","","","","","","","","","","","","","","","","","","","","","","","","","","","","","","","","","",""
"USW00023272","2024-02-29T23:59:00","37.7705","-122.4269","45.7","SAN FRANCISCO DOWNTOWN, CA US","FM-15","343","","","","0.3","","","","","","","","","","","","","","","","","","","","","","","","","","","","","","","","","","","","","","","","","","","","","","","","","","","","","","","","","","","","","","","","","","","","","","","","","","","","","","","","","","","","","","","","","","","","","","","","","","","","","","","","","","","","","","","","",""
"USW00023272","2024-03-01T00:00:00","37.7705","-122.4269","45.7","SAN FRANCISCO DOWNTOWN, CA US","SOD","","","","","","","","","","","","","","","","","","0642","1803","","11.7","","","","","","0","-1.08","6.6","13.9","9.4","","","29.7","0.0","","","","","","","","","","","","","","","","","","","","","","","","","","","","","","","","","","","","","","","","","","","","","","","","","","","","","","","","","","","","","","","","","","","","","","","","","","","","","","","","","","",""
"USW00023272","2024-03-01T00:00:00","37.7705","-122.4269","45.7","SAN FRANCISCO DOWNTOWN, CA US","SOM","","","","","","","","","","","","","","","","","","","","","","","","","","","","","","","","","","","","","","","","","15","11","0","0","0","0","-0.12","-0.32","3.07","-0.83","0.61","21.6","","29.7","01-01","0","","","","","","","15.89","12.94","","","","10.00","","","101.6","","","","0.9","0.9","","","167.9","","","2.2","296.7","","","","","","","","","","","","","","","","","","","","","","","","","","","","","","","","","","",""
"USW00023272","2024-03-01T00:59:00","37.7705","-122.4269","45.7","SAN FRANCISCO DOWNTOWN, CA US","FM-15","343","","","","0.8","","","","","","","","","","","","","","","","","","","","","","","","","","","","","","","","","","","","","","","","","","","","","","","","","","","","","","","","","","","","","","","","","","","","","","","","","","","","","","","","","","","","","","","","","","","","","","","","","","","","","","","","","","","","","","","","",""
"USW00023272","2024-03-01T01:59:00","37.7705","-122.4269","45.7","SAN FRANCISCO DOWNTOWN, CA US","FM-15","343","","","","1.8","","","","","","","","","","","","","","","","","","","","","","","","","","","","","","","","","","","","","","","","","","","","","","","","","","","","","","","","","","","","","","","","","","","","","","","","","","","","","","","","","","","","","","","","","","","","","","","","","","","","","","","","","","","","","","","","",""
"USW00023272","2024-03-01T02:59:00","37.7705","-122.4269","45.7","SAN FRANCISCO DOWNTOWN, CA US","FM-15","343","","","","1.0","","","","","","","","","","","","","","","","","","","","","","","","","","","","","","","","","","","","","","","","","","","","","","","","","","","","","","","","","","","","","","","","","","","","","","","","","","","","","","","","","","","","","","","","","","","","","","","","","","","","","","","","","","","","","","","","",""
"USW00023272","2024-03-01T03:59:00","37.7705","-122.4269","45.7","SAN FRANCISCO DOWNTOWN, CA US","FM-15","343","","","","0.5","","","","","","","","","","","","","","","","","","","","","","","","","","","","","","","","","","","","","","","","","","","","","","","","","","","","","","","","","","","","","","","","","","","","","","","","","","","","","","","","","","","","","","","","","","","","","","","","","","","","","","","","","","","","","","","","",""
"USW00023272","2024-03-01T07:59:00","37.7705","-122.4269","45.7","SAN FRANCISCO DOWNTOWN, CA US","FM-15","343","","","","0.3","","","","","","","","","","","","","","","","","","","","","","","","","","","","","","","","","","","","","","","","","","","","","","","","","","","","","","","","","","","","","","","","","","","","","","","","","","","","","","","","","","","","","","","","","","","","","","","","","","","","","","","","","","","","","","","","",""
"USW00023272","2024-03-01T12:59:00","37.7705","-122.4269","45.7","SAN FRANCISCO DOWNTOWN, CA US","FM-15","343","","","","0.8","","","","","","","","","","","","","","","","","","","","","","","","","","","","","","","","","","","","","","","","","","","","","","","","","","","","","","","","","","","","","","","","","","","","","","","","","","","","","","","","","","","","","","","","","","","","","","","","","","","","","","","","","","","","","","","","",""
"USW00023272","2024-03-01T13:59:00","37.7705","-122.4269","45.7","SAN FRANCISCO DOWNTOWN, CA US","FM-15","343","","","","1.8","","","","","","","","","","","","","","","","","","","","","","","","","","","","","","","","","","","","","","","","","","","","","","","","","","","","","","","","","","","","","","","","","","","","","","","","","","","","","","","","","","","","","","","","","","","","","","","","","","","","","","","","","","","","","","","","",""
"USW00023272","2024-03-01T16:59:00","37.7705","-122.4269","45.7","SAN FRANCISCO DOWNTOWN, CA US","FM-15","343","","","","7.4","","","","","","","","","","","","","","","","","","","","","","","","","","","","","","","","","","","","","","","","","","","","","","","","","","","","","","","","","","","","","","","","","","","","","","","","","","","","","","","","","","","","","","","","","","","","","","","","","","","","","","","","","","","","","","","","",""
"USW00023272","2024-03-01T17:59:00","37.7705","-122.4269","45.7","SAN FRANCISCO DOWNTOWN, CA US","FM-15","343","","","","11.2","","","","","","","","","","","","","","","","","","","","","","","","","","","","","","","","","","","","","","","","","","","","","","","","","","","","","","","","","","","","","","","","","","","","","","","","","","","","","","","","","","","","","","","","","","","","","","","","","","","","","","","","","","","","","","","","",""
"USW00023272","2024-03-01T20:59:00","37.7705","-122.4269","45.7","SAN FRANCISCO DOWNTOWN, CA US","FM-15","343","","","","2.0","","","","","","","","","","","","","","","","","","","","","","","","","","","","","","","","","","","","","","","","","","","","","","","","","","","","","","","","","","","","","","","","","","","","","","","","","","","","","","","","","","","","","","","","","","","","","","","","","","","","","","","","","","","","","","","","",""
"USW00023272","2024-03-01T21:59:00","37.7705","-122.4269","45.7","SAN FRANCISCO DOWNTOWN, CA US","FM-15","343","","","","1.3","","","","","","","","","","","","","","","","","","","","","","","","","","","","","","","","","","","","","","","","","","","","","","","","","","","","","","","","","","","","","","","","","","","","","","","","","","","","","","","","","","","","","","","","","","","","","","","","","","","","","","","","","","","","","","","","",""
"USW00023272","2024-03-01T22:59:00","37.7705","-122.4269","45.7","SAN FRANCISCO DOWNTOWN, CA US","FM-15","343","","","","1.0","","","","","","","","","","","","","","","","","","","","","","","","","","","","","","","","","","","","","","","","","","","","","","","","","","","","","","","","","","","","","","","","","","","","","","","","","","","","","","","","","","","","","","","","","","","","","","","","","","","","","","","","","","","","","","","","",""
"USW00023272","2024-03-02T00:00:00","37.7705","-122.4269","45.7","SAN FRANCISCO DOWNTOWN, CA US","SOD","","","","","","","","","","","","","","","","","","0640","1804","","9.5","","","","","","0","-3.33","8.8","12.2","6.7","","","8.9","0.0","","","","","","","","","","","","","","","","","","","","","","","","","","","","","","","","","","","","","","","","","","","","","","","","","","","","","","","","","","","","","","","","","","","","","","","","","","","","","","","","","","",""
"USW00023272","2024-03-02T00:59:00","37.7705","-122.4269","45.7","SAN FRANCISCO DOWNTOWN, CA US","FM-15","343","","","","0.5","","","","","","","","","","","","","","","","","","","","","","","","","","","","","","","","","","","","","","","","","","","","","","","","","","","","","","","","","","","","","","","","","","","","","","","","","","","","","","","","","","","","","","","","","","","","","","","","","","","","","","","","","","","","","","","","",""
"USW00023272","2024-03-02T01:59:00","37.7705","-122.4269","45.7","SAN FRANCISCO DOWNTOWN, CA US","FM-15","343","","","","0.3","","","","","","","","","","","","","","","","","","","","","","","","","","","","","","","","","","","","","","","","","","","","","","","","","","","","","","","","","","","","","","","","","","","","","","","","","","","","","","","","","","","","","","","","","","","","","","","","","","","","","","","","","","","","","","","","",""
"USW00023272","2024-03-02T02:59:00","37.7705","-122.4269","45.7","SAN FRANCISCO DOWNTOWN, CA US","FM-15","343","","","","0.5","","","","","","","","","","","","","","","","","","","","","","","","","","","","","","","","","","","","","","","","","","","","","","","","","","","","","","","","","","","","","","","","","","","","","","","","","","","","","","","","","","","","","","","","","","","","","","","","","","","","","","","","","","","","","","","","",""
"USW00023272","2024-03-02T03:59:00","37.7705","-122.4269","45.7","SAN FRANCISCO DOWNTOWN, CA US","FM-15","343","","","","0.8","","","","","","","","","","","","","","","","","","","","","","","","","","","","","","","","","","","","","","","","","","","","","","","","","","","","","","","","","","","","","","","","","","","","","","","","","","","","","","","","","","","","","","","","","","","","","","","","","","","","","","","","","","","","","","","","",""
"USW00023272","2024-03-02T04:59:00","37.7705","-122.4269","45.7","SAN FRANCISCO DOWNTOWN, CA US","FM-15","343","","","","1.3","","","","","","","","","","","","","","","","","","","","","","","","","","","","","","","","","","","","","","","","","","","","","","","","","","","","","","","","","","","","","","","","","","","","","","","","","","","","","","","","","","","","","","","","","","","","","","","","","","","","","","","","","","","","","","","","",""
"USW00023272","2024-03-02T13:59:00","37.7705","-122.4269","45.7","SAN FRANCISCO DOWNTOWN, CA US","FM-15","343","","","","0.8","","","","","","","","","","","","","","","","","","","","","","","","","","","","","","","","","","","","","","","","","","","","","","","","","","","","","","","","","","","","","","","","","","","","","","","","","","","","","","","","","","","","","","","","","","","","","","","","","","","","","","","","","","","","","","","","",""
"USW00023272","2024-03-02T14:59:00","37.7705","-122.4269","45.7","SAN FRANCISCO DOWNTOWN, CA US","FM-15","343","","","","1.8","","","","","","","","","","","","","","","","","","","","","","","","","","","","","","","","","","","","","","","","","","","","","","","","","","","","","","","","","","","","","","","","","","","","","","","","","","","","","","","","","","","","","","","","","","","","","","","","","","","","","","","","","","","","","","","","",""
"USW00023272","2024-03-02T15:59:00","37.7705","-122.4269","45.7","SAN FRANCISCO DOWNTOWN, CA US","FM-15","343","","","","0.8","","","","","","","","","","","","","","","","","","","","","","","","","","","","","","","","","","","","","","","","","","","","","","","","","","","","","","","","","","","","","","","","","","","","","","","","","","","","","","","","","","","","","","","","","","","","","","","","","","","","","","","","","","","","","","","","",""
"USW00023272","2024-03-02T21:59:00","37.7705","-122.4269","45.7","SAN FRANCISCO DOWNTOWN, CA US","FM-15","343","","","","2.0","","","","","","","","","","","","","","","","","","","","","","","","","","","","","","","","","","","","","","","","","","","","","","","","","","","","","","","","","","","","","","","","","","","","","","","","","","","","","","","","","","","","","","","","","","","","","","","","","","","","","","","","","","","","","","","","",""
"USW00023272","2024-03-02T22:59:00","37.7705","-122.4269","45.7","SAN FRANCISCO DOWNTOWN, CA US","FM-15","343","","","","0.3","","","","","","","","","","","","","","","","","","","","","","","","","","","","","","","","","","","","","","","","","","","","","","","","","","","","","","","","","","","","","","","","","","","","","","","","","","","","","","","","","","","","","","","","","","","","","","","","","","","","","","","","","","","","","","","","",""
"USW00023272","2024-03-03T00:00:00","37.7705","-122.4269","45.7","SAN FRANCISCO DOWNTOWN, CA US","SOD","","","","","","","","","","","","","","","","","","0639","1805","","10.0","","","","","","0","-2.83","8.3","12.8","7.2","","","4.3","0.0","","","","","","","","","","","","","","","","","","","","","","","","","","","","","","","","","","","","","","","","","","","","","","","","","","","","","","","","","","","","","","","","","","","","","","","","","","","","","","","","","","",""
"USW00023272","2024-03-03T07:59:00","37.7705","-122.4269","45.7","SAN FRANCISCO DOWNTOWN, CA US","FM-15","343","","","","1.0","","","","","","","","","","","","","","","","","","","","","","","","","","","","","","","","","","","","","","","","","","","","","","","","","","","","","","","","","","","","","","","","","","","","","","","","","","","","","","","","","","","","","","","","","","","","","","","","","","","","","","","","","","","","","","","","",""
"USW00023272","2024-03-03T10:59:00","37.7705","-122.4269","45.7","SAN FRANCISCO DOWNTOWN, CA US","FM-15","343","","","","0.3","","","","","","","","","","","","","","","","","","","","","","","","","","","","","","","","","","","","","","","","","","","","","","","","","","","","","","","","","","","","","","","","","","","","","","","","","","","","","","","","","","","","","","","","","","","","","","","","","","","","","","","","","","","","","","","","",""
"USW00023272","2024-03-03T13:59:00","37.7705","-122.4269","45.7","SAN FRANCISCO DOWNTOWN, CA US","FM-15","343","","","","0.3","","","","","","","","","","","","","","","","","","","","","","","","","","","","","","","","","","","","","","","","","","","","","","","","","","","","","","","","","","","","","","","","","","","","","","","","","","","","","","","","","","","","","","","","","","","","","","","","","","","","","","","","","","","","","","","","",""
"USW00023272","2024-03-03T14:59:00","37.7705","-122.4269","45.7","SAN FRANCISCO DOWNTOWN, CA US","FM-15","343","","","","0.8","","","","","","","","","","","","","","","","","","","","","","","","","","","","","","","","","","","","","","","","","","","","","","","","","","","","","","","","","","","","","","","","","","","","","","","","","","","","","","","","","","","","","","","","","","","","","","","","","","","","","","","","","","","","","","","","",""
"USW00023272","2024-03-03T15:59:00","37.7705","-122.4269","45.7","SAN FRANCISCO DOWNTOWN, CA US","FM-15","343","","","","0.3","","","","","","","","","","","","","","","","","","","","","","","","","","","","","","","","","","","","","","","","","","","","","","","","","","","","","","","","","","","","","","","","","","","","","","","","","","","","","","","","","","","","","","","","","","","","","","","","","","","","","","","","","","","","","","","","",""
"USW00023272","2024-03-03T16:59:00","37.7705","-122.4269","45.7","SAN FRANCISCO DOWNTOWN, CA US","FM-15","343","","","","0.8","","","","","","","","","","","","","","","","","","","","","","","","","","","","","","","","","","","","","","","","","","","","","","","","","","","","","","","","","","","","","","","","","","","","","","","","","","","","","","","","","","","","","","","","","","","","","","","","","","","","","","","","","","","","","","","","",""
"USW00023272","2024-03-03T20:59:00","37.7705","-122.4269","45.7","SAN FRANCISCO DOWNTOWN, CA US","FM-15","343","","","","0.5","","","","","","","","","","","","","","","","","","","","","","","","","","","","","","","","","","","","","","","","","","","","","","","","","","","","","","","","","","","","","","","","","","","","","","","","","","","","","","","","","","","","","","","","","","","","","","","","","","","","","","","","","","","","","","","","",""
"USW00023272","2024-03-03T21:59:00","37.7705","-122.4269","45.7","SAN FRANCISCO DOWNTOWN, CA US","FM-15","343","","","","0.3","","","","","","","","","","","","","","","","","","","","","","","","","","","","","","","","","","","","","","","","","","","","","","","","","","","","","","","","","","","","","","","","","","","","","","","","","","","","","","","","","","","","","","","","","","","","","","","","","","","","","","","","","","","","","","","","",""
"USW00023272","2024-03-03T23:59:00","37.7705","-122.4269","45.7","SAN FRANCISCO DOWNTOWN, CA US","FM-15","343","","","","0.3","","","","","","","","","","","","","","","","","","","","","","","","","","","","","","","","","","","","","","","","","","","","","","","","","","","","","","","","","","","","","","","","","","","","","","","","","","","","","","","","","","","","","","","","","","","","","","","","","","","","","","","","","","","","","","","","",""
"USW00023272","2024-03-04T00:00:00","37.7705","-122.4269","45.7","SAN FRANCISCO DOWNTOWN, CA US","SOD","","","","","","","","","","","","","","","","","","0637","1806","","11.1","","","","","","0","-1.73","7.2","14.4","7.8","","","3.6","0.0","","","","","","","","","","","","","","","","","","","","","","","","","","","","","","","","","","","","","","","","","","","","","","","","","","","","","","","","","","","","","","","","","","","","","","","","","","","","","","","","","","",""
"USW00023272","2024-03-04T00:59:00","37.7705","-122.4269","45.7","SAN FRANCISCO DOWNTOWN, CA US","FM-15","343","","","","0.8","","","","","","","","","","","","","","","","","","","","","","","","","","","","","","","","","","","","","","","","","","","","","","","","","","","","","","","","","","","","","","","","","","","","","","","","","","","","","","","","","","","","","","","","","","","","","","","","","","","","","","","","","","","","","","","","",""
"USW00023272","2024-03-04T02:59:00","37.7705","-122.4269","45.7","SAN FRANCISCO DOWNTOWN, CA US","FM-15","343","","","","1.0","","","","","","","","","","","","","","","","","","","","","","","","","","","","","","","","","","","","","","","","","","","","","","","","","","","","","","","","","","","","","","","","","","","","","","","","","","","","","","","","","","","","","","","","","","","","","","","","","","","","","","","","","","","","","","","","",""
"USW00023272","2024-03-04T05:59:00","37.7705","-122.4269","45.7","SAN FRANCISCO DOWNTOWN, CA US","FM-15","343","","","","1.8","","","","","","","","","","","","","","","","","","","","","","","","","","","","","","","","","","","","","","","","","","","","","","","","","","","","","","","","","","","","","","","","","","","","","","","","","","","","","","","","","","","","","","","","","","","","","","","","","","","","","","","","","","","","","","","","",""
"USW00023272","2024-03-05T00:00:00","37.7705","-122.4269","45.7","SAN FRANCISCO DOWNTOWN, CA US","SOD","","","","","","","","","","","","","","","","","","0636","1807","","12.5","","","","","","0","-0.39","5.8","15.6","9.4","","","0.5","0.0","","","","","","","","","","","","","","","","","","","","","","","","","","","","","","","","","","","","","","","","","","","","","","","","","","","","","","","","","","","","","","","","","","","","","","","","","","","","","","","","","","",""
"USW00023272","2024-03-05T06:59:00","37.7705","-122.4269","45.7","SAN FRANCISCO DOWNTOWN, CA US","FM-15","343","","","","0.3","","","","","","","","","","","","","","","","","","","","","","","","","","","","","","","","","","","","","","","","","","","","","","","","","","","","","","","","","","","","","","","","","","","","","","","","","","","","","","","","","","","","","","","","","","","","","","","","","","","","","","","","","","","","","","","","",""
"USW00023272","2024-03-05T07:59:00","37.7705","-122.4269","45.7","SAN FRANCISCO DOWNTOWN, CA US","FM-15","343","","","","0.3","","","","","","","","","","","","","","","","","","","","","","","","","","","","","","","","","","","","","","","","","","","","","","","","","","","","","","","","","","","","","","","","","","","","","","","","","","","","","","","","","","","","","","","","","","","","","","","","","","","","","","","","","","","","","","","","",""
"USW00023272","2024-03-06T00:00:00","37.7705","-122.4269","45.7","SAN FRANCISCO DOWNTOWN, CA US","SOD","","","","","","","","","","","","","","","","","","0634","1808","","12.0","","","","","","0","-0.89","6.3","13.9","10.0","","","1.8","0.0","","","","","","","","","","","","","","","","","","","","","","","","","","","","","","","","","","","","","","","","","","","","","","","","","","","","","","","","","","","","","","","","","","","","","","","","","","","","","","","","","","",""
"USW00023272","2024-03-06T06:59:00","37.7705","-122.4269","45.7","SAN FRANCISCO DOWNTOWN, CA US","FM-15","343","","","","1.3","","","","","","","","","","","","","","","","","","","","","","","","","","","","","","","","","","","","","","","","","","","","","","","","","","","","","","","","","","","","","","","","","","","","","","","","","","","","","","","","","","","","","","","","","","","","","","","","","","","","","","","","","","","","","","","","",""
"USW00023272","2024-03-06T07:59:00","37.7705","-122.4269","45.7","SAN FRANCISCO DOWNTOWN, CA US","FM-15","343","","","","0.5","","","","","","","","","","","","","","","","","","","","","","","","","","","","","","","","","","","","","","","","","","","","","","","","","","","","","","","","","","","","","","","","","","","","","","","","","","","","","","","","","","","","","","","","","","","","","","","","","","","","","","","","","","","","","","","","",""
"USW00023272","2024-03-07T00:00:00","37.7705","-122.4269","45.7","SAN FRANCISCO DOWNTOWN, CA US","SOD","","","","","","","","","","","","","","","","","","0633","1809","","12.5","","","","","","0","-0.39","5.8","15.6","9.4","","","0.0","0.0","","","","","","","","","","","","","","","","","","","","","","","","","","","","","","","","","","","","","","","","","","","","","","","","","","","","","","","","","","","","","","","","","","","","","","","","","","","","","","","","","","",""
"USW00023272","2024-03-08T00:00:00","37.7705","-122.4269","45.7","SAN FRANCISCO DOWNTOWN, CA US","SOD","","","","","","","","","","","","","","","","","","0631","1810","","13.3","","","","","","0","0.36","5.0","18.3","8.3","","","0.0","0.0","","","","","","","","","","","","","","","","","","","","","","","","","","","","","","","","","","","","","","","","","","","","","","","","","","","","","","","","","","","","","","","","","","","","","","","","","","","","","","","","","","",""
"USW00023272","2024-03-09T00:00:00","37.7705","-122.4269","45.7","SAN FRANCISCO DOWNTOWN, CA US","SOD","","","","","","","","","","","","","","","","","","0630","1811","","13.1","","","","","","0","0.16","5.2","15.6","10.6","","","0.0","0.0","","","","","","","","","","","","","","","","","","","","","","","","","","","","","","","","","","","","","","","","","","","","","","","","","","","","","","","","","","","","","","","","","","","","","","","","","","","","","","","","","","",""
"USW00023272","2024-03-10T00:00:00","37.7705","-122.4269","45.7","SAN FRANCISCO DOWNTOWN, CA US","SOD","","","","","","","","","","","","","","","","","","0629","1812","","13.9","","","","","","0","0.96","4.4","16.7","11.1","","","2.8","0.0","","","","","","","","","","","","","","","","","","","","","","","","","","","","","","","","","","","","","","","","","","","","","","","","","","","","","","","","","","","","","","","","","","","","","","","","","","","","","","","","","","",""
"USW00023272","2024-03-10T22:59:00","37.7705","-122.4269","45.7","SAN FRANCISCO DOWNTOWN, CA US","FM-15","343","","","","0.8","","","","","","","","","","","","","","","","","","","","","","","","","","","","","","","","","","","","","","","","","","","","","","","","","","","","","","","","","","","","","","","","","","","","","","","","","","","","","","","","","","","","","","","","","","","","","","","","","","","","","","","","","","","","","","","","",""
"USW00023272","2024-03-10T23:59:00","37.7705","-122.4269","45.7","SAN FRANCISCO DOWNTOWN, CA US","FM-15","343","","","","2.0","","","","","","","","","","","","","","","","","","","","","","","","","","","","","","","","","","","","","","","","","","","","","","","","","","","","","","","","","","","","","","","","","","","","","","","","","","","","","","","","","","","","","","","","","","","","","","","","","","","","","","","","","","","","","","","","",""
"USW00023272","2024-03-11T00:00:00","37.7705","-122.4269","45.7","SAN FRANCISCO DOWNTOWN, CA US","SOD","","","","","","","","","","","","","","","","","","0627","1813","","12.0","","","","","","0","-1.00","6.3","15.0","8.9","","","3.3","0.0","","","","","","","","","","","","","","","","","","","","","","","","","","","","","","","","","","","","","","","","","","","","","","","","","","","","","","","","","","","","","","","","","","","","","","","","","","","","","","","","","","",""
"USW00023272","2024-03-11T00:59:00","37.7705","-122.4269","45.7","SAN FRANCISCO DOWNTOWN, CA US","FM-15","343","","","","3.0","","","","","","","","","","","","","","","","","","","","","","","","","","","","","","","","","","","","","","","","","","","","","","","","","","","","","","","","","","","","","","","","","","","","","","","","","","","","","","","","","","","","","","","","","","","","","","","","","","","","","","","","","","","","","","","","",""
"USW00023272","2024-03-11T01:59:00","37.7705","-122.4269","45.7","SAN FRANCISCO DOWNTOWN, CA US","FM-15","343","","","","0.3","","","","","","","","","","","","","","","","","","","","","","","","","","","","","","","","","","","","","","","","","","","","","","","","","","","","","","","","","","","","","","","","","","","","","","","","","","","","","","","","","","","","","","","","","","","","","","","","","","","","","","","","","","","","","","","","",""
"USW00023272","2024-03-12T00:00:00","37.7705","-122.4269","45.7","SAN FRANCISCO DOWNTOWN, CA US","SOD","","","","","","","","","","","","","","","","","","0626","1814","","12.8","","","","","","0","-0.20","5.5","15.6","10.0","","","9.7","0.0","","","","","","","","","","","","","","","","","","","","","","","","","","","","","","","","","","","","","","","","","","","","","","","","","","","","","","","","","","","","","","","","","","","","","","","","","","","","","","","","","","",""
"USW00023272","2024-03-12T01:59:00","37.7705","-122.4269","45.7","SAN FRANCISCO DOWNTOWN, CA US","FM-15","343","","","","0.5","","","","","","","","","","","","","","","","","","","","","","","","","","","","","","","","","","","","","","","","","","","","","","","","","","","","","","","","","","","","","","","","","","","","","","","","","","","","","","","","","","","","","","","","","","","","","","","","","","","","","","","","","","","","","","","","",""
"USW00023272","2024-03-12T02:59:00","37.7705","-122.4269","45.7","SAN FRANCISCO DOWNTOWN, CA US","FM-15","343","","","","0.3","","","","","","","","","","","","","","","","","","","","","","","","","","","","","","","","","","","","","","","","","","","","","","","","","","","","","","","","","","","","","","","","","","","","","","","","","","","","","","","","","","","","","","","","","","","","","","","","","","","","","","","","","","","","","","","","",""
"USW00023272","2024-03-12T03:59:00","37.7705","-122.4269","45.7","SAN FRANCISCO DOWNTOWN, CA US","FM-15","343","","","","1.0","","","","","","","","","","","","","","","","","","","","","","","","","","","","","","","","","","","","","","","","","","","","","","","","","","","","","","","","","","","","","","","","","","","","","","","","","","","","","","","","","","","","","","","","","","","","","","","","","","","","","","","","","","","","","","","","",""
"USW00023272","2024-03-12T04:59:00","37.7705","-122.4269","45.7","SAN FRANCISCO DOWNTOWN, CA US","FM-15","343","","","","1.5","","","","","","","","","","","","","","","","","","","","","","","","","","","","","","","","","","","","","","","","","","","","","","","","","","","","","","","","","","","","","","","","","","","","","","","","","","","","","","","","","","","","","","","","","","","","","","","","","","","","","","","","","","","","","","","","",""
"USW00023272","2024-03-12T05:59:00","37.7705","-122.4269","45.7","SAN FRANCISCO DOWNTOWN, CA US","FM-15","343","","","","1.3","","","","","","","","","","","","","","","","","","","","","","","","","","","","","","","","","","","","","","","","","","","","","","","","","","","","","","","","","","","","","","","","","","","","","","","","","","","","","","","","","","","","","","","","","","","","","","","","","","","","","","","","","","","","","","","","",""
"USW00023272","2024-03-12T06:59:00","37.7705","-122.4269","45.7","SAN FRANCISCO DOWNTOWN, CA US","FM-15","343","","","","1.0","","","","","","","","","","","","","","","","","","","","","","","","","","","","","","","","","","","","","","","","","","","","","","","","","","","","","","","","","","","","","","","","","","","","","","","","","","","","","","","","","","","","","","","","","","","","","","","","","","","","","","","","","","","","","","","","",""
"USW00023272","2024-03-12T07:59:00","37.7705","-122.4269","45.7","SAN FRANCISCO DOWNTOWN, CA US","FM-15","343","","","","3.6","","","","","","","","","","","","","","","","","","","","","","","","","","","","","","","","","","","","","","","","","","","","","","","","","","","","","","","","","","","","","","","","","","","","","","","","","","","","","","","","","","","","","","","","","","","","","","","","","","","","","","","","","","","","","","","","",""
"USW00023272","2024-03-12T08:59:00","37.7705","-122.4269","45.7","SAN FRANCISCO DOWNTOWN, CA US","FM-15","343","","","","0.5","","","","","","","","","","","","","","","","","","","","","","","","","","","","","","","","","","","","","","","","","","","","","","","","","","","","","","","","","","","","","","","","","","","","","","","","","","","","","","","","","","","","","","","","","","","","","","","","","","","","","","","","","","","","","","","","",""
"USW00023272","2024-03-13T00:00:00","37.7705","-122.4269","45.7","SAN FRANCISCO DOWNTOWN, CA US","SOD","","","","","","","","","","","","","","","","","","0624","1815","","12.5","","","","","","0","-0.50","5.8","16.1","8.9","","","0.0","0.0","","","","","","","","","","","","","","","","","","","","","","","","","","","","","","","","","","","","","","","","","","","","","","","","","","","","","","","","","","","","","","","","","","","","","","","","","","","","","","","","","","",""
"USW00023272","2024-03-14T00:00:00","37.7705","-122.4269","45.7","SAN FRANCISCO DOWNTOWN, CA US","SOD","","","","","","","","","","","","","","","","","","0623","1816","","17.0","","","","","","0","3.94","1.3","20.0","13.9","","","0.0","0.0","","","","","","","","","","","","","","","","","","","","","","","","","","","","","","","","","","","","","","","","","","","","","","","","","","","","","","","","","","","","","","","","","","","","","","","","","","","","","","","","","","",""
"USW00023272","2024-03-15T00:00:00","37.7705","-122.4269","45.7","SAN FRANCISCO DOWNTOWN, CA US","SOD","","","","","","","","","","","","","","","","","","0621","1817","","19.2","","","","","","0.9","6.14","0","22.8","15.6","","","0.0","0.0","","","","","","","","","","","","","","","","","","","","","","","","","","","","","","","","","","","","","","","","","","","","","","","","","","","","","","","","","","","","","","","","","","","","","","","","","","","","","","","","","","",""
"USW00023272","2024-03-16T00:00:00","37.7705","-122.4269","45.7","SAN FRANCISCO DOWNTOWN, CA US","SOD","","","","","","","","","","","","","","","","","","0620","1818","","15.6","","","","","","0","2.54","2.7","19.4","11.7","","","0.0","0.0","","","","","","","","","","","","","","","","","","","","","","","","","","","","","","","","","","","","","","","","","","","","","","","","","","","","","","","","","","","","","","","","","","","","","","","","","","","","","","","","","","",""
"USW00023272","2024-03-17T00:00:00","37.7705","-122.4269","45.7","SAN FRANCISCO DOWNTOWN, CA US","SOD","","","","","","","","","","","","","","","","","","0618","1819","","12.8","","","","","","0","-0.26","5.5","16.1","9.4","","","0.0","0.0","","","","","","","","","","","","","","","","","","","","","","","","","","","","","","","","","","","","","","","","","","","","","","","","","","","","","","","","","","","","","","","","","","","","","","","","","","","","","","","","","","",""
"USW00023272","2024-03-18T00:00:00","37.7705","-122.4269","45.7","SAN FRANCISCO DOWNTOWN, CA US","SOD","","","","","","","","","","","","","","","","","","0617","1820","","13.1","","","","","","0","-0.01","5.2","15.6","10.6","","","0.0","0.0","","","","","","","","","","","","","","","","","","","","","","","","","","","","","","","","","","","","","","","","","","","","","","","","","","","","","","","","","","","","","","","","","","","","","","","","","","","","","","","","","","",""
"USW00023272","2024-03-19T00:00:00","37.7705","-122.4269","45.7","SAN FRANCISCO DOWNTOWN, CA US","SOD","","","","","","","","","","","","","","","","","","0615","1821","","12.8","","","","","","0","-0.31","5.5","15.6","10.0","","","0.0","0.0","","","","","","","","","","","","","","","","","","","","","","","","","","","","","","","","","","","","","","","","","","","","","","","","","","","","","","","","","","","","","","","","","","","","","","","","","","","","","","","","","","",""
"USW00023272","2024-03-20T00:00:00","37.7705","-122.4269","45.7","SAN FRANCISCO DOWNTOWN, CA US","SOD","","","","","","","","","","","","","","","","","","0614","1822","","12.5","","","","","","0","-0.61","5.8","15.6","9.4","","","0.0","0.0","","","","","","","","","","","","","","","","","","","","","","","","","","","","","","","","","","","","","","","","","","","","","","","","","","","","","","","","","","","","","","","","","","","","","","","","","","","","","","","","","","",""
"USW00023272","2024-03-21T00:00:00","37.7705","-122.4269","45.7","SAN FRANCISCO DOWNTOWN, CA US","SOD","","","","","","","","","","","","","","","","","","0612","1822","","14.7","","","","","","0","1.53","3.6","18.3","11.1","","","0.0","0.0","","","","","","","","","","","","","","","","","","","","","","","","","","","","","","","","","","","","","","","","","","","","","","","","","","","","","","","","","","","","","","","","","","","","","","","","","","","","","","","","","","",""
"USW00023272","2024-03-22T00:00:00","37.7705","-122.4269","45.7","SAN FRANCISCO DOWNTOWN, CA US","SOD","","","","","","","","","","","","","","","","","","0610","1823","","14.5","","","","","","0","1.33","3.8","18.3","10.6","","","12.2","0.0","","","","","","","","","","","","","","","","","","","","","","","","","","","","","","","","","","","","","","","","","","","","","","","","","","","","","","","","","","","","","","","","","","","","","","","","","","","","","","","","","","",""
"USW00023272","2024-03-22T18:59:00","37.7705","-122.4269","45.7","SAN FRANCISCO DOWNTOWN, CA US","FM-15","343","","","","2.3","","","","","","","","","","","","","","","","","","","","","","","","","","","","","","","","","","","","","","","","","","","","","","","","","","","","","","","","","","","","","","","","","","","","","","","","","","","","","","","","","","","","","","","","","","","","","","","","","","","","","","","","","","","","","","","","",""
"USW00023272","2024-03-22T19:59:00","37.7705","-122.4269","45.7","SAN FRANCISCO DOWNTOWN, CA US","FM-15","343","","","","4.1","","","","","","","","","","","","","","","","","","","","","","","","","","","","","","","","","","","","","","","","","","","","","","","","","","","","","","","","","","","","","","","","","","","","","","","","","","","","","","","","","","","","","","","","","","","","","","","","","","","","","","","","","","","","","","","","",""
"USW00023272","2024-03-22T20:59:00","37.7705","-122.4269","45.7","SAN FRANCISCO DOWNTOWN, CA US","FM-15","343","","","","1.3","","","","","","","","","","","","","","","","","","","","","","","","","","","","","","","","","","","","","","","","","","","","","","","","","","","","","","","","","","","","","","","","","","","","","","","","","","","","","","","","","","","","","","","","","","","","","","","","","","","","","","","","","","","","","","","","",""
"USW00023272","2024-03-22T21:59:00","37.7705","-122.4269","45.7","SAN FRANCISCO DOWNTOWN, CA US","FM-15","343","","","","4.6","","","","","","","","","","","","","","","","","","","","","","","","","","","","","","","","","","","","","","","","","","","","","","","","","","","","","","","","","","","","","","","","","","","","","","","","","","","","","","","","","","","","","","","","","","","","","","","","","","","","","","","","","","","","","","","","",""
"USW00023272","2024-03-23T00:00:00","37.7705","-122.4269","45.7","SAN FRANCISCO DOWNTOWN, CA US","SOD","","","","","","","","","","","","","","","","","","0609","1824","","12.8","","","","","","0","-0.37","5.5","15.0","10.6","","","3.0","0.0","","","","","","","","","","","","","","","","","","","","","","","","","","","","","","","","","","","","","","","","","","","","","","","","","","","","","","","","","","","","","","","","","","","","","","","","","","","","","","","","","","",""
"USW00023272","2024-03-23T02:59:00","37.7705","-122.4269","45.7","SAN FRANCISCO DOWNTOWN, CA US","FM-15","343","","","","0.8","","","","","","","","","","","","","","","","","","","","","","","","","","","","","","","","","","","","","","","","","","","","","","","","","","","","","","","","","","","","","","","","","","","","","","","","","","","","","","","","","","","","","","","","","","","","","","","","","","","","","","","","","","","","","","","","",""
"USW00023272","2024-03-23T11:59:00","37.7705","-122.4269","45.7","SAN FRANCISCO DOWNTOWN, CA US","FM-15","343","","","","0.5","","","","","","","","","","","","","","","","","","","","","","","","","","","","","","","","","","","","","","","","","","","","","","","","","","","","","","","","","","","","","","","","","","","","","","","","","","","","","","","","","","","","","","","","","","","","","","","","","","","","","","","","","","","","","","","","",""
"USW00023272","2024-03-23T17:59:00","37.7705","-122.4269","45.7","SAN FRANCISCO DOWNTOWN, CA US","FM-15","343","","","","0.3","","","","","","","","","","","","","","","","","","","","","","","","","","","","","","","","","","","","","","","","","","","","","","","","","","","","","","","","","","","","","","","","","","","","","","","","","","","","","","","","","","","","","","","","","","","","","","","","","","","","","","","","","","","","","","","","",""
"USW00023272","2024-03-23T18:59:00","37.7705","-122.4269","45.7","SAN FRANCISCO DOWNTOWN, CA US","FM-15","343","","","","0.3","","","","","","","","","","","","","","","","","","","","","","","","","","","","","","","","","","","","","","","","","","","","","","","","","","","","","","","","","","","","","","","","","","","","","","","","","","","","","","","","","","","","","","","","","","","","","","","","","","","","","","","","","","","","","","","","",""
"USW00023272","2024-03-23T19:59:00","37.7705","-122.4269","45.7","SAN FRANCISCO DOWNTOWN, CA US","FM-15","343","","","","0.3","","","","","","","","","","","","","","","","","","","","","","","","","","","","","","","","","","","","","","","","","","","","","","","","","","","","","","","","","","","","","","","","","","","","","","","","","","","","","","","","","","","","","","","","","","","","","","","","","","","","","","","","","","","","","","","","",""
"USW00023272","2024-03-23T23:59:00","37.7705","-122.4269","45.7","SAN FRANCISCO DOWNTOWN, CA US","FM-15","343","","","","1.0","","","","","","","","","","","","","","","","","","","","","","","","","","","","","","","","","","","","","","","","","","","","","","","","","","","","","","","","","","","","","","","","","","","","","","","","","","","","","","","","","","","","","","","","","","","","","","","","","","","","","","","","","","","","","","","","",""
"USW00023272","2024-03-24T00:00:00","37.7705","-122.4269","45.7","SAN FRANCISCO DOWNTOWN, CA US","SOD","","","","","","","","","","","","","","","","","","0607","1825","","11.9","","","","","","0","-1.27","6.4","14.4","9.4","","","1.8","0.0","","","","","","","","","","","","","","","","","","","","","","","","","","","","","","","","","","","","","","","","","","","","","","","","","","","","","","","","","","","","","","","","","","","","","","","","","","","","","","","","","","",""
"USW00023272","2024-03-24T00:59:00","37.7705","-122.4269","45.7","SAN FRANCISCO DOWNTOWN, CA US","FM-15","343","","","","1.8","","","","","","","","","","","","","","","","","","","","","","","","","","","","","","","","","","","","","","","","","","","","","","","","","","","","","","","","","","","","","","","","","","","","","","","","","","","","","","","","","","","","","","","","","","","","","","","","","","","","","","","","","","","","","","","","",""
"USW00023272","2024-03-25T00:00:00","37.7705","-122.4269","45.7","SAN FRANCISCO DOWNTOWN, CA US","SOD","","","","","","","","","","","","","","","","","","0606","1826","","12.0","","","","","","0","-1.22","6.3","13.9","10.0","","","0.0","0.0","","","","","","","","","","","","","","","","","","","","","","","","","","","","","","","","","","","","","","","","","","","","","","","","","","","","","","","","","","","","","","","","","","","","","","","","","","","","","","","","","","",""
"USW00023272","2024-03-26T00:00:00","37.7705","-122.4269","45.7","SAN FRANCISCO DOWNTOWN, CA US","SOD","","","","","","","","","","","","","","","","","","0604","1827","","12.5","","","","","","0","-0.72","5.8","15.6","9.4","","","0.0","0.0","","","","","","","","","","","","","","","","","","","","","","","","","","","","","","","","","","","","","","","","","","","","","","","","","","","","","","","","","","","","","","","","","","","","","","","","","","","","","","","","","","",""
"USW00023272","2024-03-27T00:00:00","37.7705","-122.4269","45.7","SAN FRANCISCO DOWNTOWN, CA US","SOD","","","","","","","","","","","","","","","","","","0603","1828","","12.8","","","","","","0","-0.42","5.5","15.0","10.6","","","5.1","0.0","","","","","","","","","","","","","","","","","","","","","","","","","","","","","","","","","","","","","","","","","","","","","","","","","","","","","","","","","","","","","","","","","","","","","","","","","","","","","","","","","","",""
"USW00023272","2024-03-27T19:59:00","37.7705","-122.4269","45.7","SAN FRANCISCO DOWNTOWN, CA US","FM-15","343","","","","1.0","","","","","","","","","","","","","","","","","","","","","","","","","","","","","","","","","","","","","","","","","","","","","","","","","","","","","","","","","","","","","","","","","","","","","","","","","","","","","","","","","","","","","","","","","","","","","","","","","","","","","","","","","","","","","","","","",""
"USW00023272","2024-03-27T20:59:00","37.7705","-122.4269","45.7","SAN FRANCISCO DOWNTOWN, CA US","FM-15","343","","","","1.0","","","","","","","","","","","","","","","","","","","","","","","","","","","","","","","","","","","","","","","","","","","","","","","","","","","","","","","","","","","","","","","","","","","","","","","","","","","","","","","","","","","","","","","","","","","","","","","","","","","","","","","","","","","","","","","","",""
"USW00023272","2024-03-27T21:59:00","37.7705","-122.4269","45.7","SAN FRANCISCO DOWNTOWN, CA US","FM-15","343","","","","1.5","","","","","","","","","","","","","","","","","","","","","","","","","","","","","","","","","","","","","","","","","","","","","","","","","","","","","","","","","","","","","","","","","","","","","","","","","","","","","","","","","","","","","","","","","","","","","","","","","","","","","","","","","","","","","","","","",""
"USW00023272","2024-03-27T22:59:00","37.7705","-122.4269","45.7","SAN FRANCISCO DOWNTOWN, CA US","FM-15","343","","","","1.5","","","","","","","","","","","","","","","","","","","","","","","","","","","","","","","","","","","","","","","","","","","","","","","","","","","","","","","","","","","","","","","","","","","","","","","","","","","","","","","","","","","","","","","","","","","","","","","","","","","","","","","","","","","","","","","","",""
"USW00023272","2024-03-28T00:00:00","37.7705","-122.4269","45.7","SAN FRANCISCO DOWNTOWN, CA US","SOD","","","","","","","","","","","","","","","","","","0601","1829","","13.4","","","","","","0","0.18","4.9","16.1","10.6","","","0.0","0.0","","","","","","","","","","","","","","","","","","","","","","","","","","","","","","","","","","","","","","","","","","","","","","","","","","","","","","","","","","","","","","","","","","","","","","","","","","","","","","","","","","",""
"USW00023272","2024-03-29T00:00:00","37.7705","-122.4269","45.7","SAN FRANCISCO DOWNTOWN, CA US","SOD","","","","","","","","","","","","","","","","","","0600","1830","","10.6","","","","","","0","-2.68","7.7","11.7","9.4","","","14.0","0.0","","","","","","","","","","","","","","","","","","","","","","","","","","","","","","","","","","","","","","","","","","","","","","","","","","","","","","","","","","","","","","","","","","","","","","","","","","","","","","","","","","",""
"USW00023272","2024-03-29T07:59:00","37.7705","-122.4269","45.7","SAN FRANCISCO DOWNTOWN, CA US","FM-15","343","","","","1.0","","","","","","","","","","","","","","","","","","","","","","","","","","","","","","","","","","","","","","","","","","","","","","","","","","","","","","","","","","","","","","","","","","","","","","","","","","","","","","","","","","","","","","","","","","","","","","","","","","","","","","","","","","","","","","","","",""
"USW00023272","2024-03-29T08:59:00","37.7705","-122.4269","45.7","SAN FRANCISCO DOWNTOWN, CA US","FM-15","343","","","","1.0","","","","","","","","","","","","","","","","","","","","","","","","","","","","","","","","","","","","","","","","","","","","","","","","","","","","","","","","","","","","","","","","","","","","","","","","","","","","","","","","","","","","","","","","","","","","","","","","","","","","","","","","","","","","","","","","",""
"USW00023272","2024-03-29T09:59:00","37.7705","-122.4269","45.7","SAN FRANCISCO DOWNTOWN, CA US","FM-15","343","","","","1.0","","","","","","","","","","","","","","","","","","","","","","","","","","","","","","","","","","","","","","","","","","","","","","","","","","","","","","","","","","","","","","","","","","","","","","","","","","","","","","","","","","","","","","","","","","","","","","","","","","","","","","","","","","","","","","","","",""
"USW00023272","2024-03-29T10:59:00","37.7705","-122.4269","45.7","SAN FRANCISCO DOWNTOWN, CA US","FM-15","343","","","","0.8","","","","","","","","","","","","","","","","","","","","","","","","","","","","","","","","","","","","","","","","","","","","","","","","","","","","","","","","","","","","","","","","","","","","","","","","","","","","","","","","","","","","","","","","","","","","","","","","","","","","","","","","","","","","","","","","",""
"USW00023272","2024-03-29T11:59:00","37.7705","-122.4269","45.7","SAN FRANCISCO DOWNTOWN, CA US","FM-15","343","","","","1.3","","","","","","","","","","","","","","","","","","","","","","","","","","","","","","","","","","","","","","","","","","","","","","","","","","","","","","","","","","","","","","","","","","","","","","","","","","","","","","","","","","","","","","","","","","","","","","","","","","","","","","","","","","","","","","","","",""
"USW00023272","2024-03-29T12:59:00","37.7705","-122.4269","45.7","SAN FRANCISCO DOWNTOWN, CA US","FM-15","343","","","","3.0","","","","","","","","","","","","","","","","","","","","","","","","","","","","","","","","","","","","","","","","","","","","","","","","","","","","","","","","","","","","","","","","","","","","","","","","","","","","","","","","","","","","","","","","","","","","","","","","","","","","","","","","","","","","","","","","",""
"USW00023272","2024-03-29T13:59:00","37.7705","-122.4269","45.7","SAN FRANCISCO DOWNTOWN, CA US","FM-15","343","","","","3.8","","","","","","","","","","","","","","","","","","","","","","","","","","","","","","","","","","","","","","","","","","","","","","","","","","","","","","","","","","","","","","","","","","","","","","","","","","","","","","","","","","","","","","","","","","","","","","","","","","","","","","","","","","","","","","","","",""
"USW00023272","2024-03-29T18:59:00","37.7705","-122.4269","45.7","SAN FRANCISCO DOWNTOWN, CA US","FM-15","343","","","","0.8","","","","","","","","","","","","","","","","","","","","","","","","","","","","","","","","","","","","","","","","","","","","","","","","","","","","","","","","","","","","","","","","","","","","","","","","","","","","","","","","","","","","","","","","","","","","","","","","","","","","","","","","","","","","","","","","",""
"USW00023272","2024-03-29T19:59:00","37.7705","-122.4269","45.7","SAN FRANCISCO DOWNTOWN, CA US","FM-15","343","","","","0.5","","","","","","","","","","","","","","","","","","","","","","","","","","","","","","","","","","","","","","","","","","","","","","","","","","","","","","","","","","","","","","","","","","","","","","","","","","","","","","","","","","","","","","","","","","","","","","","","","","","","","","","","","","","","","","","","",""
"USW00023272","2024-03-29T20:59:00","37.7705","-122.4269","45.7","SAN FRANCISCO DOWNTOWN, CA US","FM-15","343","","","","0.3","","","","","","","","","","","","","","","","","","","","","","","","","","","","","","","","","","","","","","","","","","","","","","","","","","","","","","","","","","","","","","","","","","","","","","","","","","","","","","","","","","","","","","","","","","","","","","","","","","","","","","","","","","","","","","","","",""
"USW00023272","2024-03-29T21:59:00","37.7705","-122.4269","45.7","SAN FRANCISCO DOWNTOWN, CA US","FM-15","343","","","","0.3","","","","","","","","","","","","","","","","","","","","","","","","","","","","","","","","","","","","","","","","","","","","","","","","","","","","","","","","","","","","","","","","","","","","","","","","","","","","","","","","","","","","","","","","","","","","","","","","","","","","","","","","","","","","","","","","",""
"USW00023272","2024-03-29T22:59:00","37.7705","-122.4269","45.7","SAN FRANCISCO DOWNTOWN, CA US","FM-15","343","","","","0.3","","","","","","","","","","","","","","","","","","","","","","","","","","","","","","","","","","","","","","","","","","","","","","","","","","","","","","","","","","","","","","","","","","","","","","","","","","","","","","","","","","","","","","","","","","","","","","","","","","","","","","","","","","","","","","","","",""
"USW00023272","2024-03-30T00:00:00","37.7705","-122.4269","45.7","SAN FRANCISCO DOWNTOWN, CA US","SOD","","","","","","","","","","","","","","","","","","0558","1831","","13.1","","","","","","0","-0.18","5.2","16.7","9.4","","","1.0","0.0","","","","","","","","","","","","","","","","","","","","","","","","","","","","","","","","","","","","","","","","","","","","","","","","","","","","","","","","","","","","","","","","","","","","","","","","","","","","","","","","","","",""
"USW00023272","2024-03-30T01:59:00","37.7705","-122.4269","45.7","SAN FRANCISCO DOWNTOWN, CA US","FM-15","343","","","","1.0","","","","","","","","","","","","","","","","","","","","","","","","","","","","","","","","","","","","","","","","","","","","","","","","","","","","","","","","","","","","","","","","","","","","","","","","","","","","","","","","","","","","","","","","","","","","","","","","","","","","","","","","","","","","","","","","",""
"USW00023272","2024-03-31T00:00:00","37.7705","-122.4269","45.7","SAN FRANCISCO DOWNTOWN, CA US","SOD","","","","","","","","","","","","","","","","","","0557","1832","","13.7","","","","","","0","0.42","4.6","16.7","10.6","","","0.0","0.0","","","","","","","","","","","","","","","","","","","","","","","","","","","","","","","","","","","","","","","","","","","","","","","","","","","","","","","","","","","","","","","","","","","","","","","","","","","","","","","","","","",""
"USW00023272","2024-04-01T00:00:00","37.7705","-122.4269","45.7","SAN FRANCISCO DOWNTOWN, CA US","SOD","","","","","","","","","","","","","","","","","","0555","1833","","","","","","","","","","","","","","","","0.0","","","","","","","","","","","","","","","","","","","","","","","","","","","","","","","","","","","","","","","","","","","","","","","","","","","","","","","","","","","","","","","","","","","","","","","","","","","","","","","","","","",""
"USW00023272","2024-04-01T00:00:00","37.7705","-122.4269","45.7","SAN FRANCISCO DOWNTOWN, CA US","SOM","","","","","","","","","","","","","","","","","","","","","","","","","","","","","","","","","","","","","","","","","","","","","","","","","","","","","","14.0","13-14","0","","","","","","","","","","","","","","","","","","","","","","","","","","5.1","264.6","","","","","","","","","","","","","","","","","","","","","","","","","","","","","","","","","","",""
"USW00023272","2024-04-02T00:00:00","37.7705","-122.4269","45.7","SAN FRANCISCO DOWNTOWN, CA US","SOD","","","","","","","","","","","","","","","","","","0554","1833","","","","","","","","","","","","","","","","0.0","","","","","","","","","","","","","","","","","","","","","","","","","","","","","","","","","","","","","","","","","","","","","","","","","","","","","","","","","","","","","","","","","","","","","","","","","","","","","","","","","","",""
"USW00023272","2024-04-03T00:00:00","37.7705","-122.4269","45.7","SAN FRANCISCO DOWNTOWN, CA US","SOD","","","","","","","","","","","","","","","","","","0552","1834","","","","","","","","","","","","","","","","0.0","","","","","","","","","","","","","","","","","","","","","","","","","","","","","","","","","","","","","","","","","","","","","","","","","","","","","","","","","","","","","","","","","","","","","","","","","","","","","","","","","","",""
"USW00023272","2024-04-04T00:00:00","37.7705","-122.4269","45.7","SAN FRANCISCO DOWNTOWN, CA US","SOD","","","","","","","","","","","","","","","","","","0551","1835","","","","","","","","","","","","","","","","0.0","","","","","","","","","","","","","","","","","","","","","","","","","","","","","","","","","","","","","","","","","","","","","","","","","","","","","","","","","","","","","","","","","","","","","","","","","","","","","","","","","","",""
"USW00023272","2024-04-05T00:00:00","37.7705","-122.4269","45.7","SAN FRANCISCO DOWNTOWN, CA US","SOD","","","","","","","","","","","","","","","","","","0549","1836","","","","","","","","","","","","","","","","0.0","","","","","","","","","","","","","","","","","","","","","","","","","","","","","","","","","","","","","","","","","","","","","","","","","","","","","","","","","","","","","","","","","","","","","","","","","","","","","","","","","","",""
"USW00023272","2024-04-06T00:00:00","37.7705","-122.4269","45.7","SAN FRANCISCO DOWNTOWN, CA US","SOD","","","","","","","","","","","","","","","","","","0548","1837","","","","","","","","","","","","","","","","0.0","","","","","","","","","","","","","","","","","","","","","","","","","","","","","","","","","","","","","","","","","","","","","","","","","","","","","","","","","","","","","","","","","","","","","","","","","","","","","","","","","","",""
"USW00023272","2024-04-07T00:00:00","37.7705","-122.4269","45.7","SAN FRANCISCO DOWNTOWN, CA US","SOD","","","","","","","","","","","","","","","","","","0546","1838","","","","","","","","","","","","","","","","0.0","","","","","","","","","","","","","","","","","","","","","","","","","","","","","","","","","","","","","","","","","","","","","","","","","","","","","","","","","","","","","","","","","","","","","","","","","","","","","","","","","","",""
"USW00023272","2024-04-08T00:00:00","37.7705","-122.4269","45.7","SAN FRANCISCO DOWNTOWN, CA US","SOD","","","","","","","","","","","","","","","","","","0545","1839","","","","","","","","","","","","","","","","0.0","","","","","","","","","","","","","","","","","","","","","","","","","","","","","","","","","","","","","","","","","","","","","","","","","","","","","","","","","","","","","","","","","","","","","","","","","","","","","","","","","","",""
"USW00023272","2024-04-09T00:00:00","37.7705","-122.4269","45.7","SAN FRANCISCO DOWNTOWN, CA US","SOD","","","","","","","","","","","","","","","","","","0543","1840","","","","","","","","","","","","","","","","0.0","","","","","","","","","","","","","","","","","","","","","","","","","","","","","","","","","","","","","","","","","","","","","","","","","","","","","","","","","","","","","","","","","","","","","","","","","","","","","","","","","","",""
"USW00023272","2024-04-10T00:00:00","37.7705","-122.4269","45.7","SAN FRANCISCO DOWNTOWN, CA US","SOD","","","","","","","","","","","","","","","","","","0542","1841","","","","","","","","","","","","","","","","0.0","","","","","","","","","","","","","","","","","","","","","","","","","","","","","","","","","","","","","","","","","","","","","","","","","","","","","","","","","","","","","","","","","","","","","","","","","","","","","","","","","","",""
"USW00023272","2024-04-11T00:00:00","37.7705","-122.4269","45.7","SAN FRANCISCO DOWNTOWN, CA US","SOD","","","","","","","","","","","","","","","","","","0541","1842","","","","","","","","","","","","","","","","0.0","","","","","","","","","","","","","","","","","","","","","","","","","","","","","","","","","","","","","","","","","","","","","","","","","","","","","","","","","","","","","","","","","","","","","","","","","","","","","","","","","","",""
"USW00023272","2024-04-12T00:00:00","37.7705","-122.4269","45.7","SAN FRANCISCO DOWNTOWN, CA US","SOD","","","","","","","","","","","","","","","","","","0539","1843","","","","","","","","","","","","","","","","0.0","","","","","","","","","","","","","","","","","","","","","","","","","","","","","","","","","","","","","","","","","","","","","","","","","","","","","","","","","","","","","","","","","","","","","","","","","","","","","","","","","","",""
"USW00023272","2024-04-13T00:00:00","37.7705","-122.4269","45.7","SAN FRANCISCO DOWNTOWN, CA US","SOD","","","","","","","","","","","","","","","","","","0538","1843","","","","","","","","","","","","","","","","0.0","","","","","","","","","","","","","","","","","","","","","","","","","","","","","","","","","","","","","","","","","","","","","","","","","","","","","","","","","","","","","","","","","","","","","","","","","","","","","","","","","","",""
"USW00023272","2024-04-14T00:00:00","37.7705","-122.4269","45.7","SAN FRANCISCO DOWNTOWN, CA US","SOD","","","","","","","","","","","","","","","","","","0536","1844","","","","","","","","","","","","","","","","0.0","","","","","","","","","","","","","","","","","","","","","","","","","","","","","","","","","","","","","","","","","","","","","","","","","","","","","","","","","","","","","","","","","","","","","","","","","","","","","","","","","","",""
"USW00023272","2024-04-15T00:00:00","37.7705","-122.4269","45.7","SAN FRANCISCO DOWNTOWN, CA US","SOD","","","","","","","","","","","","","","","","","","0535","1845","","","","","","","","","","","","","","","","0.0","","","","","","","","","","","","","","","","","","","","","","","","","","","","","","","","","","","","","","","","","","","","","","","","","","","","","","","","","","","","","","","","","","","","","","","","","","","","","","","","","","",""
"USW00023272","2024-04-16T00:00:00","37.7705","-122.4269","45.7","SAN FRANCISCO DOWNTOWN, CA US","SOD","","","","","","","","","","","","","","","","","","0533","1846","","","","","","","","","","","","","","","","0.0","","","","","","","","","","","","","","","","","","","","","","","","","","","","","","","","","","","","","","","","","","","","","","","","","","","","","","","","","","","","","","","","","","","","","","","","","","","","","","","","","","",""
"USW00023272","2024-04-17T00:00:00","37.7705","-122.4269","45.7","SAN FRANCISCO DOWNTOWN, CA US","SOD","","","","","","","","","","","","","","","","","","0532","1847","","","","","","","","","","","","","","","","0.0","","","","","","","","","","","","","","","","","","","","","","","","","","","","","","","","","","","","","","","","","","","","","","","","","","","","","","","","","","","","","","","","","","","","","","","","","","","","","","","","","","",""
"USW00023272","2024-04-18T00:00:00","37.7705","-122.4269","45.7","SAN FRANCISCO DOWNTOWN, CA US","SOD","","","","","","","","","","","","","","","","","","0531","1848","","","","","","","","","","","","","","","","0.0","","","","","","","","","","","","","","","","","","","","","","","","","","","","","","","","","","","","","","","","","","","","","","","","","","","","","","","","","","","","","","","","","","","","","","","","","","","","","","","","","","",""
"USW00023272","2024-04-19T00:00:00","37.7705","-122.4269","45.7","SAN FRANCISCO DOWNTOWN, CA US","SOD","","","","","","","","","","","","","","","","","","0529","1849","","","","","","","","","","","","","","","","0.0","","","","","","","","","","","","","","","","","","","","","","","","","","","","","","","","","","","","","","","","","","","","","","","","","","","","","","","","","","","","","","","","","","","","","","","","","","","","","","","","","","",""
"USW00023272","2024-04-20T00:00:00","37.7705","-122.4269","45.7","SAN FRANCISCO DOWNTOWN, CA US","SOD","","","","","","","","","","","","","","","","","","0528","1850","","","","","","","","","","","","","","","","0.0","","","","","","","","","","","","","","","","","","","","","","","","","","","","","","","","","","","","","","","","","","","","","","","","","","","","","","","","","","","","","","","","","","","","","","","","","","","","","","","","","","",""
"USW00023272","2024-04-21T00:00:00","37.7705","-122.4269","45.7","SAN FRANCISCO DOWNTOWN, CA US","SOD","","","","","","","","","","","","","","","","","","0527","1851","","","","","","","","","","","","","","","","0.0","","","","","","","","","","","","","","","","","","","","","","","","","","","","","","","","","","","","","","","","","","","","","","","","","","","","","","","","","","","","","","","","","","","","","","","","","","","","","","","","","","",""
"USW00023272","2024-04-22T00:00:00","37.7705","-122.4269","45.7","SAN FRANCISCO DOWNTOWN, CA US","SOD","","","","","","","","","","","","","","","","","","0525","1852","","","","","","","","","","","","","","","","0.0","","","","","","","","","","","","","","","","","","","","","","","","","","","","","","","","","","","","","","","","","","","","","","","","","","","","","","","","","","","","","","","","","","","","","","","","","","","","","","","","","","",""
"USW00023272","2024-04-23T00:00:00","37.7705","-122.4269","45.7","SAN FRANCISCO DOWNTOWN, CA US","SOD","","","","","","","","","","","","","","","","","","0524","1853","","","","","","","","","","","","","","","","0.0","","","","","","","","","","","","","","","","","","","","","","","","","","","","","","","","","","","","","","","","","","","","","","","","","","","","","","","","","","","","","","","","","","","","","","","","","","","","","","","","","","",""
"USW00023272","2024-04-24T00:00:00","37.7705","-122.4269","45.7","SAN FRANCISCO DOWNTOWN, CA US","SOD","","","","","","","","","","","","","","","","","","0523","1854","","","","","","","","","","","","","","","","0.0","","","","","","","","","","","","","","","","","","","","","","","","","","","","","","","","","","","","","","","","","","","","","","","","","","","","","","","","","","","","","","","","","","","","","","","","","","","","","","","","","","",""
"USW00023272","2024-04-25T00:00:00","37.7705","-122.4269","45.7","SAN FRANCISCO DOWNTOWN, CA US","SOD","","","","","","","","","","","","","","","","","","0521","1855","","","","","","","","","","","","","","","","0.0","","","","","","","","","","","","","","","","","","","","","","","","","","","","","","","","","","","","","","","","","","","","","","","","","","","","","","","","","","","","","","","","","","","","","","","","","","","","","","","","","","",""
"USW00023272","2024-04-26T00:00:00","37.7705","-122.4269","45.7","SAN FRANCISCO DOWNTOWN, CA US","SOD","","","","","","","","","","","","","","","","","","0520","1855","","","","","","","","","","","","","","","","0.0","","","","","","","","","","","","","","","","","","","","","","","","","","","","","","","","","","","","","","","","","","","","","","","","","","","","","","","","","","","","","","","","","","","","","","","","","","","","","","","","","","",""
"USW00023272","2024-04-27T00:00:00","37.7705","-122.4269","45.7","SAN FRANCISCO DOWNTOWN, CA US","SOD","","","","","","","","","","","","","","","","","","0519","1856","","","","","","","","","","","","","","","","0.0","","","","","","","","","","","","","","","","","","","","","","","","","","","","","","","","","","","","","","","","","","","","","","","","","","","","","","","","","","","","","","","","","","","","","","","","","","","","","","","","","","",""
"USW00023272","2024-04-28T00:00:00","37.7705","-122.4269","45.7","SAN FRANCISCO DOWNTOWN, CA US","SOD","","","","","","","","","","","","","","","","","","0518","1857","","","","","","","","","","","","","","","","0.0","","","","","","","","","","","","","","","","","","","","","","","","","","","","","","","","","","","","","","","","","","","","","","","","","","","","","","","","","","","","","","","","","","","","","","","","","","","","","","","","","","",""
"USW00023272","2024-04-29T00:00:00","37.7705","-122.4269","45.7","SAN FRANCISCO DOWNTOWN, CA US","SOD","","","","","","","","","","","","","","","","","","0517","1858","","","","","","","","","","","","","","","","0.0","","","","","","","","","","","","","","","","","","","","","","","","","","","","","","","","","","","","","","","","","","","","","","","","","","","","","","","","","","","","","","","","","","","","","","","","","","","","","","","","","","",""
"USW00023272","2024-04-30T00:00:00","37.7705","-122.4269","45.7","SAN FRANCISCO DOWNTOWN, CA US","SOD","","","","","","","","","","","","","","","","","","0515","1859","","13.1","","","","","","0","-0.68","5.2","17.2","8.9","","","0.0","0.0","","","","","","","","","","","","","","","","","","","","","","","","","","","","","","","","","","","","","","","","","","","","","","","","","","","","","","","","","","","","","","","","","","","","","","","","","","","","","","","","","","",""
"USW00023272","2024-05-01T00:00:00","37.7705","-122.4269","45.7","SAN FRANCISCO DOWNTOWN, CA US","SOD","","","","","","","","","","","","","","","","","","0514","1900","","14.7","","","","","","0","0.87","3.6","20.0","9.4","","","0.0","0.0","","","","","","","","","","","","","","","","","","","","","","","","","","","","","","","","","","","","","","","","","","","","","","","","","","","","","","","","","","","","","","","","","","","","","","","","","","","","","","","","","","",""
"USW00023272","2024-05-01T00:00:00","37.7705","-122.4269","45.7","SAN FRANCISCO DOWNTOWN, CA US","SOM","","","","","","","","","","","","","","","","","","","","","","","","","","","","","","","","","","","","","","","","","3","1","0","0","0","0","-0.07","-2.33","-0.97","0.29","-0.38","8.4","","23.9","04-04","0","","","","","","","18.12","14.26","","","","10.40","","","26.2","","","","","2.0","","","128.2","","","7.8","232.5","","","","","","","","","","","","","","","","","","","","","","","","","","","","","","","","","","",""
"USW00023272","2024-05-02T00:00:00","37.7705","-122.4269","45.7","SAN FRANCISCO DOWNTOWN, CA US","SOD","","","","","","","","","","","","","","","","","","0513","1901","","14.7","","","","","","0","0.87","3.6","18.3","11.1","","","0.0","0.0","","","","","","","","","","","","","","","","","","","","","","","","","","","","","","","","","","","","","","","","","","","","","","","","","","","","","","","","","","","","","","","","","","","","","","","","","","","","","","","","","","",""
"USW00023272","2024-05-03T00:00:00","37.7705","-122.4269","45.7","SAN FRANCISCO DOWNTOWN, CA US","SOD","","","","","","","","","","","","","","","","","","0512","1902","","15.0","","","","","","0","1.11","3.3","20.0","10.0","","","0.0","0.0","","","","","","","","","","","","","","","","","","","","","","","","","","","","","","","","","","","","","","","","","","","","","","","","","","","","","","","","","","","","","","","","","","","","","","","","","","","","","","","","","","",""
"USW00023272","2024-05-04T00:00:00","37.7705","-122.4269","45.7","SAN FRANCISCO DOWNTOWN, CA US","SOD","","","","","","","","","","","","","","","","","","0511","1903","","10.6","","","","","","0","-3.29","7.7","12.8","8.3","","","23.9","0.0","","","","","","","","","","","","","","","","","","","","","","","","","","","","","","","","","","","","","","","","","","","","","","","","","","","","","","","","","","","","","","","","","","","","","","","","","","","","","","","","","","",""
"USW00023272","2024-05-05T00:00:00","37.7705","-122.4269","45.7","SAN FRANCISCO DOWNTOWN, CA US","SOD","","","","","","","","","","","","","","","","","","0510","1904","","11.1","","","","","","0","-2.79","7.2","13.9","8.3","","","0.0","0.0","","","","","","","","","","","","","","","","","","","","","","","","","","","","","","","","","","","","","","","","","","","","","","","","","","","","","","","","","","","","","","","","","","","","","","","","","","","","","","","","","","",""
"USW00023272","2024-05-06T00:00:00","37.7705","-122.4269","45.7","SAN FRANCISCO DOWNTOWN, CA US","SOD","","","","","","","","","","","","","","","","","","0509","1905","","12.3","","","","","","0","-1.64","6.0","15.6","8.9","","","0.0","0.0","","","","","","","","","","","","","","","","","","","","","","","","","","","","","","","","","","","","","","","","","","","","","","","","","","","","","","","","","","","","","","","","","","","","","","","","","","","","","","","","","","",""
"USW00023272","2024-05-07T00:00:00","37.7705","-122.4269","45.7","SAN FRANCISCO DOWNTOWN, CA US","SOD","","","","","","","","","","","","","","","","","","0508","1905","","13.6","","","","","","0","-0.34","4.7","17.8","9.4","","","0.0","0.0","","","","","","","","","","","","","","","","","","","","","","","","","","","","","","","","","","","","","","","","","","","","","","","","","","","","","","","","","","","","","","","","","","","","","","","","","","","","","","","","","","",""
"USW00023272","2024-05-08T00:00:00","37.7705","-122.4269","45.7","SAN FRANCISCO DOWNTOWN, CA US","SOD","","","","","","","","","","","","","","","","","","0507","1906","","18.4","","","","","","0.1","4.40","0","25.6","11.1","","","0.0","0.0","","","","","","","","","","","","","","","","","","","","","","","","","","","","","","","","","","","","","","","","","","","","","","","","","","","","","","","","","","","","","","","","","","","","","","","","","","","","","","","","","","",""
"USW00023272","2024-05-09T00:00:00","37.7705","-122.4269","45.7","SAN FRANCISCO DOWNTOWN, CA US","SOD","","","","","","","","","","","","","","","","","","0506","1907","","19.7","","","","","","1.4","5.64","0","27.2","12.2","","","0.0","0.0","","","","","","","","","","","","","","","","","","","","","","","","","","","","","","","","","","","","","","","","","","","","","","","","","","","","","","","","","","","","","","","","","","","","","","","","","","","","","","","","","","",""
"USW00023272","2024-05-10T00:00:00","37.7705","-122.4269","45.7","SAN FRANCISCO DOWNTOWN, CA US","SOD","","","","","","","","","","","","","","","","","","0505","1908","","18.9","","","","","","0.6","4.84","0","25.6","12.2","","","0.0","0.0","","","","","","","","","","","","","","","","","","","","","","","","","","","","","","","","","","","","","","","","","","","","","","","","","","","","","","","","","","","","","","","","","","","","","","","","","","","","","","","","","","",""
"USW00023272","2024-05-11T00:00:00","37.7705","-122.4269","45.7","SAN FRANCISCO DOWNTOWN, CA US","SOD","","","","","","","","","","","","","","","","","","0504","1909","","15.0","","","","","","0","0.89","3.3","18.9","11.1","","","0.0","0.0","","","","","","","","","","","","","","","","","","","","","","","","","","","","","","","","","","","","","","","","","","","","","","","","","","","","","","","","","","","","","","","","","","","","","","","","","","","","","","","","","","",""
"USW00023272","2024-05-12T00:00:00","37.7705","-122.4269","45.7","SAN FRANCISCO DOWNTOWN, CA US","SOD","","","","","","","","","","","","","","","","","","0503","1910","","12.8","","","","","","0","-1.31","5.5","15.6","10.0","","","0.0","0.0","","","","","","","","","","","","","","","","","","","","","","","","","","","","","","","","","","","","","","","","","","","","","","","","","","","","","","","","","","","","","","","","","","","","","","","","","","","","","","","","","","",""
"USW00023272","2024-05-13T00:00:00","37.7705","-122.4269","45.7","SAN FRANCISCO DOWNTOWN, CA US","SOD","","","","","","","","","","","","","","","","","","0502","1911","","12.5","","","","","","0","-1.67","5.8","15.0","10.0","","","0.0","0.0","","","","","","","","","","","","","","","","","","","","","","","","","","","","","","","","","","","","","","","","","","","","","","","","","","","","","","","","","","","","","","","","","","","","","","","","","","","","","","","","","","",""
"USW00023272","2024-05-14T00:00:00","37.7705","-122.4269","45.7","SAN FRANCISCO DOWNTOWN, CA US","SOD","","","","","","","","","","","","","","","","","","0501","1912","","13.4","","","","","","0","-0.82","4.9","16.7","10.0","","","0.0","0.0","","","","","","","","","","","","","","","","","","","","","","","","","","","","","","","","","","","","","","","","","","","","","","","","","","","","","","","","","","","","","","","","","","","","","","","","","","","","","","","","","","",""
"USW00023272","2024-05-15T00:00:00","37.7705","-122.4269","45.7","SAN FRANCISCO DOWNTOWN, CA US","SOD","","","","","","","","","","","","","","","","","","0500","1913","","13.4","","","","","","0","-0.82","4.9","16.1","10.6","","","0.0","0.0","","","","","","","","","","","","","","","","","","","","","","","","","","","","","","","","","","","","","","","","","","","","","","","","","","","","","","","","","","","","","","","","","","","","","","","","","","","","","","","","","","",""
"USW00023272","2024-05-16T00:00:00","37.7705","-122.4269","45.7","SAN FRANCISCO DOWNTOWN, CA US","SOD","","","","","","","","","","","","","","","","","","0459","1913","","14.5","","","","","","0","0.22","3.8","17.2","11.7","","","0.0","0.0","","","","","","","","","","","","","","","","","","","","","","","","","","","","","","","","","","","","","","","","","","","","","","","","","","","","","","","","","","","","","","","","","","","","","","","","","","","","","","","","","","",""
"USW00023272","2024-05-17T00:00:00","37.7705","-122.4269","45.7","SAN FRANCISCO DOWNTOWN, CA US","SOD","","","","","","","","","","","","","","","","","","0458","1914","","13.9","","","","","","0","-0.43","4.4","17.2","10.6","","","0.0","0.0","","","","","","","","","","","","","","","","","","","","","","","","","","","","","","","","","","","","","","","","","","","","","","","","","","","","","","","","","","","","","","","","","","","","","","","","","","","","","","","","","","",""
"USW00023272","2024-05-18T00:00:00","37.7705","-122.4269","45.7","SAN FRANCISCO DOWNTOWN, CA US","SOD","","","","","","","","","","","","","","","","","","0458","1915","","14.2","","","","","","0","-0.13","4.1","16.7","11.7","","","0.0","0.0","","","","","","","","","","","","","","","","","","","","","","","","","","","","","","","","","","","","","","","","","","","","","","","","","","","","","","","","","","","","","","","","","","","","","","","","","","","","","","","","","","",""
"USW00023272","2024-05-19T00:00:00","37.7705","-122.4269","45.7","SAN FRANCISCO DOWNTOWN, CA US","SOD","","","","","","","","","","","","","","","","","","0457","1916","","13.7","","","","","","0","-0.69","4.6","16.7","10.6","","","0.0","0.0","","","","","","","","","","","","","","","","","","","","","","","","","","","","","","","","","","","","","","","","","","","","","","","","","","","","","","","","","","","","","","","","","","","","","","","","","","","","","","","","","","",""
"USW00023272","2024-05-20T00:00:00","37.7705","-122.4269","45.7","SAN FRANCISCO DOWNTOWN, CA US","SOD","","","","","","","","","","","","","","","","","","0456","1917","","14.2","","","","","","0","-0.24","4.1","18.3","10.0","","","0.0","0.0","","","","","","","","","","","","","","","","","","","","","","","","","","","","","","","","","","","","","","","","","","","","","","","","","","","","","","","","","","","","","","","","","","","","","","","","","","","","","","","","","","",""
"USW00023272","2024-05-21T00:00:00","37.7705","-122.4269","45.7","SAN FRANCISCO DOWNTOWN, CA US","SOD","","","","","","","","","","","","","","","","","","0455","1918","","15.6","","","","","","0","1.10","2.7","20.6","10.6","","","0.0","0.0","","","","","","","","","","","","","","","","","","","","","","","","","","","","","","","","","","","","","","","","","","","","","","","","","","","","","","","","","","","","","","","","","","","","","","","","","","","","","","","","","","",""
"USW00023272","2024-05-22T00:00:00","37.7705","-122.4269","45.7","SAN FRANCISCO DOWNTOWN, CA US","SOD","","","","","","","","","","","","","","","","","","0455","1918","","15.3","","","","","","0","0.80","3.0","19.4","11.1","","","0.0","0.0","","","","","","","","","","","","","","","","","","","","","","","","","","","","","","","","","","","","","","","","","","","","","","","","","","","","","","","","","","","","","","","","","","","","","","","","","","","","","","","","","","",""
"USW00023272","2024-05-23T00:00:00","37.7705","-122.4269","45.7","SAN FRANCISCO DOWNTOWN, CA US","SOD","","","","","","","","","","","","","","","","","","0454","1919","","13.9","","","","","","0","-0.66","4.4","17.8","10.0","","","0.0","0.0","","","","","","","","","","","","","","","","","","","","","","","","","","","","","","","","","","","","","","","","","","","","","","","","","","","","","","","","","","","","","","","","","","","","","","","","","","","","","","","","","","",""
"USW00023272","2024-05-24T00:00:00","37.7705","-122.4269","45.7","SAN FRANCISCO DOWNTOWN, CA US","SOD","","","","","","","","","","","","","","","","","","0453","1920","","11.4","","","","","","0","-3.21","6.9","13.3","9.4","","","0.5","0.0","","","","","","","","","","","","","","","","","","","","","","","","","","","","","","","","","","","","","","","","","","","","","","","","","","","","","","","","","","","","","","","","","","","","","","","","","","","","","","","","","","",""
"USW00023272","2024-05-25T00:00:00","37.7705","-122.4269","45.7","SAN FRANCISCO DOWNTOWN, CA US","SOD","","","","","","","","","","","","","","","","","","0453","1921","","12.5","","","","","","0","-2.17","5.8","15.0","10.0","","","1.8","0.0","","","","","","","","","","","","","","","","","","","","","","","","","","","","","","","","","","","","","","","","","","","","","","","","","","","","","","","","","","","","","","","","","","","","","","","","","","","","","","","","","","",""
"USW00023272","2024-05-26T00:00:00","37.7705","-122.4269","45.7","SAN FRANCISCO DOWNTOWN, CA US","SOD","","","","","","","","","","","","","","","","","","0452","1922","","13.6","","","","","","0","-1.07","4.7","17.2","10.0","","","0.0","0.0","","","","","","","","","","","","","","","","","","","","","","","","","","","","","","","","","","","","","","","","","","","","","","","","","","","","","","","","","","","","","","","","","","","","","","","","","","","","","","","","","","",""
"USW00023272","2024-05-27T00:00:00","37.7705","-122.4269","45.7","SAN FRANCISCO DOWNTOWN, CA US","SOD","","","","","","","","","","","","","","","","","","0452","1922","","12.2","","","","","","0","-2.52","6.1","14.4","10.0","","","0.0","0.0","","","","","","","","","","","","","","","","","","","","","","","","","","","","","","","","","","","","","","","","","","","","","","","","","","","","","","","","","","","","","","","","","","","","","","","","","","","","","","","","","","",""
"USW00023272","2024-05-28T00:00:00","37.7705","-122.4269","45.7","SAN FRANCISCO DOWNTOWN, CA US","SOD","","","","","","","","","","","","","","","","","","0451","1923","","13.1","","","","","","0","-1.68","5.2","16.1","10.0","","","0.0","0.0","","","","","","","","","","","","","","","","","","","","","","","","","","","","","","","","","","","","","","","","","","","","","","","","","","","","","","","","","","","","","","","","","","","","","","","","","","","","","","","","","","",""
"USW00023272","2024-05-29T00:00:00","37.7705","-122.4269","45.7","SAN FRANCISCO DOWNTOWN, CA US","SOD","","","","","","","","","","","","","","","","","","0451","1924","","15.9","","","","","","0","1.07","2.4","21.1","10.6","","","0.0","0.0","","","","","","","","","","","","","","","","","","","","","","","","","","","","","","","","","","","","","","","","","","","","","","","","","","","","","","","","","","","","","","","","","","","","","","","","","","","","","","","","","","",""
"USW00023272","2024-05-30T00:00:00","37.7705","-122.4269","45.7","SAN FRANCISCO DOWNTOWN, CA US","SOD","","","","","","","","","","","","","","","","","","0450","1924","","16.4","","","","","","0","1.51","1.9","21.1","11.7","","","0.0","0.0","","","","","","","","","","","","","","","","","","","","","","","","","","","","","","","","","","","","","","","","","","","","","","","","","","","","","","","","","","","","","","","","","","","","","","","","","","","","","","","","","","",""
"USW00023272","2024-05-31T00:00:00","37.7705","-122.4269","45.7","SAN FRANCISCO DOWNTOWN, CA US","SOD","","","","","","","","","","","","","","","","","","0450","1925","","16.2","","","","","","0","1.31","2.1","20.6","11.7","","","0.0","0.0","","","","","","","","","","","","","","","","","","","","","","","","","","","","","","","","","","","","","","","","","","","","","","","","","","","","","","","","","","","","","","","","","","","","","","","","","","","","","","","","","","",""
"USW00023272","2024-06-01T00:00:00","37.7705","-122.4269","45.7","SAN FRANCISCO DOWNTOWN, CA US","SOD","","","","","","","","","","","","","","","","","","0449","1926","","13.9","","","","","","0","-1.04","4.4","16.7","11.1","","","0.0","0.0","","","","","","","","","","","","","","","","","","","","","","","","","","","","","","","","","","","","","","","","","","","","","","","","","","","","","","","","","","","","","","","","","","","","","","","","","","","","","","","","","","",""
"USW00023272","2024-06-01T00:00:00","37.7705","-122.4269","45.7","SAN FRANCISCO DOWNTOWN, CA US","SOM","","","","","","","","","","","","","","","","","","","","","","","","","","","","","","","","","","","","","","","","","0","0","0","0","0","0","-0.23","-6.11","-4.81","-0.13","-0.40","-5.1","","0.0","01-01","0","","","","","","","19.04","15.16","","","","11.27","","","0.0","","","","","0.5","","","89.3","","","11.9","169.4","","","","","","","","","","","","","","","","","","","","","","","","","","","","","","","","","","",""
"USW00023272","2024-06-02T00:00:00","37.7705","-122.4269","45.7","SAN FRANCISCO DOWNTOWN, CA US","SOD","","","","","","","","","","","","","","","","","","0449","1927","","13.7","","","","","","0","-1.30","4.6","16.7","10.6","","","0.0","0.0","","","","","","","","","","","","","","","","","","","","","","","","","","","","","","","","","","","","","","","","","","","","","","","","","","","","","","","","","","","","","","","","","","","","","","","","","","","","","","","","","","",""
"USW00023272","2024-06-03T00:00:00","37.7705","-122.4269","45.7","SAN FRANCISCO DOWNTOWN, CA US","SOD","","","","","","","","","","","","","","","","","","0449","1927","","15.0","","","","","","0","-0.06","3.3","17.8","12.2","","","0.0","0.0","","","","","","","","","","","","","","","","","","","","","","","","","","","","","","","","","","","","","","","","","","","","","","","","","","","","","","","","","","","","","","","","","","","","","","","","","","","","","","","","","","",""
"USW00023272","2024-06-04T00:00:00","37.7705","-122.4269","45.7","SAN FRANCISCO DOWNTOWN, CA US","SOD","","","","","","","","","","","","","","","","","","0449","1928","","17.8","","","","","","0","2.74","0.5","23.3","12.2","","","0.0","0.0","","","","","","","","","","","","","","","","","","","","","","","","","","","","","","","","","","","","","","","","","","","","","","","","","","","","","","","","","","","","","","","","","","","","","","","","","","","","","","","","","","",""
"USW00023272","2024-06-05T00:00:00","37.7705","-122.4269","45.7","SAN FRANCISCO DOWNTOWN, CA US","SOD","","","","","","","","","","","","","","","","","","0448","1928","","18.9","","","","","","0.6","3.79","0","24.4","13.3","","","0.0","0.0","","","","","","","","","","","","","","","","","","","","","","","","","","","","","","","","","","","","","","","","","","","","","","","","","","","","","","","","","","","","","","","","","","","","","","","","","","","","","","","","","","",""
"USW00023272","2024-06-06T00:00:00","37.7705","-122.4269","45.7","SAN FRANCISCO DOWNTOWN, CA US","SOD","","","","","","","","","","","","","","","","","","0448","1929","","14.2","","","","","","0","-0.97","4.1","16.7","11.7","","","0.0","0.0","","","","","","","","","","","","","","","","","","","","","","","","","","","","","","","","","","","","","","","","","","","","","","","","","","","","","","","","","","","","","","","","","","","","","","","","","","","","","","","","","","",""
"USW00023272","2024-06-07T00:00:00","37.7705","-122.4269","45.7","SAN FRANCISCO DOWNTOWN, CA US","SOD","","","","","","","","","","","","","","","","","","0448","1930","","14.8","","","","","","0","-0.42","3.5","17.8","11.7","","","0.0","0.0","","","","","","","","","","","","","","","","","","","","","","","","","","","","","","","","","","","","","","","","","","","","","","","","","","","","","","","","","","","","","","","","","","","","","","","","","","","","","","","","","","",""
"USW00023272","2024-06-08T00:00:00","37.7705","-122.4269","45.7","SAN FRANCISCO DOWNTOWN, CA US","SOD","","","","","","","","","","","","","","","","","","0448","1930","","13.9","","","","","","0","-1.32","4.4","16.7","11.1","","","0.0","0.0","","","","","","","","","","","","","","","","","","","","","","","","","","","","","","","","","","","","","","","","","","","","","","","","","","","","","","","","","","","","","","","","","","","","","","","","","","","","","","","","","","",""
"USW00023272","2024-06-09T00:00:00","37.7705","-122.4269","45.7","SAN FRANCISCO DOWNTOWN, CA US","SOD","","","","","","","","","","","","","","","","","","0447","1931","","13.9","","","","","","0","-1.38","4.4","16.7","11.1","","","0.0","0.0","","","","","","","","","","","","","","","","","","","","","","","","","","","","","","","","","","","","","","","","","","","","","","","","","","","","","","","","","","","","","","","","","","","","","","","","","","","","","","","","","","",""
"USW00023272","2024-06-10T00:00:00","37.7705","-122.4269","45.7","SAN FRANCISCO DOWNTOWN, CA US","SOD","","","","","","","","","","","","","","","","","","0447","1931","","14.8","","","","","","0","-0.53","3.5","18.9","10.6","","","0.0","0.0","","","","","","","","","","","","","","","","","","","","","","","","","","","","","","","","","","","","","","","","","","","","","","","","","","","","","","","","","","","","","","","","","","","","","","","","","","","","","","","","","","",""
"USW00023272","2024-06-11T00:00:00","37.7705","-122.4269","45.7","SAN FRANCISCO DOWNTOWN, CA US","SOD","","","","","","","","","","","","","","","","","","0447","1932","","17.5","","","","","","0","2.17","0.8","23.3","11.7","","","0.0","0.0","","","","","","","","","","","","","","","","","","","","","","","","","","","","","","","","","","","","","","","","","","","","","","","","","","","","","","","","","","","","","","","","","","","","","","","","","","","","","","","","","","",""
"USW00023272","2024-06-12T00:00:00","37.7705","-122.4269","45.7","SAN FRANCISCO DOWNTOWN, CA US","SOD","","","","","","","","","","","","","","","","","","0447","1932","","14.5","","","","","","0","-0.89","3.8","17.2","11.7","","","0.0","0.0","","","","","","","","","","","","","","","","","","","","","","","","","","","","","","","","","","","","","","","","","","","","","","","","","","","","","","","","","","","","","","","","","","","","","","","","","","","","","","","","","","",""
"USW00023272","2024-06-13T00:00:00","37.7705","-122.4269","45.7","SAN FRANCISCO DOWNTOWN, CA US","SOD","","","","","","","","","","","","","","","","","","0447","1932","","12.8","","","","","","0","-2.59","5.5","14.4","11.1","","","0.0","0.0","","","","","","","","","","","","","","","","","","","","","","","","","","","","","","","","","","","","","","","","","","","","","","","","","","","","","","","","","","","","","","","","","","","","","","","","","","","","","","","","","","",""
"USW00023272","2024-06-14T00:00:00","37.7705","-122.4269","45.7","SAN FRANCISCO DOWNTOWN, CA US","SOD","","","","","","","","","","","","","","","","","","0447","1933","","14.2","","","","","","0","-1.24","4.1","17.2","11.1","","","0.0","0.0","","","","","","","","","","","","","","","","","","","","","","","","","","","","","","","","","","","","","","","","","","","","","","","","","","","","","","","","","","","","","","","","","","","","","","","","","","","","","","","","","","",""
"USW00023272","2024-06-15T00:00:00","37.7705","-122.4269","45.7","SAN FRANCISCO DOWNTOWN, CA US","SOD","","","","","","","","","","","","","","","","","","0447","1933","","16.4","","","","","","0","0.96","1.9","21.7","11.1","","","0.0","0.0","","","","","","","","","","","","","","","","","","","","","","","","","","","","","","","","","","","","","","","","","","","","","","","","","","","","","","","","","","","","","","","","","","","","","","","","","","","","","","","","","","",""
"USW00023272","2024-06-16T00:00:00","37.7705","-122.4269","45.7","SAN FRANCISCO DOWNTOWN, CA US","SOD","","","","","","","","","","","","","","","","","","0447","1934","","15.6","","","","","","0","0.10","2.7","19.4","11.7","","","0.0","0.0","","","","","","","","","","","","","","","","","","","","","","","","","","","","","","","","","","","","","","","","","","","","","","","","","","","","","","","","","","","","","","","","","","","","","","","","","","","","","","","","","","",""
"USW00023272","2024-06-17T00:00:00","37.7705","-122.4269","45.7","SAN FRANCISCO DOWNTOWN, CA US","SOD","","","","","","","","","","","","","","","","","","0447","1934","","16.1","","","","","","0","0.60","2.2","22.2","10.0","","","0.0","0.0","","","","","","","","","","","","","","","","","","","","","","","","","","","","","","","","","","","","","","","","","","","","","","","","","","","","","","","","","","","","","","","","","","","","","","","","","","","","","","","","","","",""
"USW00023272","2024-06-18T00:00:00","37.7705","-122.4269","45.7","SAN FRANCISCO DOWNTOWN, CA US","SOD","","","","","","","","","","","","","","","","","","0447","1934","","16.7","","","","","","0","1.14","1.6","22.2","11.1","","","0.0","0.0","","","","","","","","","","","","","","","","","","","","","","","","","","","","","","","","","","","","","","","","","","","","","","","","","","","","","","","","","","","","","","","","","","","","","","","","","","","","","","","","","","",""
"USW00023272","2024-06-19T00:00:00","37.7705","-122.4269","45.7","SAN FRANCISCO DOWNTOWN, CA US","SOD","","","","","","","","","","","","","","","","","","0448","1934","","12.5","","","","","","0","-3.06","5.8","14.4","10.6","","","0.0","0.0","","","","","","","","","","","","","","","","","","","","","","","","","","","","","","","","","","","","","","","","","","","","","","","","","","","","","","","","","","","","","","","","","","","","","","","","","","","","","","","","","","",""
"USW00023272","2024-06-20T00:00:00","37.7705","-122.4269","45.7","SAN FRANCISCO DOWNTOWN, CA US","SOD","","","","","","","","","","","","","","","","","","0448","1935","","12.2","","","","","","0","-3.36","6.1","14.4","10.0","","","0.0","0.0","","","","","","","","","","","","","","","","","","","","","","","","","","","","","","","","","","","","","","","","","","","","","","","","","","","","","","","","","","","","","","","","","","","","","","","","","","","","","","","","","","",""
"USW00023272","2024-06-21T00:00:00","37.7705","-122.4269","45.7","SAN FRANCISCO DOWNTOWN, CA US","SOD","","","","","","","","","","","","","","","","","","0448","1935","","15.0","","","","","","0","-0.61","3.3","20.0","10.0","","","0.0","0.0","","","","","","","","","","","","","","","","","","","","","","","","","","","","","","","","","","","","","","","","","","","","","","","","","","","","","","","","","","","","","","","","","","","","","","","","","","","","","","","","","","",""
"USW00023272","2024-06-22T00:00:00","37.7705","-122.4269","45.7","SAN FRANCISCO DOWNTOWN, CA US","SOD","","","","","","","","","","","","","","","","","","0448","1935","","14.8","","","","","","0","-0.81","3.5","18.9","10.6","","","0.0","0.0","","","","","","","","","","","","","","","","","","","","","","","","","","","","","","","","","","","","","","","","","","","","","","","","","","","","","","","","","","","","","","","","","","","","","","","","","","","","","","","","","","",""
"USW00023272","2024-06-23T00:00:00","37.7705","-122.4269","45.7","SAN FRANCISCO DOWNTOWN, CA US","SOD","","","","","","","","","","","","","","","","","","0448","1935","","16.4","","","","","","0","0.79","1.9","20.6","12.2","","","0.0","0.0","","","","","","","","","","","","","","","","","","","","","","","","","","","","","","","","","","","","","","","","","","","","","","","","","","","","","","","","","","","","","","","","","","","","","","","","","","","","","","","","","","",""
"USW00023272","2024-06-24T00:00:00","37.7705","-122.4269","45.7","SAN FRANCISCO DOWNTOWN, CA US","SOD","","","","","","","","","","","","","","","","","","0449","1935","","","","","","","","","","","","11.1","","","0.0","0.0","","","","","","","","","","","","","","","","","","","","","","","","","","","","","","","","","","","","","","","","","","","","","","","","","","","","","","","","","","","","","","","","","","","","","","","","","","","","","","","","","","",""
"USW00023272","2024-06-25T00:00:00","37.7705","-122.4269","45.7","SAN FRANCISCO DOWNTOWN, CA US","SOD","","","","","","","","","","","","","","","","","","0449","1936","","","","","","","","","","","","","","","0.0","0.0","","","","","","","","","","","","","","","","","","","","","","","","","","","","","","","","","","","","","","","","","","","","","","","","","","","","","","","","","","","","","","","","","","","","","","","","","","","","","","","","","","",""
"USW00023272","2024-06-26T00:00:00","37.7705","-122.4269","45.7","SAN FRANCISCO DOWNTOWN, CA US","SOD","","","","","","","","","","","","","","","","","","0449","1936","","13.9","","","","","","0","-1.77","4.4","16.7","11.1","","","0.0","0.0","","","","","","","","","","","","","","","","","","","","","","","","","","","","","","","","","","","","","","","","","","","","","","","","","","","","","","","","","","","","","","","","","","","","","","","","","","","","","","","","","","",""
"USW00023272","2024-06-27T00:00:00","37.7705","-122.4269","45.7","SAN FRANCISCO DOWNTOWN, CA US","SOD","","","","","","","","","","","","","","","","","","0450","1936","","14.5","","","","","","0","-1.17","3.8","18.3","10.6","","","0.0","0.0","","","","","","","","","","","","","","","","","","","","","","","","","","","","","","","","","","","","","","","","","","","","","","","","","","","","","","","","","","","","","","","","","","","","","","","","","","","","","","","","","","",""
"USW00023272","2024-06-28T00:00:00","37.7705","-122.4269","45.7","SAN FRANCISCO DOWNTOWN, CA US","SOD","","","","","","","","","","","","","","","","","","0450","1936","","16.7","","","","","","0","1.03","1.6","22.2","11.1","","","0.0","0.0","","","","","","","","","","","","","","","","","","","","","","","","","","","","","","","","","","","","","","","","","","","","","","","","","","","","","","","","","","","","","","","","","","","","","","","","","","","","","","","","","","",""
"USW00023272","2024-06-29T00:00:00","37.7705","-122.4269","45.7","SAN FRANCISCO DOWNTOWN, CA US","SOD","","","","","","","","","","","","","","","","","","0451","1936","","16.4","","","","","","0","0.73","1.9","21.1","11.7","","","0.0","0.0","","","","","","","","","","","","","","","","","","","","","","","","","","","","","","","","","","","","","","","","","","","","","","","","","","","","","","","","","","","","","","","","","","","","","","","","","","","","","","","","","","",""
"USW00023272","2024-06-30T00:00:00","37.7705","-122.4269","45.7","SAN FRANCISCO DOWNTOWN, CA US","SOD","","","","","","","","","","","","","","","","","","0451","1936","","18.1","","","","","","0","2.43","0.2","23.3","12.8","","","0.0","0.0","","","","","","","","","","","","","","","","","","","","","","","","","","","","","","","","","","","","","","","","","","","","","","","","","","","","","","","","","","","","","","","","","","","","","","","","","","","","","","","","","","",""
"USW00023272","2024-07-01T00:00:00","37.7705","-122.4269","45.7","SAN FRANCISCO DOWNTOWN, CA US","SOD","","","","","","","","","","","","","","","","","","0451","1936","","18.1","","","","","","0","2.43","0.2","23.3","12.8","","","0.0","0.0","","","","","","","","","","","","","","","","","","","","","","","","","","","","","","","","","","","","","","","","","","","","","","","","","","","","","","","","","","","","","","","","","","","","","","","","","","","","","","","","","","",""
"USW00023272","2024-07-01T00:00:00","37.7705","-122.4269","45.7","SAN FRANCISCO DOWNTOWN, CA US","SOM","","","","","","","","","","","","","","","","","","","","","","","","","","","","","","","","","","","","","","","","","1","0","0","0","0","0","0.96","2.04","-26.77","1.33","0.52","0.0","","0.3","30-30","0","","","","","","","20.39","16.68","","","","12.96","","","0.3","","","","","6.1","","57.4","57.4","","","7.3","151.5","","","","","","","","","","","","","","","","","","","","","","","","","","","","","","","","","","",""
"USW00023272","2024-07-02T00:00:00","37.7705","-122.4269","45.7","SAN FRANCISCO DOWNTOWN, CA US","SOD","","","","","","","","","","","","","","","","","","0452","1935","","21.1","","","","","","2.8","5.43","0","28.9","13.3","","","0.0","","","","","","","","","","","","","","","","","","","","","","","","","","","","","","","","","","","","","","","","","","","","","","","","","","","","","","","","","","","","","","","","","","","","","","","","","","","","","","","","","","","",""
"USW00023272","2024-07-03T00:00:00","37.7705","-122.4269","45.7","SAN FRANCISCO DOWNTOWN, CA US","SOD","","","","","","","","","","","","","","","","","","0452","1935","","20.3","","","","","","2.0","4.63","0","25.6","15.0","","","0.0","","","","","","","","","","","","","","","","","","","","","","","","","","","","","","","","","","","","","","","","","","","","","","","","","","","","","","","","","","","","","","","","","","","","","","","","","","","","","","","","","","","",""
"USW00023272","2024-07-04T00:00:00","37.7705","-122.4269","45.7","SAN FRANCISCO DOWNTOWN, CA US","SOD","","","","","","","","","","","","","","","","","","0453","1935","","19.2","","","","","","0.9","3.53","0","25.6","12.8","","","0.0","","","","","","","","","","","","","","","","","","","","","","","","","","","","","","","","","","","","","","","","","","","","","","","","","","","","","","","","","","","","","","","","","","","","","","","","","","","","","","","","","","","",""
"USW00023272","2024-07-05T00:00:00","37.7705","-122.4269","45.7","SAN FRANCISCO DOWNTOWN, CA US","SOD","","","","","","","","","","","","","","","","","","0453","1935","","16.7","","","","","","0","1.03","1.6","21.7","11.7","","","0.0","","","","","","","","","","","","","","","","","","","","","","","","","","","","","","","","","","","","","","","","","","","","","","","","","","","","","","","","","","","","","","","","","","","","","","","","","","","","","","","","","","","",""
"USW00023272","2024-07-06T00:00:00","37.7705","-122.4269","45.7","SAN FRANCISCO DOWNTOWN, CA US","SOD","","","","","","","","","","","","","","","","","","0454","1935","","17.5","","","","","","0","1.83","0.8","21.7","13.3","","","0.0","","","","","","","","","","","","","","","","","","","","","","","","","","","","","","","","","","","","","","","","","","","","","","","","","","","","","","","","","","","","","","","","","","","","","","","","","","","","","","","","","","","",""
"USW00023272","2024-07-07T00:00:00","37.7705","-122.4269","45.7","SAN FRANCISCO DOWNTOWN, CA US","SOD","","","","","","","","","","","","","","","","","","0455","1934","","16.4","","","","","","0","0.73","1.9","19.4","13.3","","","0.0","0.0","","","","","","","","","","","","","","","","","","","","","","","","","","","","","","","","","","","","","","","","","","","","","","","","","","","","","","","","","","","","","","","","","","","","","","","","","","","","","","","","","","",""
"USW00023272","2024-07-08T00:00:00","37.7705","-122.4269","45.7","SAN FRANCISCO DOWNTOWN, CA US","SOD","","","","","","","","","","","","","","","","","","0455","1934","","16.7","","","","","","0","1.03","1.6","20.0","13.3","","","0.0","0.0","","","","","","","","","","","","","","","","","","","","","","","","","","","","","","","","","","","","","","","","","","","","","","","","","","","","","","","","","","","","","","","","","","","","","","","","","","","","","","","","","","",""
"USW00023272","2024-07-09T00:00:00","37.7705","-122.4269","45.7","SAN FRANCISCO DOWNTOWN, CA US","SOD","","","","","","","","","","","","","","","","","","0456","1934","","16.4","","","","","","0","0.73","1.9","18.9","13.9","","","0.0","0.0","","","","","","","","","","","","","","","","","","","","","","","","","","","","","","","","","","","","","","","","","","","","","","","","","","","","","","","","","","","","","","","","","","","","","","","","","","","","","","","","","","",""
"USW00023272","2024-07-10T00:00:00","37.7705","-122.4269","45.7","SAN FRANCISCO DOWNTOWN, CA US","SOD","","","","","","","","","","","","","","","","","","0456","1933","","16.7","","","","","","0","1.03","1.6","20.0","13.3","","","0.0","0.0","","","","","","","","","","","","","","","","","","","","","","","","","","","","","","","","","","","","","","","","","","","","","","","","","","","","","","","","","","","","","","","","","","","","","","","","","","","","","","","","","","",""
"USW00023272","2024-07-11T00:00:00","37.7705","-122.4269","45.7","SAN FRANCISCO DOWNTOWN, CA US","SOD","","","","","","","","","","","","","","","","","","0457","1933","","18.1","","","","","","0","2.43","0.2","23.3","12.8","","","0.0","0.0","","","","","","","","","","","","","","","","","","","","","","","","","","","","","","","","","","","","","","","","","","","","","","","","","","","","","","","","","","","","","","","","","","","","","","","","","","","","","","","","","","",""
"USW00023272","2024-07-12T00:00:00","37.7705","-122.4269","45.7","SAN FRANCISCO DOWNTOWN, CA US","SOD","","","","","","","","","","","","","","","","","","0458","1933","","15.6","","","","","","0","-0.07","2.7","18.9","12.2","","","0.0","0.0","","","","","","","","","","","","","","","","","","","","","","","","","","","","","","","","","","","","","","","","","","","","","","","","","","","","","","","","","","","","","","","","","","","","","","","","","","","","","","","","","","",""
"USW00023272","2024-07-13T00:00:00","37.7705","-122.4269","45.7","SAN FRANCISCO DOWNTOWN, CA US","SOD","","","","","","","","","","","","","","","","","","0458","1932","","15.3","","","","","","0","-0.37","3.0","18.3","12.2","","","0.0","0.0","","","","","","","","","","","","","","","","","","","","","","","","","","","","","","","","","","","","","","","","","","","","","","","","","","","","","","","","","","","","","","","","","","","","","","","","","","","","","","","","","","",""
"USW00023272","2024-07-14T00:00:00","37.7705","-122.4269","45.7","SAN FRANCISCO DOWNTOWN, CA US","SOD","","","","","","","","","","","","","","","","","","0459","1932","","15.8","","","","","","0","0.08","2.5","18.3","13.3","","","0.0","0.0","","","","","","","","","","","","","","","","","","","","","","","","","","","","","","","","","","","","","","","","","","","","","","","","","","","","","","","","","","","","","","","","","","","","","","","","","","","","","","","","","","",""
"USW00023272","2024-07-15T00:00:00","37.7705","-122.4269","45.7","SAN FRANCISCO DOWNTOWN, CA US","SOD","","","","","","","","","","","","","","","","","","0500","1931","","15.8","","","","","","0","0.08","2.5","18.3","13.3","","","0.0","0.0","","","","","","","","","","","","","","","","","","","","","","","","","","","","","","","","","","","","","","","","","","","","","","","","","","","","","","","","","","","","","","","","","","","","","","","","","","","","","","","","","","",""
"USW00023272","2024-07-16T00:00:00","37.7705","-122.4269","45.7","SAN FRANCISCO DOWNTOWN, CA US","SOD","","","","","","","","","","","","","","","","","","0500","1931","","16.4","","","","","","0","0.68","1.9","19.4","13.3","","","0.0","0.0","","","","","","","","","","","","","","","","","","","","","","","","","","","","","","","","","","","","","","","","","","","","","","","","","","","","","","","","","","","","","","","","","","","","","","","","","","","","","","","","","","",""
"USW00023272","2024-07-17T00:00:00","37.7705","-122.4269","45.7","SAN FRANCISCO DOWNTOWN, CA US","SOD","","","","","","","","","","","","","","","","","","0501","1930","","15.6","","","","","","0","-0.12","2.7","18.3","12.8","","","0.0","0.0","","","","","","","","","","","","","","","","","","","","","","","","","","","","","","","","","","","","","","","","","","","","","","","","","","","","","","","","","","","","","","","","","","","","","","","","","","","","","","","","","","",""
"USW00023272","2024-07-18T00:00:00","37.7705","-122.4269","45.7","SAN FRANCISCO DOWNTOWN, CA US","SOD","","","","","","","","","","","","","","","","","","0502","1930","","16.1","","","","","","0","0.38","2.2","18.9","13.3","","","0.0","0.0","","","","","","","","","","","","","","","","","","","","","","","","","","","","","","","","","","","","","","","","","","","","","","","","","","","","","","","","","","","","","","","","","","","","","","","","","","","","","","","","","","",""
"USW00023272","2024-07-19T00:00:00","37.7705","-122.4269","45.7","SAN FRANCISCO DOWNTOWN, CA US","SOD","","","","","","","","","","","","","","","","","","0503","1929","","18.1","","","","","","0","2.38","0.2","23.9","12.2","","","0.0","0.0","","","","","","","","","","","","","","","","","","","","","","","","","","","","","","","","","","","","","","","","","","","","","","","","","","","","","","","","","","","","","","","","","","","","","","","","","","","","","","","","","","",""
"USW00023272","2024-07-20T00:00:00","37.7705","-122.4269","45.7","SAN FRANCISCO DOWNTOWN, CA US","SOD","","","","","","","","","","","","","","","","","","0503","1928","","16.1","","","","","","0","0.38","2.2","20.0","12.2","","","0.0","0.0","","","","","","","","","","","","","","","","","","","","","","","","","","","","","","","","","","","","","","","","","","","","","","","","","","","","","","","","","","","","","","","","","","","","","","","","","","","","","","","","","","",""
"USW00023272","2024-07-21T00:00:00","37.7705","-122.4269","45.7","SAN FRANCISCO DOWNTOWN, CA US","SOD","","","","","","","","","","","","","","","","","","0504","1928","","13.9","","","","","","0","-1.88","4.4","16.1","11.7","","","0.0","0.0","","","","","","","","","","","","","","","","","","","","","","","","","","","","","","","","","","","","","","","","","","","","","","","","","","","","","","","","","","","","","","","","","","","","","","","","","","","","","","","","","","",""
"USW00023272","2024-07-22T00:00:00","37.7705","-122.4269","45.7","SAN FRANCISCO DOWNTOWN, CA US","SOD","","","","","","","","","","","","","","","","","","0505","1927","","15.9","","","","","","0","0.12","2.4","18.9","12.8","","","0.0","0.0","","","","","","","","","","","","","","","","","","","","","","","","","","","","","","","","","","","","","","","","","","","","","","","","","","","","","","","","","","","","","","","","","","","","","","","","","","","","","","","","","","",""
"USW00023272","2024-07-23T00:00:00","37.7705","-122.4269","45.7","SAN FRANCISCO DOWNTOWN, CA US","SOD","","","","","","","","","","","","","","","","","","0506","1926","","17.5","","","","","","0","1.72","0.8","22.8","12.2","","","0.0","0.0","","","","","","","","","","","","","","","","","","","","","","","","","","","","","","","","","","","","","","","","","","","","","","","","","","","","","","","","","","","","","","","","","","","","","","","","","","","","","","","","","","",""
"USW00023272","2024-07-24T00:00:00","37.7705","-122.4269","45.7","SAN FRANCISCO DOWNTOWN, CA US","SOD","","","","","","","","","","","","","","","","","","0506","1925","","18.9","","","","","","0.6","3.12","0","23.3","14.4","","","0.0","0.0","","","","","","","","","","","","","","","","","","","","","","","","","","","","","","","","","","","","","","","","","","","","","","","","","","","","","","","","","","","","","","","","","","","","","","","","","","","","","","","","","","",""
"USW00023272","2024-07-25T00:00:00","37.7705","-122.4269","45.7","SAN FRANCISCO DOWNTOWN, CA US","SOD","","","","","","","","","","","","","","","","","","0507","1925","","17.8","","","","","","0","1.97","0.5","21.7","13.9","","","0.0","0.0","","","","","","","","","","","","","","","","","","","","","","","","","","","","","","","","","","","","","","","","","","","","","","","","","","","","","","","","","","","","","","","","","","","","","","","","","","","","","","","","","","",""
"USW00023272","2024-07-26T00:00:00","37.7705","-122.4269","45.7","SAN FRANCISCO DOWNTOWN, CA US","SOD","","","","","","","","","","","","","","","","","","0508","1924","","15.0","","","","","","0","-0.83","3.3","17.2","12.8","","","0.0","0.0","","","","","","","","","","","","","","","","","","","","","","","","","","","","","","","","","","","","","","","","","","","","","","","","","","","","","","","","","","","","","","","","","","","","","","","","","","","","","","","","","","",""
"USW00023272","2024-07-27T00:00:00","37.7705","-122.4269","45.7","SAN FRANCISCO DOWNTOWN, CA US","SOD","","","","","","","","","","","","","","","","","","0509","1923","","13.6","","","","","","0","-2.29","4.7","15.0","12.2","","","0.0","0.0","","","","","","","","","","","","","","","","","","","","","","","","","","","","","","","","","","","","","","","","","","","","","","","","","","","","","","","","","","","","","","","","","","","","","","","","","","","","","","","","","","",""
"USW00023272","2024-07-28T00:00:00","37.7705","-122.4269","45.7","SAN FRANCISCO DOWNTOWN, CA US","SOD","","","","","","","","","","","","","","","","","","0510","1922","","15.8","","","","","","0","-0.09","2.5","19.4","12.2","","","0.0","0.0","","","","","","","","","","","","","","","","","","","","","","","","","","","","","","","","","","","","","","","","","","","","","","","","","","","","","","","","","","","","","","","","","","","","","","","","","","","","","","","","","","",""
"USW00023272","2024-07-29T00:00:00","37.7705","-122.4269","45.7","SAN FRANCISCO DOWNTOWN, CA US","SOD","","","","","","","","","","","","","","","","","","0511","1921","","14.8","","","","","","0","-1.09","3.5","16.7","12.8","","","0.0","0.0","","","","","","","","","","","","","","","","","","","","","","","","","","","","","","","","","","","","","","","","","","","","","","","","","","","","","","","","","","","","","","","","","","","","","","","","","","","","","","","","","","",""
"USW00023272","2024-07-30T00:00:00","37.7705","-122.4269","45.7","SAN FRANCISCO DOWNTOWN, CA US","SOD","","","","","","","","","","","","","","","","","","0511","1920","","16.1","","","","","","0","0.16","2.2","18.9","13.3","","","0.3","0.0","","","","","","","","","","","","","","","","","","","","","","","","","","","","","","","","","","","","","","","","","","","","","","","","","","","","","","","","","","","","","","","","","","","","","","","","","","","","","","","","","","",""
"USW00023272","2024-07-31T00:00:00","37.7705","-122.4269","45.7","SAN FRANCISCO DOWNTOWN, CA US","SOD","","","","","","","","","","","","","","","","","","0512","1919","","16.4","","","","","","0","0.46","1.9","19.4","13.3","","","0.0","0.0","","","","","","","","","","","","","","","","","","","","","","","","","","","","","","","","","","","","","","","","","","","","","","","","","","","","","","","","","","","","","","","","","","","","","","","","","","","","","","","","","","",""
"USW00023272","2024-08-01T00:00:00","37.7705","-122.4269","45.7","SAN FRANCISCO DOWNTOWN, CA US","SOD","","","","","","","","","","","","","","","","","","0513","1918","","16.4","","","","","","0","0.40","1.9","20.6","12.2","","","0.0","0.0","","","","","","","","","","","","","","","","","","","","","","","","","","","","","","","","","","","","","","","","","","","","","","","","","","","","","","","","","","","","","","","","","","","","","","","","","","","","","","","","","","",""
"USW00023272","2024-08-01T00:00:00","37.7705","-122.4269","45.7","SAN FRANCISCO DOWNTOWN, CA US","SOM","","","","","","","","","","","","","","","","","","","","","","","","","","","","","","","","","","","","","","","","","1","0","0","0","0","0","0.16","-4.74","-9.68","0.33","-0.01","-0.5","","1.0","24","0","","","","","","","20.27","16.66","","","","13.05","","","1.0","","","","","4.2","","113.5","56.1","","","16.1","118.4","","","","","","","","","","","","","","","","","","","","","","","","","","","","","","","","","","",""
"USW00023272","2024-08-02T00:00:00","37.7705","-122.4269","45.7","SAN FRANCISCO DOWNTOWN, CA US","SOD","","","","","","","","","","","","","","","","","","0514","1917","","15.9","","","","","","0","-0.10","2.4","18.9","12.8","","","0.0","0.0","","","","","","","","","","","","","","","","","","","","","","","","","","","","","","","","","","","","","","","","","","","","","","","","","","","","","","","","","","","","","","","","","","","","","","","","","","","","","","","","","","",""
"USW00023272","2024-08-03T00:00:00","37.7705","-122.4269","45.7","SAN FRANCISCO DOWNTOWN, CA US","SOD","","","","","","","","","","","","","","","","","","0515","1916","","17.0","","","","","","0","0.94","1.3","21.1","12.8","","","0.0","0.0","","","","","","","","","","","","","","","","","","","","","","","","","","","","","","","","","","","","","","","","","","","","","","","","","","","","","","","","","","","","","","","","","","","","","","","","","","","","","","","","","","",""
"USW00023272","2024-08-04T00:00:00","37.7705","-122.4269","45.7","SAN FRANCISCO DOWNTOWN, CA US","SOD","","","","","","","","","","","","","","","","","","0516","1915","","14.7","","","","","","0","-1.41","3.6","17.2","12.2","","","0.0","0.0","","","","","","","","","","","","","","","","","","","","","","","","","","","","","","","","","","","","","","","","","","","","","","","","","","","","","","","","","","","","","","","","","","","","","","","","","","","","","","","","","","",""
"USW00023272","2024-08-05T00:00:00","37.7705","-122.4269","45.7","SAN FRANCISCO DOWNTOWN, CA US","SOD","","","","","","","","","","","","","","","","","","0516","1914","","14.2","","","","","","0","-1.91","4.1","16.7","11.7","","","0.0","0.0","","","","","","","","","","","","","","","","","","","","","","","","","","","","","","","","","","","","","","","","","","","","","","","","","","","","","","","","","","","","","","","","","","","","","","","","","","","","","","","","","","",""
"USW00023272","2024-08-06T00:00:00","37.7705","-122.4269","45.7","SAN FRANCISCO DOWNTOWN, CA US","SOD","","","","","","","","","","","","","","","","","","0517","1913","","16.2","","","","","","0","0.03","2.1","20.6","11.7","","","0.0","0.0","","","","","","","","","","","","","","","","","","","","","","","","","","","","","","","","","","","","","","","","","","","","","","","","","","","","","","","","","","","","","","","","","","","","","","","","","","","","","","","","","","",""
"USW00023272","2024-08-07T00:00:00","37.7705","-122.4269","45.7","SAN FRANCISCO DOWNTOWN, CA US","SOD","","","","","","","","","","","","","","","","","","0518","1912","","17.5","","","","","","0","1.33","0.8","22.2","12.8","","","0.0","0.0","","","","","","","","","","","","","","","","","","","","","","","","","","","","","","","","","","","","","","","","","","","","","","","","","","","","","","","","","","","","","","","","","","","","","","","","","","","","","","","","","","",""
"USW00023272","2024-08-08T00:00:00","37.7705","-122.4269","45.7","SAN FRANCISCO DOWNTOWN, CA US","SOD","","","","","","","","","","","","","","","","","","0519","1911","","14.5","","","","","","0","-1.72","3.8","16.7","12.2","","","0.0","0.0","","","","","","","","","","","","","","","","","","","","","","","","","","","","","","","","","","","","","","","","","","","","","","","","","","","","","","","","","","","","","","","","","","","","","","","","","","","","","","","","","","",""
"USW00023272","2024-08-09T00:00:00","37.7705","-122.4269","45.7","SAN FRANCISCO DOWNTOWN, CA US","SOD","","","","","","","","","","","","","","","","","","0520","1910","","14.2","","","","","","0","-2.08","4.1","17.2","11.1","","","0.0","0.0","","","","","","","","","","","","","","","","","","","","","","","","","","","","","","","","","","","","","","","","","","","","","","","","","","","","","","","","","","","","","","","","","","","","","","","","","","","","","","","","","","",""
"USW00023272","2024-08-10T00:00:00","37.7705","-122.4269","45.7","SAN FRANCISCO DOWNTOWN, CA US","SOD","","","","","","","","","","","","","","","","","","0521","1909","","15.6","","","","","","0","-0.68","2.7","18.9","12.2","","","0.0","0.0","","","","","","","","","","","","","","","","","","","","","","","","","","","","","","","","","","","","","","","","","","","","","","","","","","","","","","","","","","","","","","","","","","","","","","","","","","","","","","","","","","",""
"USW00023272","2024-08-11T00:00:00","37.7705","-122.4269","45.7","SAN FRANCISCO DOWNTOWN, CA US","SOD","","","","","","","","","","","","","","","","","","0522","1908","","14.5","","","","","","0","-1.83","3.8","17.2","11.7","","","0.0","0.0","","","","","","","","","","","","","","","","","","","","","","","","","","","","","","","","","","","","","","","","","","","","","","","","","","","","","","","","","","","","","","","","","","","","","","","","","","","","","","","","","","",""
"USW00023272","2024-08-12T00:00:00","37.7705","-122.4269","45.7","SAN FRANCISCO DOWNTOWN, CA US","SOD","","","","","","","","","","","","","","","","","","0522","1906","","14.8","","","","","","0","-1.59","3.5","17.8","11.7","","","0.0","0.0","","","","","","","","","","","","","","","","","","","","","","","","","","","","","","","","","","","","","","","","","","","","","","","","","","","","","","","","","","","","","","","","","","","","","","","","","","","","","","","","","","",""
"USW00023272","2024-08-13T00:00:00","37.7705","-122.4269","45.7","SAN FRANCISCO DOWNTOWN, CA US","SOD","","","","","","","","","","","","","","","","","","0523","1905","","16.7","","","","","","0","0.31","1.6","21.1","12.2","","","0.0","0.0","","","","","","","","","","","","","","","","","","","","","","","","","","","","","","","","","","","","","","","","","","","","","","","","","","","","","","","","","","","","","","","","","","","","","","","","","","","","","","","","","","",""
"USW00023272","2024-08-14T00:00:00","37.7705","-122.4269","45.7","SAN FRANCISCO DOWNTOWN, CA US","SOD","","","","","","","","","","","","","","","","","","0524","1904","","15.3","","","","","","0","-1.14","3.0","18.3","12.2","","","0.0","0.0","","","","","","","","","","","","","","","","","","","","","","","","","","","","","","","","","","","","","","","","","","","","","","","","","","","","","","","","","","","","","","","","","","","","","","","","","","","","","","","","","","",""
"USW00023272","2024-08-15T00:00:00","37.7705","-122.4269","45.7","SAN FRANCISCO DOWNTOWN, CA US","SOD","","","","","","","","","","","","","","","","","","0525","1903","","16.4","","","","","","0","-0.10","1.9","20.6","12.2","","","0.0","0.0","","","","","","","","","","","","","","","","","","","","","","","","","","","","","","","","","","","","","","","","","","","","","","","","","","","","","","","","","","","","","","","","","","","","","","","","","","","","","","","","","","",""
"USW00023272","2024-08-16T00:00:00","37.7705","-122.4269","45.7","SAN FRANCISCO DOWNTOWN, CA US","SOD","","","","","","","","","","","","","","","","","","0526","1901","","17.0","","","","","","0","0.50","1.3","21.1","12.8","","","0.0","0.0","","","","","","","","","","","","","","","","","","","","","","","","","","","","","","","","","","","","","","","","","","","","","","","","","","","","","","","","","","","","","","","","","","","","","","","","","","","","","","","","","","",""
"USW00023272","2024-08-17T00:00:00","37.7705","-122.4269","45.7","SAN FRANCISCO DOWNTOWN, CA US","SOD","","","","","","","","","","","","","","","","","","0527","1900","","18.4","","","","","","0.1","1.84","0","22.8","13.9","","","0.0","0.0","","","","","","","","","","","","","","","","","","","","","","","","","","","","","","","","","","","","","","","","","","","","","","","","","","","","","","","","","","","","","","","","","","","","","","","","","","","","","","","","","","",""
"USW00023272","2024-08-18T00:00:00","37.7705","-122.4269","45.7","SAN FRANCISCO DOWNTOWN, CA US","SOD","","","","","","","","","","","","","","","","","","0528","1859","","16.7","","","","","","0","0.09","1.6","19.4","13.9","","","0.0","0.0","","","","","","","","","","","","","","","","","","","","","","","","","","","","","","","","","","","","","","","","","","","","","","","","","","","","","","","","","","","","","","","","","","","","","","","","","","","","","","","","","","",""
"USW00023272","2024-08-19T00:00:00","37.7705","-122.4269","45.7","SAN FRANCISCO DOWNTOWN, CA US","SOD","","","","","","","","","","","","","","","","","","0529","1857","","16.4","","","","","","0","-0.21","1.9","20.0","12.8","","","0.0","0.0","","","","","","","","","","","","","","","","","","","","","","","","","","","","","","","","","","","","","","","","","","","","","","","","","","","","","","","","","","","","","","","","","","","","","","","","","","","","","","","","","","",""
"USW00023272","2024-08-20T00:00:00","37.7705","-122.4269","45.7","SAN FRANCISCO DOWNTOWN, CA US","SOD","","","","","","","","","","","","","","","","","","0529","1856","","18.1","","","","","","0","1.43","0.2","23.3","12.8","","","0.0","0.0","","","","","","","","","","","","","","","","","","","","","","","","","","","","","","","","","","","","","","","","","","","","","","","","","","","","","","","","","","","","","","","","","","","","","","","","","","","","","","","","","","",""
"USW00023272","2024-08-21T00:00:00","37.7705","-122.4269","45.7","SAN FRANCISCO DOWNTOWN, CA US","SOD","","","","","","","","","","","","","","","","","","0530","1855","","16.7","","","","","","0","0.03","1.6","19.4","13.9","","","0.0","0.0","","","","","","","","","","","","","","","","","","","","","","","","","","","","","","","","","","","","","","","","","","","","","","","","","","","","","","","","","","","","","","","","","","","","","","","","","","","","","","","","","","",""
"USW00023272","2024-08-22T00:00:00","37.7705","-122.4269","45.7","SAN FRANCISCO DOWNTOWN, CA US","SOD","","","","","","","","","","","","","","","","","","0531","1853","","17.5","","","","","","0","0.78","0.8","20.6","14.4","","","0.0","0.0","","","","","","","","","","","","","","","","","","","","","","","","","","","","","","","","","","","","","","","","","","","","","","","","","","","","","","","","","","","","","","","","","","","","","","","","","","","","","","","","","","",""
"USW00023272","2024-08-23T00:00:00","37.7705","-122.4269","45.7","SAN FRANCISCO DOWNTOWN, CA US","SOD","","","","","","","","","","","","","","","","","","0532","1852","","17.5","","","","","","0","0.78","0.8","20.6","14.4","","","0.0","0.0","","","","","","","","","","","","","","","","","","","","","","","","","","","","","","","","","","","","","","","","","","","","","","","","","","","","","","","","","","","","","","","","","","","","","","","","","","","","","","","","","","",""
"USW00023272","2024-08-24T00:00:00","37.7705","-122.4269","45.7","SAN FRANCISCO DOWNTOWN, CA US","SOD","","","","","","","","","","","","","","","","","","0533","1851","","18.9","","","","","","0.6","2.12","0","22.2","15.6","","","1.0","0.0","","","","","","","","","","","","","","","","","","","","","","","","","","","","","","","","","","","","","","","","","","","","","","","","","","","","","","","","","","","","","","","","","","","","","","","","","","","","","","","","","","",""
"USW00023272","2024-08-25T00:00:00","37.7705","-122.4269","45.7","SAN FRANCISCO DOWNTOWN, CA US","SOD","","","","","","","","","","","","","","","","","","0534","1849","","19.2","","","","","","0.9","2.37","0","24.4","13.9","","","0.0","0.0","","","","","","","","","","","","","","","","","","","","","","","","","","","","","","","","","","","","","","","","","","","","","","","","","","","","","","","","","","","","","","","","","","","","","","","","","","","","","","","","","","",""
"USW00023272","2024-08-26T00:00:00","37.7705","-122.4269","45.7","SAN FRANCISCO DOWNTOWN, CA US","SOD","","","","","","","","","","","","","","","","","","0535","1848","","19.8","","","","","","1.5","2.97","0","25.6","13.9","","","0.0","0.0","","","","","","","","","","","","","","","","","","","","","","","","","","","","","","","","","","","","","","","","","","","","","","","","","","","","","","","","","","","","","","","","","","","","","","","","","","","","","","","","","","",""
"USW00023272","2024-08-27T00:00:00","37.7705","-122.4269","45.7","SAN FRANCISCO DOWNTOWN, CA US","SOD","","","","","","","","","","","","","","","","","","0535","1846","","19.7","","","","","","1.4","2.81","0","26.1","13.3","","","0.0","0.0","","","","","","","","","","","","","","","","","","","","","","","","","","","","","","","","","","","","","","","","","","","","","","","","","","","","","","","","","","","","","","","","","","","","","","","","","","","","","","","","","","",""
"USW00023272","2024-08-28T00:00:00","37.7705","-122.4269","45.7","SAN FRANCISCO DOWNTOWN, CA US","SOD","","","","","","","","","","","","","","","","","","0536","1845","","17.0","","","","","","0","0.11","1.3","20.0","13.9","","","0.0","0.0","","","","","","","","","","","","","","","","","","","","","","","","","","","","","","","","","","","","","","","","","","","","","","","","","","","","","","","","","","","","","","","","","","","","","","","","","","","","","","","","","","",""
"USW00023272","2024-08-29T00:00:00","37.7705","-122.4269","45.7","SAN FRANCISCO DOWNTOWN, CA US","SOD","","","","","","","","","","","","","","","","","","0537","1844","","16.7","","","","","","0","-0.19","1.6","19.4","13.9","","","0.0","0.0","","","","","","","","","","","","","","","","","","","","","","","","","","","","","","","","","","","","","","","","","","","","","","","","","","","","","","","","","","","","","","","","","","","","","","","","","","","","","","","","","","",""
"USW00023272","2024-08-30T00:00:00","37.7705","-122.4269","45.7","SAN FRANCISCO DOWNTOWN, CA US","SOD","","","","","","","","","","","","","","","","","","0538","1842","","17.2","","","","","","0","0.26","1.1","19.4","15.0","","","0.0","0.0","","","","","","","","","","","","","","","","","","","","","","","","","","","","","","","","","","","","","","","","","","","","","","","","","","","","","","","","","","","","","","","","","","","","","","","","","","","","","","","","","","",""
"USW00023272","2024-08-31T00:00:00","37.7705","-122.4269","45.7","SAN FRANCISCO DOWNTOWN, CA US","SOD","","","","","","","","","","","","","","","","","","0539","1841","","16.7","","","","","","0","-0.24","1.6","18.9","14.4","","","0.0","0.0","","","","","","","","","","","","","","","","","","","","","","","","","","","","","","","","","","","","","","","","","","","","","","","","","","","","","","","","","","","","","","","","","","","","","","","","","","","","","","","","","","",""
"USW00023272","2024-09-01T00:00:00","37.7705","-122.4269","45.7","SAN FRANCISCO DOWNTOWN, CA US","SOD","","","","","","","","","","","","","","","","","","0540","1839","","17.0","","","","","","0","0.00","1.3","20.0","13.9","","","0.0","0.0","","","","","","","","","","","","","","","","","","","","","","","","","","","","","","","","","","","","","","","","","","","","","","","","","","","","","","","","","","","","","","","","","","","","","","","","","","","","","","","","","","",""
"USW00023272","2024-09-01T00:00:00","37.7705","-122.4269","45.7","SAN FRANCISCO DOWNTOWN, CA US","SOM","","","","","","","","","","","","","","","","","","","","","","","","","","","","","","","","","","","","","","","","","0","0","","","","","","","","","","-2.5","","0.0","30","0","","","","","","","","","","","","","","","0.0","","","","","","","","","","","34.1","97.1","","","","","","","","","","","","","","","","","","","","","","","","","","","","","","","","","","",""
"USW00023272","2024-09-02T00:00:00","37.7705","-122.4269","45.7","SAN FRANCISCO DOWNTOWN, CA US","SOD","","","","","","","","","","","","","","","","","","0540","1838","","17.8","","","","","","0","0.80","0.5","20.6","15.0","","","0.0","0.0","","","","","","","","","","","","","","","","","","","","","","","","","","","","","","","","","","","","","","","","","","","","","","","","","","","","","","","","","","","","","","","","","","","","","","","","","","","","","","","","","","",""
"USW00023272","2024-09-03T00:00:00","37.7705","-122.4269","45.7","SAN FRANCISCO DOWNTOWN, CA US","SOD","","","","","","","","","","","","","","","","","","0541","1836","","21.7","","","","","","3.4","4.70","0","29.4","13.9","","","0.0","0.0","","","","","","","","","","","","","","","","","","","","","","","","","","","","","","","","","","","","","","","","","","","","","","","","","","","","","","","","","","","","","","","","","","","","","","","","","","","","","","","","","","",""
"USW00023272","2024-09-04T00:00:00","37.7705","-122.4269","45.7","SAN FRANCISCO DOWNTOWN, CA US","SOD","","","","","","","","","","","","","","","","","","0542","1835","","17.0","","","","","","0","-0.06","1.3","20.0","13.9","","","0.0","0.0","","","","","","","","","","","","","","","","","","","","","","","","","","","","","","","","","","","","","","","","","","","","","","","","","","","","","","","","","","","","","","","","","","","","","","","","","","","","","","","","","","",""
"USW00023272","2024-09-05T00:00:00","37.7705","-122.4269","45.7","SAN FRANCISCO DOWNTOWN, CA US","SOD","","","","","","","","","","","","","","","","","","0543","1833","","17.0","","","","","","0","-0.06","1.3","21.7","12.2","","","0.0","0.0","","","","","","","","","","","","","","","","","","","","","","","","","","","","","","","","","","","","","","","","","","","","","","","","","","","","","","","","","","","","","","","","","","","","","","","","","","","","","","","","","","",""
"USW00023272","2024-09-06T00:00:00","37.7705","-122.4269","45.7","SAN FRANCISCO DOWNTOWN, CA US","SOD","","","","","","","","","","","","","","","","","","0544","1832","","17.0","","","","","","0","-0.06","1.3","21.1","12.8","","","0.0","0.0","","","","","","","","","","","","","","","","","","","","","","","","","","","","","","","","","","","","","","","","","","","","","","","","","","","","","","","","","","","","","","","","","","","","","","","","","","","","","","","","","","",""
"USW00023272","2024-09-07T00:00:00","37.7705","-122.4269","45.7","SAN FRANCISCO DOWNTOWN, CA US","SOD","","","","","","","","","","","","","","","","","","0545","1830","","15.6","","","","","","0","-1.51","2.7","18.9","12.2","","","0.0","0.0","","","","","","","","","","","","","","","","","","","","","","","","","","","","","","","","","","","","","","","","","","","","","","","","","","","","","","","","","","","","","","","","","","","","","","","","","","","","","","","","","","",""
"USW00023272","2024-09-08T00:00:00","37.7705","-122.4269","45.7","SAN FRANCISCO DOWNTOWN, CA US","SOD","","","","","","","","","","","","","","","","","","0546","1829","","16.4","","","","","","0","-0.71","1.9","21.1","11.7","","","0.0","0.0","","","","","","","","","","","","","","","","","","","","","","","","","","","","","","","","","","","","","","","","","","","","","","","","","","","","","","","","","","","","","","","","","","","","","","","","","","","","","","","","","","",""
"USW00023272","2024-09-09T00:00:00","37.7705","-122.4269","45.7","SAN FRANCISCO DOWNTOWN, CA US","SOD","","","","","","","","","","","","","","","","","","0546","1827","","15.3","","","","","","0","-1.81","3.0","17.8","12.8","","","0.0","0.0","","","","","","","","","","","","","","","","","","","","","","","","","","","","","","","","","","","","","","","","","","","","","","","","","","","","","","","","","","","","","","","","","","","","","","","","","","","","","","","","","","",""
"USW00023272","2024-09-10T00:00:00","37.7705","-122.4269","45.7","SAN FRANCISCO DOWNTOWN, CA US","SOD","","","","","","","","","","","","","","","","","","0547","1826","","15.6","","","","","","0","-1.51","2.7","17.2","13.9","","","0.0","0.0","","","","","","","","","","","","","","","","","","","","","","","","","","","","","","","","","","","","","","","","","","","","","","","","","","","","","","","","","","","","","","","","","","","","","","","","","","","","","","","","","","",""
"USW00023272","2024-09-11T00:00:00","37.7705","-122.4269","45.7","SAN FRANCISCO DOWNTOWN, CA US","SOD","","","","","","","","","","","","","","","","","","0548","1824","","15.9","","","","","","0","-1.27","2.4","18.9","12.8","","","0.0","0.0","","","","","","","","","","","","","","","","","","","","","","","","","","","","","","","","","","","","","","","","","","","","","","","","","","","","","","","","","","","","","","","","","","","","","","","","","","","","","","","","","","",""
"USW00023272","2024-09-12T00:00:00","37.7705","-122.4269","45.7","SAN FRANCISCO DOWNTOWN, CA US","SOD","","","","","","","","","","","","","","","","","","0549","1822","","16.7","","","","","","0","-0.47","1.6","21.7","11.7","","","0.0","0.0","","","","","","","","","","","","","","","","","","","","","","","","","","","","","","","","","","","","","","","","","","","","","","","","","","","","","","","","","","","","","","","","","","","","","","","","","","","","","","","","","","",""
"USW00023272","2024-09-13T00:00:00","37.7705","-122.4269","45.7","SAN FRANCISCO DOWNTOWN, CA US","SOD","","","","","","","","","","","","","","","","","","0550","1821","","17.0","","","","","","0","-0.17","1.3","21.7","12.2","","","0.0","0.0","","","","","","","","","","","","","","","","","","","","","","","","","","","","","","","","","","","","","","","","","","","","","","","","","","","","","","","","","","","","","","","","","","","","","","","","","","","","","","","","","","",""
"USW00023272","2024-09-14T00:00:00","37.7705","-122.4269","45.7","SAN FRANCISCO DOWNTOWN, CA US","SOD","","","","","","","","","","","","","","","","","","0551","1819","","15.0","","","","","","0","-2.17","3.3","17.8","12.2","","","0.0","0.0","","","","","","","","","","","","","","","","","","","","","","","","","","","","","","","","","","","","","","","","","","","","","","","","","","","","","","","","","","","","","","","","","","","","","","","","","","","","","","","","","","",""
"USW00023272","2024-09-15T00:00:00","37.7705","-122.4269","45.7","SAN FRANCISCO DOWNTOWN, CA US","SOD","","","","","","","","","","","","","","","","","","0551","1818","","14.5","","","","","","0","-2.67","3.8","16.7","12.2","","","0.0","0.0","","","","","","","","","","","","","","","","","","","","","","","","","","","","","","","","","","","","","","","","","","","","","","","","","","","","","","","","","","","","","","","","","","","","","","","","","","","","","","","","","","",""
"USW00023272","2024-09-16T00:00:00","37.7705","-122.4269","45.7","SAN FRANCISCO DOWNTOWN, CA US","SOD","","","","","","","","","","","","","","","","","","0552","1816","","15.8","","","","","","0","-1.42","2.5","19.4","12.2","","","0.0","0.0","","","","","","","","","","","","","","","","","","","","","","","","","","","","","","","","","","","","","","","","","","","","","","","","","","","","","","","","","","","","","","","","","","","","","","","","","","","","","","","","","","",""
"USW00023272","2024-09-17T00:00:00","37.7705","-122.4269","45.7","SAN FRANCISCO DOWNTOWN, CA US","SOD","","","","","","","","","","","","","","","","","","0553","1815","","14.5","","","","","","0","-2.72","3.8","16.1","12.8","","","0.0","0.0","","","","","","","","","","","","","","","","","","","","","","","","","","","","","","","","","","","","","","","","","","","","","","","","","","","","","","","","","","","","","","","","","","","","","","","","","","","","","","","","","","",""
"USW00023272","2024-09-18T00:00:00","37.7705","-122.4269","45.7","SAN FRANCISCO DOWNTOWN, CA US","SOD","","","","","","","","","","","","","","","","","","0554","1813","","16.7","","","","","","0","-0.52","1.6","20.6","12.8","","","0.0","0.0","","","","","","","","","","","","","","","","","","","","","","","","","","","","","","","","","","","","","","","","","","","","","","","","","","","","","","","","","","","","","","","","","","","","","","","","","","","","","","","","","","",""
"USW00023272","2024-09-19T00:00:00","37.7705","-122.4269","45.7","SAN FRANCISCO DOWNTOWN, CA US","SOD","","","","","","","","","","","","","","","","","","0555","1812","","14.7","","","","","","0","-2.52","3.6","17.2","12.2","","","0.0","0.0","","","","","","","","","","","","","","","","","","","","","","","","","","","","","","","","","","","","","","","","","","","","","","","","","","","","","","","","","","","","","","","","","","","","","","","","","","","","","","","","","","",""
"USW00023272","2024-09-20T00:00:00","37.7705","-122.4269","45.7","SAN FRANCISCO DOWNTOWN, CA US","SOD","","","","","","","","","","","","","","","","","","0556","1810","","15.6","","","","","","0","-1.62","2.7","18.3","12.8","","","0.0","0.0","","","","","","","","","","","","","","","","","","","","","","","","","","","","","","","","","","","","","","","","","","","","","","","","","","","","","","","","","","","","","","","","","","","","","","","","","","","","","","","","","","",""
"USW00023272","2024-09-21T00:00:00","37.7705","-122.4269","45.7","SAN FRANCISCO DOWNTOWN, CA US","SOD","","","","","","","","","","","","","","","","","","0557","1808","","15.6","","","","","","0","-1.62","2.7","18.3","12.8","","","0.0","0.0","","","","","","","","","","","","","","","","","","","","","","","","","","","","","","","","","","","","","","","","","","","","","","","","","","","","","","","","","","","","","","","","","","","","","","","","","","","","","","","","","","",""
"USW00023272","2024-09-22T00:00:00","37.7705","-122.4269","45.7","SAN FRANCISCO DOWNTOWN, CA US","SOD","","","","","","","","","","","","","","","","","","0557","1807","","16.4","","","","","","0","-0.82","1.9","20.6","12.2","","","0.0","0.0","","","","","","","","","","","","","","","","","","","","","","","","","","","","","","","","","","","","","","","","","","","","","","","","","","","","","","","","","","","","","","","","","","","","","","","","","","","","","","","","","","",""
"USW00023272","2024-09-23T00:00:00","37.7705","-122.4269","45.7","SAN FRANCISCO DOWNTOWN, CA US","SOD","","","","","","","","","","","","","","","","","","0558","1805","","21.7","","","","","","3.4","4.48","0","31.7","11.7","","","0.0","0.0","","","","","","","","","","","","","","","","","","","","","","","","","","","","","","","","","","","","","","","","","","","","","","","","","","","","","","","","","","","","","","","","","","","","","","","","","","","","","","","","","","",""
"USW00023272","2024-09-24T00:00:00","37.7705","-122.4269","45.7","SAN FRANCISCO DOWNTOWN, CA US","SOD","","","","","","","","","","","","","","","","","","0559","1804","","19.2","","","","","","0.9","1.98","0","23.9","14.4","","","0.0","0.0","","","","","","","","","","","","","","","","","","","","","","","","","","","","","","","","","","","","","","","","","","","","","","","","","","","","","","","","","","","","","","","","","","","","","","","","","","","","","","","","","","",""
"USW00023272","2024-09-25T00:00:00","37.7705","-122.4269","45.7","SAN FRANCISCO DOWNTOWN, CA US","SOD","","","","","","","","","","","","","","","","","","0600","1802","","15.8","","","","","","0","-1.42","2.5","18.3","13.3","","","0.0","0.0","","","","","","","","","","","","","","","","","","","","","","","","","","","","","","","","","","","","","","","","","","","","","","","","","","","","","","","","","","","","","","","","","","","","","","","","","","","","","","","","","","",""
"USW00023272","2024-10-01T00:00:00","37.7705","-122.4269","45.7","SAN FRANCISCO DOWNTOWN, CA US","SOD","","","","","","","","","","","","","","","","","","0605","1753","","26.1","","","","","","7.8","8.88","0","34.4","17.8","","","0.0","0.0","","","","","","","","","","","","","","","","","","","","","","","","","","","","","","","","","","","","","","","","","","","","","","","","","","","","","","","","","","","","","","","","","","","","","","","","","","","","","","","","","","",""
"USW00023272","2024-10-02T00:00:00","37.7705","-122.4269","45.7","SAN FRANCISCO DOWNTOWN, CA US","SOD","","","","","","","","","","","","","","","","","","0606","1751","","26.1","","","","","","7.8","8.88","0","35.0","17.2","","","0.0","0.0","","","","","","","","","","","","","","","","","","","","","","","","","","","","","","","","","","","","","","","","","","","","","","","","","","","","","","","","","","","","","","","","","","","","","","","","","","","","","","","","","","",""
"USW00023272","2024-10-03T00:00:00","37.7705","-122.4269","45.7","SAN FRANCISCO DOWNTOWN, CA US","SOD","","","","","","","","","","","","","","","","","","0607","1750","","21.4","","","","","","3.1","4.18","0","27.8","15.0","","","0.0","0.0","","","","","","","","","","","","","","","","","","","","","","","","","","","","","","","","","","","","","","","","","","","","","","","","","","","","","","","","","","","","","","","","","","","","","","","","","","","","","","","","","","",""
"USW00023272","2024-10-04T00:00:00","37.7705","-122.4269","45.7","SAN FRANCISCO DOWNTOWN, CA US","SOD","","","","","","","","","","","","","","","","","","0608","1748","","21.1","","","","","","2.8","3.88","0","27.8","14.4","","","0.0","0.0","","","","","","","","","","","","","","","","","","","","","","","","","","","","","","","","","","","","","","","","","","","","","","","","","","","","","","","","","","","","","","","","","","","","","","","","","","","","","","","","","","",""
"USW00023272","2024-10-05T00:00:00","37.7705","-122.4269","45.7","SAN FRANCISCO DOWNTOWN, CA US","SOD","","","","","","","","","","","","","","","","","","0609","1747","","26.7","","","","","","8.4","9.53","0","35.0","18.3","","","0.0","0.0","","","","","","","","","","","","","","","","","","","","","","","","","","","","","","","","","","","","","","","","","","","","","","","","","","","","","","","","","","","","","","","","","","","","","","","","","","","","","","","","","","",""
"USW00023272","2024-10-06T00:00:00","37.7705","-122.4269","45.7","SAN FRANCISCO DOWNTOWN, CA US","SOD","","","","","","","","","","","","","","","","","","0610","1745","","28.4","","","","","","10.1","11.23","0","36.1","20.6","","","0.0","0.0","","","","","","","","","","","","","","","","","","","","","","","","","","","","","","","","","","","","","","","","","","","","","","","","","","","","","","","","","","","","","","","","","","","","","","","","","","","","","","","","","","",""
"USW00023272","2024-10-07T00:00:00","37.7705","-122.4269","45.7","SAN FRANCISCO DOWNTOWN, CA US","SOD","","","","","","","","","","","","","","","","","","0611","1744","","25.0","","","","","","6.7","7.83","0","33.3","16.7","","","0.0","0.0","","","","","","","","","","","","","","","","","","","","","","","","","","","","","","","","","","","","","","","","","","","","","","","","","","","","","","","","","","","","","","","","","","","","","","","","","","","","","","","","","","",""
"USW00023272","2024-10-08T00:00:00","37.7705","-122.4269","45.7","SAN FRANCISCO DOWNTOWN, CA US","SOD","","","","","","","","","","","","","","","","","","0611","1742","","17.8","","","","","","0","0.69","0.5","22.2","13.3","","","0.0","0.0","","","","","","","","","","","","","","","","","","","","","","","","","","","","","","","","","","","","","","","","","","","","","","","","","","","","","","","","","","","","","","","","","","","","","","","","","","","","","","","","","","",""
"USW00023272","2024-10-09T00:00:00","37.7705","-122.4269","45.7","SAN FRANCISCO DOWNTOWN, CA US","SOD","","","","","","","","","","","","","","","","","","0612","1741","","15.0","","","","","","0","-2.11","3.3","17.2","12.8","","","0.0","0.0","","","","","","","","","","","","","","","","","","","","","","","","","","","","","","","","","","","","","","","","","","","","","","","","","","","","","","","","","","","","","","","","","","","","","","","","","","","","","","","","","","",""
"USW00023272","2024-10-10T00:00:00","37.7705","-122.4269","45.7","SAN FRANCISCO DOWNTOWN, CA US","SOD","","","","","","","","","","","","","","","","","","0613","1740","","15.3","","","","","","0","-1.76","3.0","18.3","12.2","","","0.0","0.0","","","","","","","","","","","","","","","","","","","","","","","","","","","","","","","","","","","","","","","","","","","","","","","","","","","","","","","","","","","","","","","","","","","","","","","","","","","","","","","","","","",""
"USW00023272","2024-10-11T00:00:00","37.7705","-122.4269","45.7","SAN FRANCISCO DOWNTOWN, CA US","SOD","","","","","","","","","","","","","","","","","","0614","1738","","15.3","","","","","","0","-1.76","3.0","18.3","12.2","","","0.0","0.0","","","","","","","","","","","","","","","","","","","","","","","","","","","","","","","","","","","","","","","","","","","","","","","","","","","","","","","","","","","","","","","","","","","","","","","","","","","","","","","","","","",""
"USW00023272","2024-10-12T00:00:00","37.7705","-122.4269","45.7","SAN FRANCISCO DOWNTOWN, CA US","SOD","","","","","","","","","","","","","","","","","","0615","1737","","18.1","","","","","","0","1.10","0.2","21.7","14.4","","","0.0","0.0","","","","","","","","","","","","","","","","","","","","","","","","","","","","","","","","","","","","","","","","","","","","","","","","","","","","","","","","","","","","","","","","","","","","","","","","","","","","","","","","","","",""
"USW00023272","2024-10-13T00:00:00","37.7705","-122.4269","45.7","SAN FRANCISCO DOWNTOWN, CA US","SOD","","","","","","","","","","","","","","","","","","0616","1735","","18.1","","","","","","0","1.10","0.2","22.2","13.9","","","0.0","0.0","","","","","","","","","","","","","","","","","","","","","","","","","","","","","","","","","","","","","","","","","","","","","","","","","","","","","","","","","","","","","","","","","","","","","","","","","","","","","","","","","","",""
"USW00023272","2024-10-14T00:00:00","37.7705","-122.4269","45.7","SAN FRANCISCO DOWNTOWN, CA US","SOD","","","","","","","","","","","","","","","","","","0617","1734","","15.0","","","","","","0","-1.94","3.3","17.2","12.8","","","0.0","0.0","","","","","","","","","","","","","","","","","","","","","","","","","","","","","","","","","","","","","","","","","","","","","","","","","","","","","","","","","","","","","","","","","","","","","","","","","","","","","","","","","","",""
"USW00023272","2024-10-15T00:00:00","37.7705","-122.4269","45.7","SAN FRANCISCO DOWNTOWN, CA US","SOD","","","","","","","","","","","","","","","","","","0618","1732","","16.4","","","","","","0","-0.49","1.9","20.0","12.8","","","0.0","0.0","","","","","","","","","","","","","","","","","","","","","","","","","","","","","","","","","","","","","","","","","","","","","","","","","","","","","","","","","","","","","","","","","","","","","","","","","","","","","","","","","","",""
"USW00023272","2024-10-16T00:00:00","37.7705","-122.4269","45.7","SAN FRANCISCO DOWNTOWN, CA US","SOD","","","","","","","","","","","","","","","","","","0619","1731","","15.6","","","","","","0","-1.23","2.7","17.2","13.9","","","0.0","0.0","","","","","","","","","","","","","","","","","","","","","","","","","","","","","","","","","","","","","","","","","","","","","","","","","","","","","","","","","","","","","","","","","","","","","","","","","","","","","","","","","","",""
"USW00023272","2024-10-17T00:00:00","37.7705","-122.4269","45.7","SAN FRANCISCO DOWNTOWN, CA US","SOD","","","","","","","","","","","","","","","","","","0620","1730","","15.9","","","","","","0","-0.88","2.4","18.9","12.8","","","0.0","0.0","","","","","","","","","","","","","","","","","","","","","","","","","","","","","","","","","","","","","","","","","","","","","","","","","","","","","","","","","","","","","","","","","","","","","","","","","","","","","","","","","","",""
"USW00023272","2024-10-18T00:00:00","37.7705","-122.4269","45.7","SAN FRANCISCO DOWNTOWN, CA US","SOD","","","","","","","","","","","","","","","","","","0621","1728","","18.9","","","","","","0.6","2.12","0","22.8","15.0","","","0.0","0.0","","","","","","","","","","","","","","","","","","","","","","","","","","","","","","","","","","","","","","","","","","","","","","","","","","","","","","","","","","","","","","","","","","","","","","","","","","","","","","","","","","",""
"USW00023272","2024-10-19T00:00:00","37.7705","-122.4269","45.7","SAN FRANCISCO DOWNTOWN, CA US","SOD","","","","","","","","","","","","","","","","","","0622","1727","","20.0","","","","","","1.7","3.28","0","26.1","13.9","","","0.0","0.0","","","","","","","","","","","","","","","","","","","","","","","","","","","","","","","","","","","","","","","","","","","","","","","","","","","","","","","","","","","","","","","","","","","","","","","","","","","","","","","","","","",""
"USW00023272","2024-10-20T00:00:00","37.7705","-122.4269","45.7","SAN FRANCISCO DOWNTOWN, CA US","SOD","","","","","","","","","","","","","","","","","","0623","1726","","19.5","","","","","","1.2","2.83","0","25.6","13.3","","","0.0","0.0","","","","","","","","","","","","","","","","","","","","","","","","","","","","","","","","","","","","","","","","","","","","","","","","","","","","","","","","","","","","","","","","","","","","","","","","","","","","","","","","","","",""
